"_attachments","_etag","_rid","_self","_ts","ambientTemperature","batteryAdcVoltage","batteryLevel","dataTransferIsOngoing","hmtTemperature","humidity","hydraulicBalancingIsEffective","id","isDirectMotorControlActive","isMotorCalibrated","motorPosition","motorPositionConstraint","publishedAt","rawAmbientTemperature","rotaryEncoder","targetTemperature","targetTemperatureLevel","targetTemperatureTag","taxonomyItemId","tegVoltage","thermostatId","valveOpenness"
attachments/,"""0b009aa7-0000-0d00-0000-6804b6230000""",LHocAPPPqmUD6SkAAAAAAA==,dbs/LHocAA==/colls/LHocAPPPqmU=/docs/LHocAPPPqmUD6SkAAAAAAA==/,1745139235,24.5,,,false,,43,false,8c1f64ddb0000155-20250420084624970177,false,true,0,750,2025-04-20T08:46:24.970177Z,29.4,,6,0,1,da8b1f31-b35d-4329-875c-d1e8c3f39f55,0.150,8c1f64ddb0000155,0
attachments/,"""0b009ba7-0000-0d00-0000-6804b6230000""",LHocAPPPqmUE6SkAAAAAAA==,dbs/LHocAA==/colls/LHocAPPPqmU=/docs/LHocAPPPqmUE6SkAAAAAAA==/,1745139235,24.6,,,false,32.2,44,false,8c1f64ddb0000155-20250420085354970177,false,true,0,750,2025-04-20T08:53:54.970177Z,29,,6,0,1,da8b1f31-b35d-4329-875c-d1e8c3f39f55,0.130,8c1f64ddb0000155,0
attachments/,"""0b009fa7-0000-0d00-0000-6804b6230000""",LHocAPPPqmUI6SkAAAAAAA==,dbs/LHocAA==/colls/LHocAPPPqmU=/docs/LHocAPPPqmUI6SkAAAAAAA==/,1745139235,24.6,,,false,,43,false,8c1f64ddb0000155-20250420084854970177,false,true,0,750,2025-04-20T08:48:54.970177Z,29.3,,6,0,1,da8b1f31-b35d-4329-875c-d1e8c3f39f55,0.140,8c1f64ddb0000155,0
attachments/,"""0b00a0a7-0000-0d00-0000-6804b6230000""",LHocAPPPqmUJ6SkAAAAAAA==,dbs/LHocAA==/colls/LHocAPPPqmU=/docs/LHocAPPPqmUJ6SkAAAAAAA==/,1745139235,24.6,,,false,,44,false,8c1f64ddb0000155-20250420085124970177,false,true,0,750,2025-04-20T08:51:24.970177Z,29.2,,6,0,1,da8b1f31-b35d-4329-875c-d1e8c3f39f55,0.140,8c1f64ddb0000155,0
attachments/,"""0b00aca8-0000-0d00-0000-6804b87d0000""",LHocAPPPqmWW6SkAAAAAAA==,dbs/LHocAA==/colls/LHocAPPPqmU=/docs/LHocAPPPqmWW6SkAAAAAAA==/,1745139837,24.6,2.97,0,false,,45,false,8c1f64ddb0000155-20250420085856959503,false,true,0,750,2025-04-20T08:58:56.959503Z,28.7,0,6,0,1,da8b1f31-b35d-4329-875c-d1e8c3f39f55,0.120,8c1f64ddb0000155,0
attachments/,"""0b00ada8-0000-0d00-0000-6804b87d0000""",LHocAPPPqmWX6SkAAAAAAA==,dbs/LHocAA==/colls/LHocAPPPqmU=/docs/LHocAPPPqmWX6SkAAAAAAA==/,1745139837,24.6,2.97,0,false,,44,false,8c1f64ddb0000155-20250420085626959503,false,true,0,750,2025-04-20T08:56:26.959503Z,28.8,0,6,0,1,da8b1f31-b35d-4329-875c-d1e8c3f39f55,0.130,8c1f64ddb0000155,0
attachments/,"""0b00aea8-0000-0d00-0000-6804b87d0000""",LHocAPPPqmWY6SkAAAAAAA==,dbs/LHocAA==/colls/LHocAPPPqmU=/docs/LHocAPPPqmWY6SkAAAAAAA==/,1745139837,24.7,2.97,0,false,,45,false,8c1f64ddb0000155-20250420090126959503,false,true,0,750,2025-04-20T09:01:26.959503Z,28.6,0,6,0,1,da8b1f31-b35d-4329-875c-d1e8c3f39f55,0.120,8c1f64ddb0000155,0
attachments/,"""0b00afa8-0000-0d00-0000-6804b87d0000""",LHocAPPPqmWZ6SkAAAAAAA==,dbs/LHocAA==/colls/LHocAPPPqmU=/docs/LHocAPPPqmWZ6SkAAAAAAA==/,1745139837,24.7,2.97,0,false,31.2,45,false,8c1f64ddb0000155-20250420090356959503,false,true,0,750,2025-04-20T09:03:56.959503Z,28.5,0,6,0,1,da8b1f31-b35d-4329-875c-d1e8c3f39f55,0.120,8c1f64ddb0000155,0
attachments/,"""0b00baa8-0000-0d00-0000-6804b8890000""",LHocAPPPqmWa6SkAAAAAAA==,dbs/LHocAA==/colls/LHocAPPPqmU=/docs/LHocAPPPqmWa6SkAAAAAAA==/,1745139849,,,,false,,,false,8c1f64ddb0000155-20250420090409475862,false,true,0,,2025-04-20T09:04:09.475862Z,,,6,0,1,da8b1f31-b35d-4329-875c-d1e8c3f39f55,,8c1f64ddb0000155,0
attachments/,"""0b0051ac-0000-0d00-0000-6804bad50000""",LHocAPPPqmUn6ikAAAAAAA==,dbs/LHocAA==/colls/LHocAPPPqmU=/docs/LHocAPPPqmUn6ikAAAAAAA==/,1745140437,24.7,,,false,,46,false,8c1f64ddb0000155-20250420090627149396,false,true,0,750,2025-04-20T09:06:27.149396Z,28.3,,6,0,1,da8b1f31-b35d-4329-875c-d1e8c3f39f55,0.110,8c1f64ddb0000155,0
attachments/,"""0b0052ac-0000-0d00-0000-6804bad50000""",LHocAPPPqmUo6ikAAAAAAA==,dbs/LHocAA==/colls/LHocAPPPqmU=/docs/LHocAPPPqmUo6ikAAAAAAA==/,1745140437,24.7,,,false,,46,false,8c1f64ddb0000155-20250420090857149396,false,true,0,750,2025-04-20T09:08:57.149396Z,28.2,,6,0,1,da8b1f31-b35d-4329-875c-d1e8c3f39f55,0.110,8c1f64ddb0000155,0
attachments/,"""0b0053ac-0000-0d00-0000-6804bad50000""",LHocAPPPqmUp6ikAAAAAAA==,dbs/LHocAA==/colls/LHocAPPPqmU=/docs/LHocAPPPqmUp6ikAAAAAAA==/,1745140437,24.7,,,false,,46,false,8c1f64ddb0000155-20250420091127149396,false,true,0,750,2025-04-20T09:11:27.149396Z,28.1,,6,0,1,da8b1f31-b35d-4329-875c-d1e8c3f39f55,0.110,8c1f64ddb0000155,0
attachments/,"""0b0054ac-0000-0d00-0000-6804bad50000""",LHocAPPPqmUq6ikAAAAAAA==,dbs/LHocAA==/colls/LHocAPPPqmU=/docs/LHocAPPPqmUq6ikAAAAAAA==/,1745140437,24.8,,,false,30.4,47,false,8c1f64ddb0000155-20250420091357149396,false,true,0,750,2025-04-20T09:13:57.149396Z,27.9,,6,0,1,da8b1f31-b35d-4329-875c-d1e8c3f39f55,0.100,8c1f64ddb0000155,0
attachments/,"""0b003eaf-0000-0d00-0000-6804bd2d0000""",LHocAPPPqmW36ikAAAAAAA==,dbs/LHocAA==/colls/LHocAPPPqmU=/docs/LHocAPPPqmW36ikAAAAAAA==/,1745141037,24.8,,,false,,48,false,8c1f64ddb0000155-20250420092126851440,false,true,0,750,2025-04-20T09:21:26.851440Z,27.6,,6,0,1,da8b1f31-b35d-4329-875c-d1e8c3f39f55,0.100,8c1f64ddb0000155,0
attachments/,"""0b003faf-0000-0d00-0000-6804bd2d0000""",LHocAPPPqmW46ikAAAAAAA==,dbs/LHocAA==/colls/LHocAPPPqmU=/docs/LHocAPPPqmW46ikAAAAAAA==/,1745141037,24.8,,,false,,47,false,8c1f64ddb0000155-20250420091626851440,false,true,0,750,2025-04-20T09:16:26.851440Z,27.8,,6,0,1,da8b1f31-b35d-4329-875c-d1e8c3f39f55,0.100,8c1f64ddb0000155,0
attachments/,"""0b0040af-0000-0d00-0000-6804bd2d0000""",LHocAPPPqmW56ikAAAAAAA==,dbs/LHocAA==/colls/LHocAPPPqmU=/docs/LHocAPPPqmW56ikAAAAAAA==/,1745141037,24.8,,,false,29.8,48,false,8c1f64ddb0000155-20250420092356851440,false,true,0,750,2025-04-20T09:23:56.851440Z,27.5,,6,0,1,da8b1f31-b35d-4329-875c-d1e8c3f39f55,0.0900,8c1f64ddb0000155,0
attachments/,"""0b0041af-0000-0d00-0000-6804bd2d0000""",LHocAPPPqmW66ikAAAAAAA==,dbs/LHocAA==/colls/LHocAPPPqmU=/docs/LHocAPPPqmW66ikAAAAAAA==/,1745141037,24.8,,,false,,47,false,8c1f64ddb0000155-20250420091856851440,false,true,0,750,2025-04-20T09:18:56.851440Z,27.8,,6,0,1,da8b1f31-b35d-4329-875c-d1e8c3f39f55,0.100,8c1f64ddb0000155,0
attachments/,"""0b00c6b0-0000-0d00-0000-6804bf830000""",LHocAPPPqmVH6ykAAAAAAA==,dbs/LHocAA==/colls/LHocAPPPqmU=/docs/LHocAPPPqmVH6ykAAAAAAA==/,1745141635,24.8,2.97,0,false,,48,false,8c1f64ddb0000155-20250420092624993761,false,true,0,750,2025-04-20T09:26:24.993761Z,27.4,0,6,0,1,da8b1f31-b35d-4329-875c-d1e8c3f39f55,0.0900,8c1f64ddb0000155,0
attachments/,"""0b00c7b0-0000-0d00-0000-6804bf830000""",LHocAPPPqmVI6ykAAAAAAA==,dbs/LHocAA==/colls/LHocAPPPqmU=/docs/LHocAPPPqmVI6ykAAAAAAA==/,1745141635,24.8,2.97,0,false,29.3,49,false,8c1f64ddb0000155-20250420093354993761,false,true,0,750,2025-04-20T09:33:54.993761Z,27.2,0,6,0,1,da8b1f31-b35d-4329-875c-d1e8c3f39f55,0.0900,8c1f64ddb0000155,0
attachments/,"""0b00c8b0-0000-0d00-0000-6804bf830000""",LHocAPPPqmVJ6ykAAAAAAA==,dbs/LHocAA==/colls/LHocAPPPqmU=/docs/LHocAPPPqmVJ6ykAAAAAAA==/,1745141635,24.8,2.97,0,false,,48,false,8c1f64ddb0000155-20250420092854993761,false,true,0,750,2025-04-20T09:28:54.993761Z,27.4,0,6,0,1,da8b1f31-b35d-4329-875c-d1e8c3f39f55,0.0900,8c1f64ddb0000155,0
attachments/,"""0b00c9b0-0000-0d00-0000-6804bf830000""",LHocAPPPqmVK6ykAAAAAAA==,dbs/LHocAA==/colls/LHocAPPPqmU=/docs/LHocAPPPqmVK6ykAAAAAAA==/,1745141635,24.8,2.97,0,false,,49,false,8c1f64ddb0000155-20250420093124993761,false,true,0,750,2025-04-20T09:31:24.993761Z,27.2,0,6,0,1,da8b1f31-b35d-4329-875c-d1e8c3f39f55,0.0900,8c1f64ddb0000155,0
attachments/,"""0b00d8b2-0000-0d00-0000-6804c1dc0000""",LHocAPPPqmXX6ykAAAAAAA==,dbs/LHocAA==/colls/LHocAPPPqmU=/docs/LHocAPPPqmXX6ykAAAAAAA==/,1745142236,24.9,,,false,,49,false,8c1f64ddb0000155-20250420093625060555,false,true,0,750,2025-04-20T09:36:25.060555Z,27.1,,6,0,1,da8b1f31-b35d-4329-875c-d1e8c3f39f55,0.0900,8c1f64ddb0000155,0
attachments/,"""0b00d9b2-0000-0d00-0000-6804c1dc0000""",LHocAPPPqmXY6ykAAAAAAA==,dbs/LHocAA==/colls/LHocAPPPqmU=/docs/LHocAPPPqmXY6ykAAAAAAA==/,1745142236,24.9,,,false,,49,false,8c1f64ddb0000155-20250420093855060555,false,true,0,750,2025-04-20T09:38:55.060555Z,27,,6,0,1,da8b1f31-b35d-4329-875c-d1e8c3f39f55,0.0900,8c1f64ddb0000155,0
attachments/,"""0b00dab2-0000-0d00-0000-6804c1dd0000""",LHocAPPPqmXZ6ykAAAAAAA==,dbs/LHocAA==/colls/LHocAPPPqmU=/docs/LHocAPPPqmXZ6ykAAAAAAA==/,1745142237,24.9,,,false,,50,false,8c1f64ddb0000155-20250420094125060555,false,true,0,750,2025-04-20T09:41:25.060555Z,26.9,,6,0,1,da8b1f31-b35d-4329-875c-d1e8c3f39f55,0.0900,8c1f64ddb0000155,0
attachments/,"""0b00dbb2-0000-0d00-0000-6804c1dd0000""",LHocAPPPqmXa6ykAAAAAAA==,dbs/LHocAA==/colls/LHocAPPPqmU=/docs/LHocAPPPqmXa6ykAAAAAAA==/,1745142237,24.9,,,false,28.9,50,false,8c1f64ddb0000155-20250420094355060555,false,true,0,750,2025-04-20T09:43:55.060555Z,26.7,,6,0,1,da8b1f31-b35d-4329-875c-d1e8c3f39f55,0.0900,8c1f64ddb0000155,0
attachments/,"""0b00deb3-0000-0d00-0000-6804c4350000""",LHocAPPPqmVo7CkAAAAAAA==,dbs/LHocAA==/colls/LHocAPPPqmU=/docs/LHocAPPPqmVo7CkAAAAAAA==/,1745142837,24.9,,,false,,50,false,8c1f64ddb0000155-20250420094857294632,false,true,0,750,2025-04-20T09:48:57.294632Z,26.7,,6,0,1,da8b1f31-b35d-4329-875c-d1e8c3f39f55,0.0800,8c1f64ddb0000155,0
attachments/,"""0b00dfb3-0000-0d00-0000-6804c4350000""",LHocAPPPqmVp7CkAAAAAAA==,dbs/LHocAA==/colls/LHocAPPPqmU=/docs/LHocAPPPqmVp7CkAAAAAAA==/,1745142837,24.9,,,false,,51,false,8c1f64ddb0000155-20250420095127294632,false,true,0,750,2025-04-20T09:51:27.294632Z,26.5,,6,0,1,da8b1f31-b35d-4329-875c-d1e8c3f39f55,0.0800,8c1f64ddb0000155,0
attachments/,"""0b00e0b3-0000-0d00-0000-6804c4350000""",LHocAPPPqmVq7CkAAAAAAA==,dbs/LHocAA==/colls/LHocAPPPqmU=/docs/LHocAPPPqmVq7CkAAAAAAA==/,1745142837,24.9,,,false,,50,false,8c1f64ddb0000155-20250420094627294632,false,true,0,750,2025-04-20T09:46:27.294632Z,26.7,,6,0,1,da8b1f31-b35d-4329-875c-d1e8c3f39f55,0.0900,8c1f64ddb0000155,0
attachments/,"""0b00e1b3-0000-0d00-0000-6804c4350000""",LHocAPPPqmVr7CkAAAAAAA==,dbs/LHocAA==/colls/LHocAPPPqmU=/docs/LHocAPPPqmVr7CkAAAAAAA==/,1745142837,24.9,,,false,28.5,51,false,8c1f64ddb0000155-20250420095357294632,false,true,0,750,2025-04-20T09:53:57.294632Z,26.6,,6,0,1,da8b1f31-b35d-4329-875c-d1e8c3f39f55,0.0800,8c1f64ddb0000155,0
attachments/,"""0b00deb4-0000-0d00-0000-6804c68c0000""",LHocAPPPqmX17CkAAAAAAA==,dbs/LHocAA==/colls/LHocAPPPqmU=/docs/LHocAPPPqmX17CkAAAAAAA==/,1745143436,24.9,2.97,0,false,,51,false,8c1f64ddb0000155-20250420095626572890,false,true,0,750,2025-04-20T09:56:26.572890Z,26.5,0,6,0,1,da8b1f31-b35d-4329-875c-d1e8c3f39f55,0.0800,8c1f64ddb0000155,0
attachments/,"""0b00dfb4-0000-0d00-0000-6804c68c0000""",LHocAPPPqmX27CkAAAAAAA==,dbs/LHocAA==/colls/LHocAPPPqmU=/docs/LHocAPPPqmX27CkAAAAAAA==/,1745143436,24.9,2.97,0,false,,51,false,8c1f64ddb0000155-20250420095856572890,false,true,0,750,2025-04-20T09:58:56.572890Z,26.5,0,6,0,1,da8b1f31-b35d-4329-875c-d1e8c3f39f55,0.0800,8c1f64ddb0000155,0
attachments/,"""0b00e0b4-0000-0d00-0000-6804c68d0000""",LHocAPPPqmX37CkAAAAAAA==,dbs/LHocAA==/colls/LHocAPPPqmU=/docs/LHocAPPPqmX37CkAAAAAAA==/,1745143437,24.9,2.97,0,false,,51,false,8c1f64ddb0000155-20250420100126572890,false,true,0,750,2025-04-20T10:01:26.572890Z,26.4,0,6,0,1,da8b1f31-b35d-4329-875c-d1e8c3f39f55,0.0800,8c1f64ddb0000155,0
attachments/,"""0b00e1b4-0000-0d00-0000-6804c68d0000""",LHocAPPPqmX47CkAAAAAAA==,dbs/LHocAA==/colls/LHocAPPPqmU=/docs/LHocAPPPqmX47CkAAAAAAA==/,1745143437,24.9,2.97,0,false,28.2,51,false,8c1f64ddb0000155-20250420100356572890,false,true,0,750,2025-04-20T10:03:56.572890Z,26.4,0,6,0,1,da8b1f31-b35d-4329-875c-d1e8c3f39f55,0.0800,8c1f64ddb0000155,0
attachments/,"""0b00e6b5-0000-0d00-0000-6804c8e50000""",LHocAPPPqmWC7SkAAAAAAA==,dbs/LHocAA==/colls/LHocAPPPqmU=/docs/LHocAPPPqmWC7SkAAAAAAA==/,1745144037,24.9,,,false,,52,false,8c1f64ddb0000155-20250420100856896688,false,true,0,750,2025-04-20T10:08:56.896688Z,26.2,,6,0,1,da8b1f31-b35d-4329-875c-d1e8c3f39f55,0.0800,8c1f64ddb0000155,0
attachments/,"""0b00e7b5-0000-0d00-0000-6804c8e50000""",LHocAPPPqmWD7SkAAAAAAA==,dbs/LHocAA==/colls/LHocAPPPqmU=/docs/LHocAPPPqmWD7SkAAAAAAA==/,1745144037,24.9,,,false,,51,false,8c1f64ddb0000155-20250420100626896688,false,true,0,750,2025-04-20T10:06:26.896688Z,26.4,,6,0,1,da8b1f31-b35d-4329-875c-d1e8c3f39f55,0.0800,8c1f64ddb0000155,0
attachments/,"""0b00e8b5-0000-0d00-0000-6804c8e50000""",LHocAPPPqmWE7SkAAAAAAA==,dbs/LHocAA==/colls/LHocAPPPqmU=/docs/LHocAPPPqmWE7SkAAAAAAA==/,1745144037,24.9,,,false,,52,false,8c1f64ddb0000155-20250420101126896688,false,true,0,750,2025-04-20T10:11:26.896688Z,26.2,,6,0,1,da8b1f31-b35d-4329-875c-d1e8c3f39f55,0.0800,8c1f64ddb0000155,0
attachments/,"""0b00e9b5-0000-0d00-0000-6804c8e50000""",LHocAPPPqmWF7SkAAAAAAA==,dbs/LHocAA==/colls/LHocAPPPqmU=/docs/LHocAPPPqmWF7SkAAAAAAA==/,1745144037,24.9,,,false,27.9,52,false,8c1f64ddb0000155-20250420101356896688,false,true,0,750,2025-04-20T10:13:56.896688Z,26.2,,6,0,1,da8b1f31-b35d-4329-875c-d1e8c3f39f55,0.0700,8c1f64ddb0000155,0
attachments/,"""0b00e2b6-0000-0d00-0000-6804cb3d0000""",LHocAPPPqmUS7ikAAAAAAA==,dbs/LHocAA==/colls/LHocAPPPqmU=/docs/LHocAPPPqmUS7ikAAAAAAA==/,1745144637,24.9,,,false,,52,false,8c1f64ddb0000155-20250420101626919781,false,true,0,750,2025-04-20T10:16:26.919781Z,26.1,,6,0,1,da8b1f31-b35d-4329-875c-d1e8c3f39f55,0.0700,8c1f64ddb0000155,0
attachments/,"""0b00e3b6-0000-0d00-0000-6804cb3d0000""",LHocAPPPqmUT7ikAAAAAAA==,dbs/LHocAA==/colls/LHocAPPPqmU=/docs/LHocAPPPqmUT7ikAAAAAAA==/,1745144637,24.9,,,false,,53,false,8c1f64ddb0000155-20250420101856919781,false,true,0,750,2025-04-20T10:18:56.919781Z,26,,6,0,1,da8b1f31-b35d-4329-875c-d1e8c3f39f55,0.0700,8c1f64ddb0000155,0
attachments/,"""0b00e4b6-0000-0d00-0000-6804cb3d0000""",LHocAPPPqmUU7ikAAAAAAA==,dbs/LHocAA==/colls/LHocAPPPqmU=/docs/LHocAPPPqmUU7ikAAAAAAA==/,1745144637,24.9,,,false,,53,false,8c1f64ddb0000155-20250420102126919781,false,true,0,750,2025-04-20T10:21:26.919781Z,25.9,,6,0,1,da8b1f31-b35d-4329-875c-d1e8c3f39f55,0.0700,8c1f64ddb0000155,0
attachments/,"""0b00e5b6-0000-0d00-0000-6804cb3d0000""",LHocAPPPqmUV7ikAAAAAAA==,dbs/LHocAA==/colls/LHocAPPPqmU=/docs/LHocAPPPqmUV7ikAAAAAAA==/,1745144637,24.9,,,false,27.6,53,false,8c1f64ddb0000155-20250420102356919781,false,true,0,750,2025-04-20T10:23:56.919781Z,25.9,,6,0,1,da8b1f31-b35d-4329-875c-d1e8c3f39f55,0.0700,8c1f64ddb0000155,0
attachments/,"""0b00e3b7-0000-0d00-0000-6804cd950000""",LHocAPPPqmWe7ikAAAAAAA==,dbs/LHocAA==/colls/LHocAPPPqmU=/docs/LHocAPPPqmWe7ikAAAAAAA==/,1745145237,24.9,2.96,0,false,,53,false,8c1f64ddb0000155-20250420102627104149,false,true,0,750,2025-04-20T10:26:27.104149Z,25.9,0,6,0,1,da8b1f31-b35d-4329-875c-d1e8c3f39f55,0.0700,8c1f64ddb0000155,0
attachments/,"""0b00e4b7-0000-0d00-0000-6804cd950000""",LHocAPPPqmWf7ikAAAAAAA==,dbs/LHocAA==/colls/LHocAPPPqmU=/docs/LHocAPPPqmWf7ikAAAAAAA==/,1745145237,24.9,2.96,0,false,,53,false,8c1f64ddb0000155-20250420102857104149,false,true,0,750,2025-04-20T10:28:57.104149Z,26,0,6,0,1,da8b1f31-b35d-4329-875c-d1e8c3f39f55,0.0700,8c1f64ddb0000155,0
attachments/,"""0b00e5b7-0000-0d00-0000-6804cd950000""",LHocAPPPqmWg7ikAAAAAAA==,dbs/LHocAA==/colls/LHocAPPPqmU=/docs/LHocAPPPqmWg7ikAAAAAAA==/,1745145237,24.9,2.96,0,false,27.5,53,false,8c1f64ddb0000155-20250420103357104149,false,true,0,750,2025-04-20T10:33:57.104149Z,25.9,0,6,0,1,da8b1f31-b35d-4329-875c-d1e8c3f39f55,0.0600,8c1f64ddb0000155,0
attachments/,"""0b00e6b7-0000-0d00-0000-6804cd950000""",LHocAPPPqmWh7ikAAAAAAA==,dbs/LHocAA==/colls/LHocAPPPqmU=/docs/LHocAPPPqmWh7ikAAAAAAA==/,1745145237,24.9,2.96,0,false,,53,false,8c1f64ddb0000155-20250420103127104149,false,true,0,750,2025-04-20T10:31:27.104149Z,26,0,6,0,1,da8b1f31-b35d-4329-875c-d1e8c3f39f55,0.0700,8c1f64ddb0000155,0
attachments/,"""0b0005b9-0000-0d00-0000-6804cfec0000""",LHocAPPPqmUu7ykAAAAAAA==,dbs/LHocAA==/colls/LHocAPPPqmU=/docs/LHocAPPPqmUu7ykAAAAAAA==/,1745145836,24.9,,,false,,53,false,8c1f64ddb0000155-20250420103625780943,false,true,0,750,2025-04-20T10:36:25.780943Z,25.9,,6,0,1,da8b1f31-b35d-4329-875c-d1e8c3f39f55,0.0600,8c1f64ddb0000155,0
attachments/,"""0b0006b9-0000-0d00-0000-6804cfec0000""",LHocAPPPqmUv7ykAAAAAAA==,dbs/LHocAA==/colls/LHocAPPPqmU=/docs/LHocAPPPqmUv7ykAAAAAAA==/,1745145836,24.9,,,false,,53,false,8c1f64ddb0000155-20250420103855780943,false,true,0,750,2025-04-20T10:38:55.780943Z,25.8,,6,0,1,da8b1f31-b35d-4329-875c-d1e8c3f39f55,0.0600,8c1f64ddb0000155,0
attachments/,"""0b0007b9-0000-0d00-0000-6804cfec0000""",LHocAPPPqmUw7ykAAAAAAA==,dbs/LHocAA==/colls/LHocAPPPqmU=/docs/LHocAPPPqmUw7ykAAAAAAA==/,1745145836,24.8,,,false,27.2,54,false,8c1f64ddb0000155-20250420104355780943,false,true,0,750,2025-04-20T10:43:55.780943Z,25.6,,6,0,1,da8b1f31-b35d-4329-875c-d1e8c3f39f55,0.0600,8c1f64ddb0000155,0
attachments/,"""0b0008b9-0000-0d00-0000-6804cfec0000""",LHocAPPPqmUx7ykAAAAAAA==,dbs/LHocAA==/colls/LHocAPPPqmU=/docs/LHocAPPPqmUx7ykAAAAAAA==/,1745145836,24.9,,,false,,54,false,8c1f64ddb0000155-20250420104125780943,false,true,0,750,2025-04-20T10:41:25.780943Z,25.7,,6,0,1,da8b1f31-b35d-4329-875c-d1e8c3f39f55,0.0600,8c1f64ddb0000155,0
attachments/,"""0b0039ba-0000-0d00-0000-6804d2440000""",LHocAPPPqmW+7ykAAAAAAA==,dbs/LHocAA==/colls/LHocAPPPqmU=/docs/LHocAPPPqmW+7ykAAAAAAA==/,1745146436,24.8,,,false,,54,false,8c1f64ddb0000155-20250420104626077041,false,true,0,750,2025-04-20T10:46:26.077041Z,25.7,,6,0,1,da8b1f31-b35d-4329-875c-d1e8c3f39f55,0.0600,8c1f64ddb0000155,0
attachments/,"""0b003aba-0000-0d00-0000-6804d2440000""",LHocAPPPqmW-7ykAAAAAAA==,dbs/LHocAA==/colls/LHocAPPPqmU=/docs/LHocAPPPqmW-7ykAAAAAAA==/,1745146436,24.8,,,false,,54,false,8c1f64ddb0000155-20250420104856077041,false,true,0,750,2025-04-20T10:48:56.077041Z,25.7,,6,0,1,da8b1f31-b35d-4329-875c-d1e8c3f39f55,0.0600,8c1f64ddb0000155,0
attachments/,"""0b003bba-0000-0d00-0000-6804d2440000""",LHocAPPPqmXA7ykAAAAAAA==,dbs/LHocAA==/colls/LHocAPPPqmU=/docs/LHocAPPPqmXA7ykAAAAAAA==/,1745146436,24.8,,,false,,54,false,8c1f64ddb0000155-20250420105126077041,false,true,0,750,2025-04-20T10:51:26.077041Z,25.7,,6,0,1,da8b1f31-b35d-4329-875c-d1e8c3f39f55,0.0600,8c1f64ddb0000155,0
attachments/,"""0b003cba-0000-0d00-0000-6804d2440000""",LHocAPPPqmXB7ykAAAAAAA==,dbs/LHocAA==/colls/LHocAPPPqmU=/docs/LHocAPPPqmXB7ykAAAAAAA==/,1745146436,24.8,,,false,27,54,false,8c1f64ddb0000155-20250420105356077041,false,true,0,750,2025-04-20T10:53:56.077041Z,25.6,,6,0,1,da8b1f31-b35d-4329-875c-d1e8c3f39f55,0.0600,8c1f64ddb0000155,0
attachments/,"""0b00a9bb-0000-0d00-0000-6804d49c0000""",LHocAPPPqmVO8CkAAAAAAA==,dbs/LHocAA==/colls/LHocAPPPqmU=/docs/LHocAPPPqmVO8CkAAAAAAA==/,1745147036,24.8,2.96,0,false,,55,false,8c1f64ddb0000155-20250420110125615382,false,true,28,750,2025-04-20T11:01:25.615382Z,25.4,0,6,0,1,da8b1f31-b35d-4329-875c-d1e8c3f39f55,0.0600,8c1f64ddb0000155,3
attachments/,"""0b00aabb-0000-0d00-0000-6804d49c0000""",LHocAPPPqmVP8CkAAAAAAA==,dbs/LHocAA==/colls/LHocAPPPqmU=/docs/LHocAPPPqmVP8CkAAAAAAA==/,1745147036,24.8,2.96,0,false,,54,false,8c1f64ddb0000155-20250420105625615382,false,true,28,750,2025-04-20T10:56:25.615382Z,25.6,0,6,0,1,da8b1f31-b35d-4329-875c-d1e8c3f39f55,0.0600,8c1f64ddb0000155,3
attachments/,"""0b00abbb-0000-0d00-0000-6804d49c0000""",LHocAPPPqmVQ8CkAAAAAAA==,dbs/LHocAA==/colls/LHocAPPPqmU=/docs/LHocAPPPqmVQ8CkAAAAAAA==/,1745147036,24.8,2.96,0,false,26.7,55,false,8c1f64ddb0000155-20250420110355615382,false,true,28,750,2025-04-20T11:03:55.615382Z,25.3,0,6,0,1,da8b1f31-b35d-4329-875c-d1e8c3f39f55,0.0600,8c1f64ddb0000155,3
attachments/,"""0b00acbb-0000-0d00-0000-6804d49c0000""",LHocAPPPqmVR8CkAAAAAAA==,dbs/LHocAA==/colls/LHocAPPPqmU=/docs/LHocAPPPqmVR8CkAAAAAAA==/,1745147036,24.8,2.96,0,false,,54,false,8c1f64ddb0000155-20250420105855615382,false,true,28,750,2025-04-20T10:58:55.615382Z,25.5,0,6,0,1,da8b1f31-b35d-4329-875c-d1e8c3f39f55,0.0600,8c1f64ddb0000155,3
attachments/,"""0b00babc-0000-0d00-0000-6804d6f50000""",LHocAPPPqmXa8CkAAAAAAA==,dbs/LHocAA==/colls/LHocAPPPqmU=/docs/LHocAPPPqmXa8CkAAAAAAA==/,1745147637,24.8,,,false,,55,false,8c1f64ddb0000155-20250420110627339232,false,true,88,750,2025-04-20T11:06:27.339232Z,25.3,,6,0,1,da8b1f31-b35d-4329-875c-d1e8c3f39f55,0.0600,8c1f64ddb0000155,9
attachments/,"""0b00bbbc-0000-0d00-0000-6804d6f50000""",LHocAPPPqmXb8CkAAAAAAA==,dbs/LHocAA==/colls/LHocAPPPqmU=/docs/LHocAPPPqmXb8CkAAAAAAA==/,1745147637,24.8,,,false,,55,false,8c1f64ddb0000155-20250420110857339232,false,true,88,750,2025-04-20T11:08:57.339232Z,25.3,,6,0,1,da8b1f31-b35d-4329-875c-d1e8c3f39f55,0.0600,8c1f64ddb0000155,9
attachments/,"""0b00bcbc-0000-0d00-0000-6804d6f50000""",LHocAPPPqmXc8CkAAAAAAA==,dbs/LHocAA==/colls/LHocAPPPqmU=/docs/LHocAPPPqmXc8CkAAAAAAA==/,1745147637,24.8,,,false,,55,false,8c1f64ddb0000155-20250420111127339232,false,true,88,750,2025-04-20T11:11:27.339232Z,25.2,,6,0,1,da8b1f31-b35d-4329-875c-d1e8c3f39f55,0.0600,8c1f64ddb0000155,9
attachments/,"""0b00bdbc-0000-0d00-0000-6804d6f60000""",LHocAPPPqmXd8CkAAAAAAA==,dbs/LHocAA==/colls/LHocAPPPqmU=/docs/LHocAPPPqmXd8CkAAAAAAA==/,1745147638,24.7,,,false,26.5,55,false,8c1f64ddb0000155-20250420111357339232,false,true,88,750,2025-04-20T11:13:57.339232Z,25.1,,6,0,1,da8b1f31-b35d-4329-875c-d1e8c3f39f55,0.0600,8c1f64ddb0000155,9
attachments/,"""0b00cebd-0000-0d00-0000-6804d94b0000""",LHocAPPPqmVq8SkAAAAAAA==,dbs/LHocAA==/colls/LHocAPPPqmU=/docs/LHocAPPPqmVq8SkAAAAAAA==/,1745148235,24.7,,,false,,56,false,8c1f64ddb0000155-20250420111855121218,false,true,88,750,2025-04-20T11:18:55.121218Z,25,,6,0,1,da8b1f31-b35d-4329-875c-d1e8c3f39f55,0.0600,8c1f64ddb0000155,9
attachments/,"""0b00cfbd-0000-0d00-0000-6804d94b0000""",LHocAPPPqmVr8SkAAAAAAA==,dbs/LHocAA==/colls/LHocAPPPqmU=/docs/LHocAPPPqmVr8SkAAAAAAA==/,1745148235,24.7,,,false,,56,false,8c1f64ddb0000155-20250420111625121218,false,true,88,750,2025-04-20T11:16:25.121218Z,25,,6,0,1,da8b1f31-b35d-4329-875c-d1e8c3f39f55,0.0600,8c1f64ddb0000155,9
attachments/,"""0b00d0bd-0000-0d00-0000-6804d94b0000""",LHocAPPPqmVs8SkAAAAAAA==,dbs/LHocAA==/colls/LHocAPPPqmU=/docs/LHocAPPPqmVs8SkAAAAAAA==/,1745148235,24.7,,,false,,56,false,8c1f64ddb0000155-20250420112125121218,false,true,88,750,2025-04-20T11:21:25.121218Z,24.9,,6,0,1,da8b1f31-b35d-4329-875c-d1e8c3f39f55,0.0600,8c1f64ddb0000155,9
attachments/,"""0b00d1bd-0000-0d00-0000-6804d94b0000""",LHocAPPPqmVt8SkAAAAAAA==,dbs/LHocAA==/colls/LHocAPPPqmU=/docs/LHocAPPPqmVt8SkAAAAAAA==/,1745148235,24.7,,,false,26.3,56,false,8c1f64ddb0000155-20250420112355121218,false,true,88,750,2025-04-20T11:23:55.121218Z,24.9,,6,0,1,da8b1f31-b35d-4329-875c-d1e8c3f39f55,0.0600,8c1f64ddb0000155,9
attachments/,"""0b00edbe-0000-0d00-0000-6804dba40000""",LHocAPPPqmX28SkAAAAAAA==,dbs/LHocAA==/colls/LHocAPPPqmU=/docs/LHocAPPPqmX28SkAAAAAAA==/,1745148836,24.7,2.96,0,false,,56,false,8c1f64ddb0000155-20250420112625866461,false,true,148,750,2025-04-20T11:26:25.866461Z,24.9,0,6,0,1,da8b1f31-b35d-4329-875c-d1e8c3f39f55,0.0500,8c1f64ddb0000155,15
attachments/,"""0b00eebe-0000-0d00-0000-6804dba40000""",LHocAPPPqmX38SkAAAAAAA==,dbs/LHocAA==/colls/LHocAPPPqmU=/docs/LHocAPPPqmX38SkAAAAAAA==/,1745148836,24.7,2.96,0,false,,56,false,8c1f64ddb0000155-20250420112855866461,false,true,148,750,2025-04-20T11:28:55.866461Z,24.9,0,6,0,1,da8b1f31-b35d-4329-875c-d1e8c3f39f55,0.0500,8c1f64ddb0000155,15
attachments/,"""0b00efbe-0000-0d00-0000-6804dba40000""",LHocAPPPqmX48SkAAAAAAA==,dbs/LHocAA==/colls/LHocAPPPqmU=/docs/LHocAPPPqmX48SkAAAAAAA==/,1745148836,24.6,2.96,0,false,,56,false,8c1f64ddb0000155-20250420113125866461,false,true,148,750,2025-04-20T11:31:25.866461Z,24.8,0,6,0,1,da8b1f31-b35d-4329-875c-d1e8c3f39f55,0.120,8c1f64ddb0000155,15
attachments/,"""0b00f0be-0000-0d00-0000-6804dba40000""",LHocAPPPqmX58SkAAAAAAA==,dbs/LHocAA==/colls/LHocAPPPqmU=/docs/LHocAPPPqmX58SkAAAAAAA==/,1745148836,24.6,2.96,0,false,28.2,56,false,8c1f64ddb0000155-20250420113355866461,false,true,148,750,2025-04-20T11:33:55.866461Z,24.9,0,6,0,1,da8b1f31-b35d-4329-875c-d1e8c3f39f55,0.170,8c1f64ddb0000155,15
attachments/,"""0b00f2bf-0000-0d00-0000-6804ddfb0000""",LHocAPPPqmWG8ikAAAAAAA==,dbs/LHocAA==/colls/LHocAPPPqmU=/docs/LHocAPPPqmWG8ikAAAAAAA==/,1745149435,24.6,,,false,,56,false,8c1f64ddb0000155-20250420113625425192,false,true,208,750,2025-04-20T11:36:25.425192Z,25.1,,6,0,1,da8b1f31-b35d-4329-875c-d1e8c3f39f55,0.180,8c1f64ddb0000155,21
attachments/,"""0b00f3bf-0000-0d00-0000-6804ddfb0000""",LHocAPPPqmWH8ikAAAAAAA==,dbs/LHocAA==/colls/LHocAPPPqmU=/docs/LHocAPPPqmWH8ikAAAAAAA==/,1745149435,24.6,,,false,,55,false,8c1f64ddb0000155-20250420113855425192,false,true,208,750,2025-04-20T11:38:55.425192Z,25.3,,6,0,1,da8b1f31-b35d-4329-875c-d1e8c3f39f55,0.190,8c1f64ddb0000155,21
attachments/,"""0b00f4bf-0000-0d00-0000-6804ddfc0000""",LHocAPPPqmWI8ikAAAAAAA==,dbs/LHocAA==/colls/LHocAPPPqmU=/docs/LHocAPPPqmWI8ikAAAAAAA==/,1745149436,24.6,,,false,,54,false,8c1f64ddb0000155-20250420114125425192,false,true,208,750,2025-04-20T11:41:25.425192Z,25.5,,6,0,1,da8b1f31-b35d-4329-875c-d1e8c3f39f55,0.180,8c1f64ddb0000155,21
attachments/,"""0b00f5bf-0000-0d00-0000-6804ddfc0000""",LHocAPPPqmWJ8ikAAAAAAA==,dbs/LHocAA==/colls/LHocAPPPqmU=/docs/LHocAPPPqmWJ8ikAAAAAAA==/,1745149436,24.6,,,false,29.8,54,false,8c1f64ddb0000155-20250420114355425192,false,true,208,750,2025-04-20T11:43:55.425192Z,25.7,,6,0,1,da8b1f31-b35d-4329-875c-d1e8c3f39f55,0.180,8c1f64ddb0000155,21
attachments/,"""0b000bc1-0000-0d00-0000-6804e0530000""",LHocAPPPqmUa8ykAAAAAAA==,dbs/LHocAA==/colls/LHocAPPPqmU=/docs/LHocAPPPqmUa8ykAAAAAAA==/,1745150035,24.6,,,false,,53,false,8c1f64ddb0000155-20250420114625565244,false,true,208,750,2025-04-20T11:46:25.565244Z,25.9,,6,0,1,da8b1f31-b35d-4329-875c-d1e8c3f39f55,0.360,8c1f64ddb0000155,21
attachments/,"""0b000cc1-0000-0d00-0000-6804e0540000""",LHocAPPPqmUb8ykAAAAAAA==,dbs/LHocAA==/colls/LHocAPPPqmU=/docs/LHocAPPPqmUb8ykAAAAAAA==/,1745150036,24.6,,,false,,52,false,8c1f64ddb0000155-20250420114855565244,false,true,208,750,2025-04-20T11:48:55.565244Z,26.3,,6,0,1,da8b1f31-b35d-4329-875c-d1e8c3f39f55,0.420,8c1f64ddb0000155,21
attachments/,"""0b000dc1-0000-0d00-0000-6804e0540000""",LHocAPPPqmUc8ykAAAAAAA==,dbs/LHocAA==/colls/LHocAPPPqmU=/docs/LHocAPPPqmUc8ykAAAAAAA==/,1745150036,24.7,,,false,,51,false,8c1f64ddb0000155-20250420115125565244,false,true,208,750,2025-04-20T11:51:25.565244Z,26.9,,6,0,1,da8b1f31-b35d-4329-875c-d1e8c3f39f55,0.460,8c1f64ddb0000155,21
attachments/,"""0b000ec1-0000-0d00-0000-6804e0540000""",LHocAPPPqmUd8ykAAAAAAA==,dbs/LHocAA==/colls/LHocAPPPqmU=/docs/LHocAPPPqmUd8ykAAAAAAA==/,1745150036,24.7,,,false,37.5,49,false,8c1f64ddb0000155-20250420115355565244,false,true,208,750,2025-04-20T11:53:55.565244Z,27.6,,6,0,1,da8b1f31-b35d-4329-875c-d1e8c3f39f55,0.480,8c1f64ddb0000155,21
attachments/,"""0b0026c2-0000-0d00-0000-6804e2ac0000""",LHocAPPPqmWr8ykAAAAAAA==,dbs/LHocAA==/colls/LHocAPPPqmU=/docs/LHocAPPPqmWr8ykAAAAAAA==/,1745150636,24.9,2.96,0,false,,45,false,8c1f64ddb0000155-20250420120126223635,false,true,208,750,2025-04-20T12:01:26.223635Z,29.3,0,6,0,1,da8b1f31-b35d-4329-875c-d1e8c3f39f55,0.430,8c1f64ddb0000155,21
attachments/,"""0b0027c2-0000-0d00-0000-6804e2ac0000""",LHocAPPPqmWs8ykAAAAAAA==,dbs/LHocAA==/colls/LHocAPPPqmU=/docs/LHocAPPPqmWs8ykAAAAAAA==/,1745150636,24.8,2.96,0,false,,48,false,8c1f64ddb0000155-20250420115626223635,false,true,208,750,2025-04-20T11:56:26.223635Z,28.2,0,6,0,1,da8b1f31-b35d-4329-875c-d1e8c3f39f55,0.470,8c1f64ddb0000155,21
attachments/,"""0b0028c2-0000-0d00-0000-6804e2ac0000""",LHocAPPPqmWt8ykAAAAAAA==,dbs/LHocAA==/colls/LHocAPPPqmU=/docs/LHocAPPPqmWt8ykAAAAAAA==/,1745150636,24.8,2.96,0,false,,46,false,8c1f64ddb0000155-20250420115856223635,false,true,208,750,2025-04-20T11:58:56.223635Z,28.8,0,6,0,1,da8b1f31-b35d-4329-875c-d1e8c3f39f55,0.450,8c1f64ddb0000155,21
attachments/,"""0b0029c2-0000-0d00-0000-6804e2ac0000""",LHocAPPPqmWu8ykAAAAAAA==,dbs/LHocAA==/colls/LHocAPPPqmU=/docs/LHocAPPPqmWu8ykAAAAAAA==/,1745150636,25,2.96,0,false,38.9,44,false,8c1f64ddb0000155-20250420120356223635,false,true,208,750,2025-04-20T12:03:56.223635Z,29.8,0,6,0,1,da8b1f31-b35d-4329-875c-d1e8c3f39f55,0.410,8c1f64ddb0000155,21
attachments/,"""0b00a7c3-0000-0d00-0000-6804e5040000""",LHocAPPPqmU79CkAAAAAAA==,dbs/LHocAA==/colls/LHocAPPPqmU=/docs/LHocAPPPqmU79CkAAAAAAA==/,1745151236,25.1,,,false,,42,false,8c1f64ddb0000155-20250420120856267216,false,true,148,750,2025-04-20T12:08:56.267216Z,30.4,,6,0,1,da8b1f31-b35d-4329-875c-d1e8c3f39f55,0.370,8c1f64ddb0000155,15
attachments/,"""0b00a8c3-0000-0d00-0000-6804e5040000""",LHocAPPPqmU89CkAAAAAAA==,dbs/LHocAA==/colls/LHocAPPPqmU=/docs/LHocAPPPqmU89CkAAAAAAA==/,1745151236,25,,,false,,43,false,8c1f64ddb0000155-20250420120626267216,false,true,148,750,2025-04-20T12:06:26.267216Z,30.1,,6,0,1,da8b1f31-b35d-4329-875c-d1e8c3f39f55,0.390,8c1f64ddb0000155,15
attachments/,"""0b00a9c3-0000-0d00-0000-6804e5040000""",LHocAPPPqmU99CkAAAAAAA==,dbs/LHocAA==/colls/LHocAPPPqmU=/docs/LHocAPPPqmU99CkAAAAAAA==/,1745151236,25.1,,,false,,42,false,8c1f64ddb0000155-20250420121126267216,false,true,148,750,2025-04-20T12:11:26.267216Z,30.6,,6,0,1,da8b1f31-b35d-4329-875c-d1e8c3f39f55,0.350,8c1f64ddb0000155,15
attachments/,"""0b00aac3-0000-0d00-0000-6804e5040000""",LHocAPPPqmU+9CkAAAAAAA==,dbs/LHocAA==/colls/LHocAPPPqmU=/docs/LHocAPPPqmU+9CkAAAAAAA==/,1745151236,25.2,,,false,38.6,42,false,8c1f64ddb0000155-20250420121356267216,false,true,148,750,2025-04-20T12:13:56.267216Z,30.8,,6,0,1,da8b1f31-b35d-4329-875c-d1e8c3f39f55,0.340,8c1f64ddb0000155,15
attachments/,"""0b00c0c4-0000-0d00-0000-6804e75c0000""",LHocAPPPqmXI9CkAAAAAAA==,dbs/LHocAA==/colls/LHocAPPPqmU=/docs/LHocAPPPqmXI9CkAAAAAAA==/,1745151836,25.2,,,false,,41,false,8c1f64ddb0000155-20250420121625901915,false,true,148,750,2025-04-20T12:16:25.901915Z,30.9,,6,0,1,da8b1f31-b35d-4329-875c-d1e8c3f39f55,0.300,8c1f64ddb0000155,15
attachments/,"""0b00c1c4-0000-0d00-0000-6804e75c0000""",LHocAPPPqmXJ9CkAAAAAAA==,dbs/LHocAA==/colls/LHocAPPPqmU=/docs/LHocAPPPqmXJ9CkAAAAAAA==/,1745151836,25.2,,,false,,41,false,8c1f64ddb0000155-20250420121855901915,false,true,148,750,2025-04-20T12:18:55.901915Z,31,,6,0,1,da8b1f31-b35d-4329-875c-d1e8c3f39f55,0.280,8c1f64ddb0000155,15
attachments/,"""0b00c2c4-0000-0d00-0000-6804e75c0000""",LHocAPPPqmXK9CkAAAAAAA==,dbs/LHocAA==/colls/LHocAPPPqmU=/docs/LHocAPPPqmXK9CkAAAAAAA==/,1745151836,25.2,,,false,,41,false,8c1f64ddb0000155-20250420122125901915,false,true,148,750,2025-04-20T12:21:25.901915Z,31,,6,0,1,da8b1f31-b35d-4329-875c-d1e8c3f39f55,0.260,8c1f64ddb0000155,15
attachments/,"""0b00c3c4-0000-0d00-0000-6804e75c0000""",LHocAPPPqmXL9CkAAAAAAA==,dbs/LHocAA==/colls/LHocAPPPqmU=/docs/LHocAPPPqmXL9CkAAAAAAA==/,1745151836,25.2,,,false,36.8,41,false,8c1f64ddb0000155-20250420122355901915,false,true,148,750,2025-04-20T12:23:55.901915Z,31,,6,0,1,da8b1f31-b35d-4329-875c-d1e8c3f39f55,0.240,8c1f64ddb0000155,15
attachments/,"""0b00dec5-0000-0d00-0000-6804e9b50000""",LHocAPPPqmVY9SkAAAAAAA==,dbs/LHocAA==/colls/LHocAPPPqmU=/docs/LHocAPPPqmVY9SkAAAAAAA==/,1745152437,25.2,2.96,0,false,,42,false,8c1f64ddb0000155-20250420122627356856,false,true,148,750,2025-04-20T12:26:27.356856Z,30.9,0,6,0,1,da8b1f31-b35d-4329-875c-d1e8c3f39f55,0.230,8c1f64ddb0000155,15
attachments/,"""0b00dfc5-0000-0d00-0000-6804e9b50000""",LHocAPPPqmVZ9SkAAAAAAA==,dbs/LHocAA==/colls/LHocAPPPqmU=/docs/LHocAPPPqmVZ9SkAAAAAAA==/,1745152437,25.1,2.96,0,false,,42,false,8c1f64ddb0000155-20250420122857356856,false,true,148,750,2025-04-20T12:28:57.356856Z,30.8,0,6,0,1,da8b1f31-b35d-4329-875c-d1e8c3f39f55,0.220,8c1f64ddb0000155,15
attachments/,"""0b00e0c5-0000-0d00-0000-6804e9b50000""",LHocAPPPqmVa9SkAAAAAAA==,dbs/LHocAA==/colls/LHocAPPPqmU=/docs/LHocAPPPqmVa9SkAAAAAAA==/,1745152437,25.1,2.96,0,false,,42,false,8c1f64ddb0000155-20250420123127356856,false,true,148,750,2025-04-20T12:31:27.356856Z,30.6,0,6,0,1,da8b1f31-b35d-4329-875c-d1e8c3f39f55,0.210,8c1f64ddb0000155,15
attachments/,"""0b00e1c5-0000-0d00-0000-6804e9b60000""",LHocAPPPqmVb9SkAAAAAAA==,dbs/LHocAA==/colls/LHocAPPPqmU=/docs/LHocAPPPqmVb9SkAAAAAAA==/,1745152438,25.1,2.96,0,false,35.3,42,false,8c1f64ddb0000155-20250420123357356856,false,true,148,750,2025-04-20T12:33:57.356856Z,30.5,0,6,0,1,da8b1f31-b35d-4329-875c-d1e8c3f39f55,0.200,8c1f64ddb0000155,15
attachments/,"""0b00f7c6-0000-0d00-0000-6804ec0d0000""",LHocAPPPqmXo9SkAAAAAAA==,dbs/LHocAA==/colls/LHocAPPPqmU=/docs/LHocAPPPqmXo9SkAAAAAAA==/,1745153037,25.1,,,false,,43,false,8c1f64ddb0000155-20250420123857001168,false,true,100,750,2025-04-20T12:38:57.001168Z,30.2,,6,0,1,da8b1f31-b35d-4329-875c-d1e8c3f39f55,0.190,8c1f64ddb0000155,10
attachments/,"""0b00f8c6-0000-0d00-0000-6804ec0d0000""",LHocAPPPqmXp9SkAAAAAAA==,dbs/LHocAA==/colls/LHocAPPPqmU=/docs/LHocAPPPqmXp9SkAAAAAAA==/,1745153037,25.1,,,false,,42,false,8c1f64ddb0000155-20250420123627001168,false,true,100,750,2025-04-20T12:36:27.001168Z,30.4,,6,0,1,da8b1f31-b35d-4329-875c-d1e8c3f39f55,0.190,8c1f64ddb0000155,10
attachments/,"""0b00f9c6-0000-0d00-0000-6804ec0d0000""",LHocAPPPqmXq9SkAAAAAAA==,dbs/LHocAA==/colls/LHocAPPPqmU=/docs/LHocAPPPqmXq9SkAAAAAAA==/,1745153037,25.1,,,false,,43,false,8c1f64ddb0000155-20250420124127001168,false,true,100,750,2025-04-20T12:41:27.001168Z,30.1,,6,0,1,da8b1f31-b35d-4329-875c-d1e8c3f39f55,0.180,8c1f64ddb0000155,10
attachments/,"""0b00fac6-0000-0d00-0000-6804ec0d0000""",LHocAPPPqmXr9SkAAAAAAA==,dbs/LHocAA==/colls/LHocAPPPqmU=/docs/LHocAPPPqmXr9SkAAAAAAA==/,1745153037,25,,,false,34,44,false,8c1f64ddb0000155-20250420124357001168,false,true,100,750,2025-04-20T12:43:57.001168Z,29.9,,6,0,1,da8b1f31-b35d-4329-875c-d1e8c3f39f55,0.170,8c1f64ddb0000155,10
attachments/,"""0b00fcc7-0000-0d00-0000-6804ee650000""",LHocAPPPqmV09ikAAAAAAA==,dbs/LHocAA==/colls/LHocAPPPqmU=/docs/LHocAPPPqmV09ikAAAAAAA==/,1745153637,25,,,false,,44,false,8c1f64ddb0000155-20250420124627300590,false,true,100,750,2025-04-20T12:46:27.300590Z,29.7,,6,0,1,da8b1f31-b35d-4329-875c-d1e8c3f39f55,0.170,8c1f64ddb0000155,10
attachments/,"""0b00fdc7-0000-0d00-0000-6804ee650000""",LHocAPPPqmV19ikAAAAAAA==,dbs/LHocAA==/colls/LHocAPPPqmU=/docs/LHocAPPPqmV19ikAAAAAAA==/,1745153637,25,,,false,,44,false,8c1f64ddb0000155-20250420124857300590,false,true,100,750,2025-04-20T12:48:57.300590Z,29.6,,6,0,1,da8b1f31-b35d-4329-875c-d1e8c3f39f55,0.160,8c1f64ddb0000155,10
attachments/,"""0b00fec7-0000-0d00-0000-6804ee650000""",LHocAPPPqmV29ikAAAAAAA==,dbs/LHocAA==/colls/LHocAPPPqmU=/docs/LHocAPPPqmV29ikAAAAAAA==/,1745153637,25,,,false,,45,false,8c1f64ddb0000155-20250420125127300590,false,true,100,750,2025-04-20T12:51:27.300590Z,29.4,,6,0,1,da8b1f31-b35d-4329-875c-d1e8c3f39f55,0.160,8c1f64ddb0000155,10
attachments/,"""0b00ffc7-0000-0d00-0000-6804ee650000""",LHocAPPPqmV39ikAAAAAAA==,dbs/LHocAA==/colls/LHocAPPPqmU=/docs/LHocAPPPqmV39ikAAAAAAA==/,1745153637,25,,,false,32.9,45,false,8c1f64ddb0000155-20250420125357300590,false,true,100,750,2025-04-20T12:53:57.300590Z,29.3,,6,0,1,da8b1f31-b35d-4329-875c-d1e8c3f39f55,0.150,8c1f64ddb0000155,10
attachments/,"""0b00f8c8-0000-0d00-0000-6804f0bd0000""",LHocAPPPqmUE9ykAAAAAAA==,dbs/LHocAA==/colls/LHocAPPPqmU=/docs/LHocAPPPqmUE9ykAAAAAAA==/,1745154237,25.1,2.96,0,false,,46,false,8c1f64ddb0000155-20250420130127014065,false,true,64,750,2025-04-20T13:01:27.014065Z,28.9,0,6,0,1,da8b1f31-b35d-4329-875c-d1e8c3f39f55,0.140,8c1f64ddb0000155,6
attachments/,"""0b00f9c8-0000-0d00-0000-6804f0bd0000""",LHocAPPPqmUF9ykAAAAAAA==,dbs/LHocAA==/colls/LHocAPPPqmU=/docs/LHocAPPPqmUF9ykAAAAAAA==/,1745154237,25.1,2.96,0,false,,45,false,8c1f64ddb0000155-20250420125627014065,false,true,64,750,2025-04-20T12:56:27.014065Z,29.2,0,6,0,1,da8b1f31-b35d-4329-875c-d1e8c3f39f55,0.150,8c1f64ddb0000155,6
attachments/,"""0b00fac8-0000-0d00-0000-6804f0bd0000""",LHocAPPPqmUG9ykAAAAAAA==,dbs/LHocAA==/colls/LHocAPPPqmU=/docs/LHocAPPPqmUG9ykAAAAAAA==/,1745154237,25.1,2.96,0,false,,46,false,8c1f64ddb0000155-20250420125857014065,false,true,64,750,2025-04-20T12:58:57.014065Z,29,0,6,0,1,da8b1f31-b35d-4329-875c-d1e8c3f39f55,0.140,8c1f64ddb0000155,6
attachments/,"""0b00fbc8-0000-0d00-0000-6804f0bd0000""",LHocAPPPqmUH9ykAAAAAAA==,dbs/LHocAA==/colls/LHocAPPPqmU=/docs/LHocAPPPqmUH9ykAAAAAAA==/,1745154237,25.1,2.96,0,false,31.9,46,false,8c1f64ddb0000155-20250420130357014065,false,true,64,750,2025-04-20T13:03:57.014065Z,28.7,0,6,0,1,da8b1f31-b35d-4329-875c-d1e8c3f39f55,0.130,8c1f64ddb0000155,6
attachments/,"""0b0001ca-0000-0d00-0000-6804f3150000""",LHocAPPPqmWW9ykAAAAAAA==,dbs/LHocAA==/colls/LHocAPPPqmU=/docs/LHocAPPPqmWW9ykAAAAAAA==/,1745154837,25.1,,,false,,47,false,8c1f64ddb0000155-20250420130627234115,false,true,64,750,2025-04-20T13:06:27.234115Z,28.6,,6,0,1,da8b1f31-b35d-4329-875c-d1e8c3f39f55,0.130,8c1f64ddb0000155,6
attachments/,"""0b0002ca-0000-0d00-0000-6804f3150000""",LHocAPPPqmWX9ykAAAAAAA==,dbs/LHocAA==/colls/LHocAPPPqmU=/docs/LHocAPPPqmWX9ykAAAAAAA==/,1745154837,25.1,,,false,,47,false,8c1f64ddb0000155-20250420130857234115,false,true,64,750,2025-04-20T13:08:57.234115Z,28.4,,6,0,1,da8b1f31-b35d-4329-875c-d1e8c3f39f55,0.120,8c1f64ddb0000155,6
attachments/,"""0b0003ca-0000-0d00-0000-6804f3150000""",LHocAPPPqmWY9ykAAAAAAA==,dbs/LHocAA==/colls/LHocAPPPqmU=/docs/LHocAPPPqmWY9ykAAAAAAA==/,1745154837,25.1,,,false,,47,false,8c1f64ddb0000155-20250420131127234115,false,true,64,750,2025-04-20T13:11:27.234115Z,28.3,,6,0,1,da8b1f31-b35d-4329-875c-d1e8c3f39f55,0.120,8c1f64ddb0000155,6
attachments/,"""0b0004ca-0000-0d00-0000-6804f3150000""",LHocAPPPqmWZ9ykAAAAAAA==,dbs/LHocAA==/colls/LHocAPPPqmU=/docs/LHocAPPPqmWZ9ykAAAAAAA==/,1745154837,25.1,,,false,31,48,false,8c1f64ddb0000155-20250420131357234115,false,true,64,750,2025-04-20T13:13:57.234115Z,28.2,,6,0,1,da8b1f31-b35d-4329-875c-d1e8c3f39f55,0.120,8c1f64ddb0000155,6
attachments/,"""0b00f9ca-0000-0d00-0000-6804f56d0000""",LHocAPPPqmUm+CkAAAAAAA==,dbs/LHocAA==/colls/LHocAPPPqmU=/docs/LHocAPPPqmUm+CkAAAAAAA==/,1745155437,25.1,,,false,30.2,49,false,8c1f64ddb0000155-20250420132356979210,false,true,64,750,2025-04-20T13:23:56.979210Z,27.7,,6,0,1,da8b1f31-b35d-4329-875c-d1e8c3f39f55,0.100,8c1f64ddb0000155,6
attachments/,"""0b00faca-0000-0d00-0000-6804f56d0000""",LHocAPPPqmUn+CkAAAAAAA==,dbs/LHocAA==/colls/LHocAPPPqmU=/docs/LHocAPPPqmUn+CkAAAAAAA==/,1745155437,25.1,,,false,,48,false,8c1f64ddb0000155-20250420131626979210,false,true,64,750,2025-04-20T13:16:26.979210Z,28,,6,0,1,da8b1f31-b35d-4329-875c-d1e8c3f39f55,0.110,8c1f64ddb0000155,6
attachments/,"""0b00fbca-0000-0d00-0000-6804f56d0000""",LHocAPPPqmUo+CkAAAAAAA==,dbs/LHocAA==/colls/LHocAPPPqmU=/docs/LHocAPPPqmUo+CkAAAAAAA==/,1745155437,25.1,,,false,,48,false,8c1f64ddb0000155-20250420131856979210,false,true,64,750,2025-04-20T13:18:56.979210Z,27.9,,6,0,1,da8b1f31-b35d-4329-875c-d1e8c3f39f55,0.110,8c1f64ddb0000155,6
attachments/,"""0b00fcca-0000-0d00-0000-6804f56d0000""",LHocAPPPqmUp+CkAAAAAAA==,dbs/LHocAA==/colls/LHocAPPPqmU=/docs/LHocAPPPqmUp+CkAAAAAAA==/,1745155437,25.1,,,false,,48,false,8c1f64ddb0000155-20250420132126979210,false,true,64,750,2025-04-20T13:21:26.979210Z,27.8,,6,0,1,da8b1f31-b35d-4329-875c-d1e8c3f39f55,0.110,8c1f64ddb0000155,6
attachments/,"""0b00fdcb-0000-0d00-0000-6804f7c40000""",LHocAPPPqmW2+CkAAAAAAA==,dbs/LHocAA==/colls/LHocAPPPqmU=/docs/LHocAPPPqmW2+CkAAAAAAA==/,1745156036,25.1,2.96,0,false,,49,false,8c1f64ddb0000155-20250420132626380660,false,true,64,750,2025-04-20T13:26:26.380660Z,27.5,0,6,0,1,da8b1f31-b35d-4329-875c-d1e8c3f39f55,0.100,8c1f64ddb0000155,6
attachments/,"""0b00fecb-0000-0d00-0000-6804f7c40000""",LHocAPPPqmW3+CkAAAAAAA==,dbs/LHocAA==/colls/LHocAPPPqmU=/docs/LHocAPPPqmW3+CkAAAAAAA==/,1745156036,25.1,2.96,0,false,,49,false,8c1f64ddb0000155-20250420132856380660,false,true,64,750,2025-04-20T13:28:56.380660Z,27.4,0,6,0,1,da8b1f31-b35d-4329-875c-d1e8c3f39f55,0.100,8c1f64ddb0000155,6
attachments/,"""0b00ffcb-0000-0d00-0000-6804f7c40000""",LHocAPPPqmW4+CkAAAAAAA==,dbs/LHocAA==/colls/LHocAPPPqmU=/docs/LHocAPPPqmW4+CkAAAAAAA==/,1745156036,25.1,2.96,0,false,,50,false,8c1f64ddb0000155-20250420133126380660,false,true,64,750,2025-04-20T13:31:26.380660Z,27.2,0,6,0,1,da8b1f31-b35d-4329-875c-d1e8c3f39f55,0.100,8c1f64ddb0000155,6
attachments/,"""0b0000cc-0000-0d00-0000-6804f7c40000""",LHocAPPPqmW5+CkAAAAAAA==,dbs/LHocAA==/colls/LHocAPPPqmU=/docs/LHocAPPPqmW5+CkAAAAAAA==/,1745156036,25.1,2.96,0,false,29.5,50,false,8c1f64ddb0000155-20250420133356380660,false,true,64,750,2025-04-20T13:33:56.380660Z,27.1,0,6,0,1,da8b1f31-b35d-4329-875c-d1e8c3f39f55,0.0900,8c1f64ddb0000155,6
attachments/,"""0b00fccc-0000-0d00-0000-6804fa1d0000""",LHocAPPPqmVG+SkAAAAAAA==,dbs/LHocAA==/colls/LHocAPPPqmU=/docs/LHocAPPPqmVG+SkAAAAAAA==/,1745156637,25.1,,,false,,51,false,8c1f64ddb0000155-20250420133857620372,false,true,64,750,2025-04-20T13:38:57.620372Z,26.9,,6,0,1,da8b1f31-b35d-4329-875c-d1e8c3f39f55,0.0900,8c1f64ddb0000155,6
attachments/,"""0b00fdcc-0000-0d00-0000-6804fa1e0000""",LHocAPPPqmVH+SkAAAAAAA==,dbs/LHocAA==/colls/LHocAPPPqmU=/docs/LHocAPPPqmVH+SkAAAAAAA==/,1745156638,25.1,,,false,,51,false,8c1f64ddb0000155-20250420133627620372,false,true,64,750,2025-04-20T13:36:27.620372Z,27,,6,0,1,da8b1f31-b35d-4329-875c-d1e8c3f39f55,0.0900,8c1f64ddb0000155,6
attachments/,"""0b00fecc-0000-0d00-0000-6804fa1e0000""",LHocAPPPqmVI+SkAAAAAAA==,dbs/LHocAA==/colls/LHocAPPPqmU=/docs/LHocAPPPqmVI+SkAAAAAAA==/,1745156638,25.1,,,false,,51,false,8c1f64ddb0000155-20250420134127620372,false,true,64,750,2025-04-20T13:41:27.620372Z,26.8,,6,0,1,da8b1f31-b35d-4329-875c-d1e8c3f39f55,0.0900,8c1f64ddb0000155,6
attachments/,"""0b00ffcc-0000-0d00-0000-6804fa1e0000""",LHocAPPPqmVJ+SkAAAAAAA==,dbs/LHocAA==/colls/LHocAPPPqmU=/docs/LHocAPPPqmVJ+SkAAAAAAA==/,1745156638,25.1,,,false,28.9,51,false,8c1f64ddb0000155-20250420134357620372,false,true,64,750,2025-04-20T13:43:57.620372Z,26.7,,6,0,1,da8b1f31-b35d-4329-875c-d1e8c3f39f55,0.0900,8c1f64ddb0000155,6
attachments/,"""0b000dce-0000-0d00-0000-6804fc750000""",LHocAPPPqmXW+SkAAAAAAA==,dbs/LHocAA==/colls/LHocAPPPqmU=/docs/LHocAPPPqmXW+SkAAAAAAA==/,1745157237,25.1,,,false,,52,false,8c1f64ddb0000155-20250420134857252524,false,true,72,750,2025-04-20T13:48:57.252524Z,26.5,,6,0,1,da8b1f31-b35d-4329-875c-d1e8c3f39f55,0.0800,8c1f64ddb0000155,7
attachments/,"""0b000ece-0000-0d00-0000-6804fc750000""",LHocAPPPqmXX+SkAAAAAAA==,dbs/LHocAA==/colls/LHocAPPPqmU=/docs/LHocAPPPqmXX+SkAAAAAAA==/,1745157237,25.1,,,false,,52,false,8c1f64ddb0000155-20250420134627252524,false,true,72,750,2025-04-20T13:46:27.252524Z,26.6,,6,0,1,da8b1f31-b35d-4329-875c-d1e8c3f39f55,0.0800,8c1f64ddb0000155,7
attachments/,"""0b000fce-0000-0d00-0000-6804fc750000""",LHocAPPPqmXY+SkAAAAAAA==,dbs/LHocAA==/colls/LHocAPPPqmU=/docs/LHocAPPPqmXY+SkAAAAAAA==/,1745157237,25.1,,,false,,52,false,8c1f64ddb0000155-20250420135127252524,false,true,72,750,2025-04-20T13:51:27.252524Z,26.3,,6,0,1,da8b1f31-b35d-4329-875c-d1e8c3f39f55,0.0800,8c1f64ddb0000155,7
attachments/,"""0b0010ce-0000-0d00-0000-6804fc750000""",LHocAPPPqmXZ+SkAAAAAAA==,dbs/LHocAA==/colls/LHocAPPPqmU=/docs/LHocAPPPqmXZ+SkAAAAAAA==/,1745157237,25.1,,,false,28.3,53,false,8c1f64ddb0000155-20250420135357252524,false,true,72,750,2025-04-20T13:53:57.252524Z,26.3,,6,0,1,da8b1f31-b35d-4329-875c-d1e8c3f39f55,0.0800,8c1f64ddb0000155,7
attachments/,"""0b0036cf-0000-0d00-0000-6804fecc0000""",LHocAPPPqmVm+ikAAAAAAA==,dbs/LHocAA==/colls/LHocAPPPqmU=/docs/LHocAPPPqmVm+ikAAAAAAA==/,1745157836,25.1,2.96,0,false,,53,false,8c1f64ddb0000155-20250420135626468735,false,true,72,750,2025-04-20T13:56:26.468735Z,26.2,0,6,0,1,da8b1f31-b35d-4329-875c-d1e8c3f39f55,0.0800,8c1f64ddb0000155,7
attachments/,"""0b0037cf-0000-0d00-0000-6804fecc0000""",LHocAPPPqmVn+ikAAAAAAA==,dbs/LHocAA==/colls/LHocAPPPqmU=/docs/LHocAPPPqmVn+ikAAAAAAA==/,1745157836,25.1,2.96,0,false,,53,false,8c1f64ddb0000155-20250420135856468735,false,true,72,750,2025-04-20T13:58:56.468735Z,26.1,0,6,0,1,da8b1f31-b35d-4329-875c-d1e8c3f39f55,0.0800,8c1f64ddb0000155,7
attachments/,"""0b0038cf-0000-0d00-0000-6804fecd0000""",LHocAPPPqmVo+ikAAAAAAA==,dbs/LHocAA==/colls/LHocAPPPqmU=/docs/LHocAPPPqmVo+ikAAAAAAA==/,1745157837,25,2.96,0,false,,53,false,8c1f64ddb0000155-20250420140126468735,false,true,72,750,2025-04-20T14:01:26.468735Z,26,0,6,0,1,da8b1f31-b35d-4329-875c-d1e8c3f39f55,0.0700,8c1f64ddb0000155,7
attachments/,"""0b0039cf-0000-0d00-0000-6804fecd0000""",LHocAPPPqmVp+ikAAAAAAA==,dbs/LHocAA==/colls/LHocAPPPqmU=/docs/LHocAPPPqmVp+ikAAAAAAA==/,1745157837,25,2.96,0,false,27.8,54,false,8c1f64ddb0000155-20250420140356468735,false,true,72,750,2025-04-20T14:03:56.468735Z,25.9,0,6,0,1,da8b1f31-b35d-4329-875c-d1e8c3f39f55,0.0700,8c1f64ddb0000155,7
attachments/,"""0b003ed0-0000-0d00-0000-680501250000""",LHocAPPPqmXy+ikAAAAAAA==,dbs/LHocAA==/colls/LHocAPPPqmU=/docs/LHocAPPPqmXy+ikAAAAAAA==/,1745158437,25,,,false,,54,false,8c1f64ddb0000155-20250420141127340519,false,true,108,750,2025-04-20T14:11:27.340519Z,25.7,,6,0,1,da8b1f31-b35d-4329-875c-d1e8c3f39f55,0.0700,8c1f64ddb0000155,11
attachments/,"""0b003fd0-0000-0d00-0000-680501250000""",LHocAPPPqmXz+ikAAAAAAA==,dbs/LHocAA==/colls/LHocAPPPqmU=/docs/LHocAPPPqmXz+ikAAAAAAA==/,1745158437,25,,,false,,54,false,8c1f64ddb0000155-20250420140627340519,false,true,108,750,2025-04-20T14:06:27.340519Z,25.8,,6,0,1,da8b1f31-b35d-4329-875c-d1e8c3f39f55,0.0700,8c1f64ddb0000155,11
attachments/,"""0b0040d0-0000-0d00-0000-680501250000""",LHocAPPPqmX0+ikAAAAAAA==,dbs/LHocAA==/colls/LHocAPPPqmU=/docs/LHocAPPPqmX0+ikAAAAAAA==/,1745158437,25,,,false,,54,false,8c1f64ddb0000155-20250420140857340519,false,true,108,750,2025-04-20T14:08:57.340519Z,25.8,,6,0,1,da8b1f31-b35d-4329-875c-d1e8c3f39f55,0.0700,8c1f64ddb0000155,11
attachments/,"""0b0041d0-0000-0d00-0000-680501250000""",LHocAPPPqmX1+ikAAAAAAA==,dbs/LHocAA==/colls/LHocAPPPqmU=/docs/LHocAPPPqmX1+ikAAAAAAA==/,1745158437,25,,,false,27.4,55,false,8c1f64ddb0000155-20250420141357340519,false,true,108,750,2025-04-20T14:13:57.340519Z,25.6,,6,0,1,da8b1f31-b35d-4329-875c-d1e8c3f39f55,0.0700,8c1f64ddb0000155,11
attachments/,"""0b0036d1-0000-0d00-0000-6805037d0000""",LHocAPPPqmWC+ykAAAAAAA==,dbs/LHocAA==/colls/LHocAPPPqmU=/docs/LHocAPPPqmWC+ykAAAAAAA==/,1745159037,24.9,,,false,,55,false,8c1f64ddb0000155-20250420142127060573,false,true,168,750,2025-04-20T14:21:27.060573Z,25.4,,6,0,1,da8b1f31-b35d-4329-875c-d1e8c3f39f55,0.0600,8c1f64ddb0000155,17
attachments/,"""0b0037d1-0000-0d00-0000-6805037d0000""",LHocAPPPqmWD+ykAAAAAAA==,dbs/LHocAA==/colls/LHocAPPPqmU=/docs/LHocAPPPqmWD+ykAAAAAAA==/,1745159037,24.9,,,false,27,55,false,8c1f64ddb0000155-20250420142357060573,false,true,168,750,2025-04-20T14:23:57.060573Z,25.3,,6,0,1,da8b1f31-b35d-4329-875c-d1e8c3f39f55,0.0600,8c1f64ddb0000155,17
attachments/,"""0b003cd1-0000-0d00-0000-6805037e0000""",LHocAPPPqmWE+ykAAAAAAA==,dbs/LHocAA==/colls/LHocAPPPqmU=/docs/LHocAPPPqmWE+ykAAAAAAA==/,1745159038,25,,,false,,55,false,8c1f64ddb0000155-20250420141627060573,false,true,168,750,2025-04-20T14:16:27.060573Z,25.5,,6,0,1,da8b1f31-b35d-4329-875c-d1e8c3f39f55,0.0600,8c1f64ddb0000155,17
attachments/,"""0b003dd1-0000-0d00-0000-6805037e0000""",LHocAPPPqmWF+ykAAAAAAA==,dbs/LHocAA==/colls/LHocAPPPqmU=/docs/LHocAPPPqmWF+ykAAAAAAA==/,1745159038,24.9,,,false,,55,false,8c1f64ddb0000155-20250420141857060573,false,true,168,750,2025-04-20T14:18:57.060573Z,25.5,,6,0,1,da8b1f31-b35d-4329-875c-d1e8c3f39f55,0.0600,8c1f64ddb0000155,17
attachments/,"""0b0036d2-0000-0d00-0000-680505d50000""",LHocAPPPqmUS-CkAAAAAAA==,dbs/LHocAA==/colls/LHocAPPPqmU=/docs/LHocAPPPqmUS-CkAAAAAAA==/,1745159637,24.9,2.96,0,false,,55,false,8c1f64ddb0000155-20250420142626819794,false,true,168,750,2025-04-20T14:26:26.819794Z,25.3,0,6,0,1,da8b1f31-b35d-4329-875c-d1e8c3f39f55,0.0600,8c1f64ddb0000155,17
attachments/,"""0b0037d2-0000-0d00-0000-680505d50000""",LHocAPPPqmUT-CkAAAAAAA==,dbs/LHocAA==/colls/LHocAPPPqmU=/docs/LHocAPPPqmUT-CkAAAAAAA==/,1745159637,24.9,2.96,0,false,,56,false,8c1f64ddb0000155-20250420142856819794,false,true,168,750,2025-04-20T14:28:56.819794Z,25.2,0,6,0,1,da8b1f31-b35d-4329-875c-d1e8c3f39f55,0.0600,8c1f64ddb0000155,17
attachments/,"""0b0038d2-0000-0d00-0000-680505d50000""",LHocAPPPqmUU-CkAAAAAAA==,dbs/LHocAA==/colls/LHocAPPPqmU=/docs/LHocAPPPqmUU-CkAAAAAAA==/,1745159637,24.9,2.96,0,false,,56,false,8c1f64ddb0000155-20250420143126819794,false,true,168,750,2025-04-20T14:31:26.819794Z,25.2,0,6,0,1,da8b1f31-b35d-4329-875c-d1e8c3f39f55,0.0600,8c1f64ddb0000155,17
attachments/,"""0b0039d2-0000-0d00-0000-680505d50000""",LHocAPPPqmUV-CkAAAAAAA==,dbs/LHocAA==/colls/LHocAPPPqmU=/docs/LHocAPPPqmUV-CkAAAAAAA==/,1745159637,24.8,2.96,0,false,26.6,56,false,8c1f64ddb0000155-20250420143356819794,false,true,168,750,2025-04-20T14:33:56.819794Z,25.1,0,6,0,1,da8b1f31-b35d-4329-875c-d1e8c3f39f55,0.0600,8c1f64ddb0000155,17
attachments/,"""0b004dd3-0000-0d00-0000-6805082c0000""",LHocAPPPqmWi-CkAAAAAAA==,dbs/LHocAA==/colls/LHocAPPPqmU=/docs/LHocAPPPqmWi-CkAAAAAAA==/,1745160236,24.8,,,false,,56,false,8c1f64ddb0000155-20250420143625810567,false,true,228,750,2025-04-20T14:36:25.810567Z,25.1,,6,0,1,da8b1f31-b35d-4329-875c-d1e8c3f39f55,0.0600,8c1f64ddb0000155,23
attachments/,"""0b004ed3-0000-0d00-0000-6805082c0000""",LHocAPPPqmWj-CkAAAAAAA==,dbs/LHocAA==/colls/LHocAPPPqmU=/docs/LHocAPPPqmWj-CkAAAAAAA==/,1745160236,24.8,,,false,,56,false,8c1f64ddb0000155-20250420143855810567,false,true,228,750,2025-04-20T14:38:55.810567Z,25,,6,0,1,da8b1f31-b35d-4329-875c-d1e8c3f39f55,0.0500,8c1f64ddb0000155,23
attachments/,"""0b004fd3-0000-0d00-0000-6805082c0000""",LHocAPPPqmWk-CkAAAAAAA==,dbs/LHocAA==/colls/LHocAPPPqmU=/docs/LHocAPPPqmWk-CkAAAAAAA==/,1745160236,24.8,,,false,,56,false,8c1f64ddb0000155-20250420144125810567,false,true,228,750,2025-04-20T14:41:25.810567Z,25,,6,0,1,da8b1f31-b35d-4329-875c-d1e8c3f39f55,0.0500,8c1f64ddb0000155,23
attachments/,"""0b0050d3-0000-0d00-0000-6805082c0000""",LHocAPPPqmWl-CkAAAAAAA==,dbs/LHocAA==/colls/LHocAPPPqmU=/docs/LHocAPPPqmWl-CkAAAAAAA==/,1745160236,24.8,,,false,26.3,56,false,8c1f64ddb0000155-20250420144355810567,false,true,228,750,2025-04-20T14:43:55.810567Z,24.9,,6,0,1,da8b1f31-b35d-4329-875c-d1e8c3f39f55,0.0500,8c1f64ddb0000155,23
attachments/,"""0b00fad4-0000-0d00-0000-68050a840000""",LHocAPPPqmUv-SkAAAAAAA==,dbs/LHocAA==/colls/LHocAPPPqmU=/docs/LHocAPPPqmUv-SkAAAAAAA==/,1745160836,24.7,,,false,,57,false,8c1f64ddb0000155-20250420144856390634,false,true,288,750,2025-04-20T14:48:56.390634Z,24.8,,6,0,1,da8b1f31-b35d-4329-875c-d1e8c3f39f55,0.0500,8c1f64ddb0000155,29
attachments/,"""0b00fbd4-0000-0d00-0000-68050a840000""",LHocAPPPqmUw-SkAAAAAAA==,dbs/LHocAA==/colls/LHocAPPPqmU=/docs/LHocAPPPqmUw-SkAAAAAAA==/,1745160836,24.8,,,false,,57,false,8c1f64ddb0000155-20250420144626390634,false,true,288,750,2025-04-20T14:46:26.390634Z,24.9,,6,0,1,da8b1f31-b35d-4329-875c-d1e8c3f39f55,0.0500,8c1f64ddb0000155,29
attachments/,"""0b00fcd4-0000-0d00-0000-68050a840000""",LHocAPPPqmUx-SkAAAAAAA==,dbs/LHocAA==/colls/LHocAPPPqmU=/docs/LHocAPPPqmUx-SkAAAAAAA==/,1745160836,24.7,,,false,26.1,57,false,8c1f64ddb0000155-20250420145356390634,false,true,288,750,2025-04-20T14:53:56.390634Z,24.8,,6,0,1,da8b1f31-b35d-4329-875c-d1e8c3f39f55,0.0500,8c1f64ddb0000155,29
attachments/,"""0b00fdd4-0000-0d00-0000-68050a840000""",LHocAPPPqmUy-SkAAAAAAA==,dbs/LHocAA==/colls/LHocAPPPqmU=/docs/LHocAPPPqmUy-SkAAAAAAA==/,1745160836,24.7,,,false,,57,false,8c1f64ddb0000155-20250420145126390634,false,true,288,750,2025-04-20T14:51:26.390634Z,24.8,,6,0,1,da8b1f31-b35d-4329-875c-d1e8c3f39f55,0.0500,8c1f64ddb0000155,29
attachments/,"""0b0047d6-0000-0d00-0000-68050cdc0000""",LHocAPPPqmW9-SkAAAAAAA==,dbs/LHocAA==/colls/LHocAPPPqmU=/docs/LHocAPPPqmW9-SkAAAAAAA==/,1745161436,24.7,2.96,0,false,,57,false,8c1f64ddb0000155-20250420145626427895,false,true,288,750,2025-04-20T14:56:26.427895Z,24.7,0,6,0,1,da8b1f31-b35d-4329-875c-d1e8c3f39f55,0.0600,8c1f64ddb0000155,29
attachments/,"""0b0048d6-0000-0d00-0000-68050cdd0000""",LHocAPPPqmW+-SkAAAAAAA==,dbs/LHocAA==/colls/LHocAPPPqmU=/docs/LHocAPPPqmW+-SkAAAAAAA==/,1745161437,24.7,2.96,0,false,,57,false,8c1f64ddb0000155-20250420145856427895,false,true,288,750,2025-04-20T14:58:56.427895Z,24.7,0,6,0,1,da8b1f31-b35d-4329-875c-d1e8c3f39f55,0.0600,8c1f64ddb0000155,29
attachments/,"""0b0049d6-0000-0d00-0000-68050cdd0000""",LHocAPPPqmW--SkAAAAAAA==,dbs/LHocAA==/colls/LHocAPPPqmU=/docs/LHocAPPPqmW--SkAAAAAAA==/,1745161437,24.6,2.96,0,false,,57,false,8c1f64ddb0000155-20250420150126427895,false,true,288,750,2025-04-20T15:01:26.427895Z,24.7,0,6,0,1,da8b1f31-b35d-4329-875c-d1e8c3f39f55,0.0600,8c1f64ddb0000155,29
attachments/,"""0b004ad6-0000-0d00-0000-68050cdd0000""",LHocAPPPqmXA-SkAAAAAAA==,dbs/LHocAA==/colls/LHocAPPPqmU=/docs/LHocAPPPqmXA-SkAAAAAAA==/,1745161437,24.6,2.96,0,false,26.2,57,false,8c1f64ddb0000155-20250420150356427895,false,true,288,750,2025-04-20T15:03:56.427895Z,24.7,0,6,0,1,da8b1f31-b35d-4329-875c-d1e8c3f39f55,0.0600,8c1f64ddb0000155,29
attachments/,"""0b0046d7-0000-0d00-0000-68050f350000""",LHocAPPPqmVJ-ikAAAAAAA==,dbs/LHocAA==/colls/LHocAPPPqmU=/docs/LHocAPPPqmVJ-ikAAAAAAA==/,1745162037,24.6,,,false,,57,false,8c1f64ddb0000155-20250420150627249631,false,true,348,750,2025-04-20T15:06:27.249631Z,24.6,,6,0,1,da8b1f31-b35d-4329-875c-d1e8c3f39f55,0.0600,8c1f64ddb0000155,35
attachments/,"""0b0047d7-0000-0d00-0000-68050f350000""",LHocAPPPqmVK-ikAAAAAAA==,dbs/LHocAA==/colls/LHocAPPPqmU=/docs/LHocAPPPqmVK-ikAAAAAAA==/,1745162037,24.6,,,false,26.3,58,false,8c1f64ddb0000155-20250420151357249631,false,true,348,750,2025-04-20T15:13:57.249631Z,24.6,,6,0,1,da8b1f31-b35d-4329-875c-d1e8c3f39f55,0.0700,8c1f64ddb0000155,35
attachments/,"""0b0048d7-0000-0d00-0000-68050f360000""",LHocAPPPqmVL-ikAAAAAAA==,dbs/LHocAA==/colls/LHocAPPPqmU=/docs/LHocAPPPqmVL-ikAAAAAAA==/,1745162038,24.6,,,false,,57,false,8c1f64ddb0000155-20250420150857249631,false,true,348,750,2025-04-20T15:08:57.249631Z,24.6,,6,0,1,da8b1f31-b35d-4329-875c-d1e8c3f39f55,0.0600,8c1f64ddb0000155,35
attachments/,"""0b0049d7-0000-0d00-0000-68050f360000""",LHocAPPPqmVM-ikAAAAAAA==,dbs/LHocAA==/colls/LHocAPPPqmU=/docs/LHocAPPPqmVM-ikAAAAAAA==/,1745162038,24.6,,,false,,58,false,8c1f64ddb0000155-20250420151127249631,false,true,348,750,2025-04-20T15:11:27.249631Z,24.6,,6,0,1,da8b1f31-b35d-4329-875c-d1e8c3f39f55,0.0700,8c1f64ddb0000155,35
attachments/,"""0b0044d8-0000-0d00-0000-6805118c0000""",LHocAPPPqmXa-ikAAAAAAA==,dbs/LHocAA==/colls/LHocAPPPqmU=/docs/LHocAPPPqmXa-ikAAAAAAA==/,1745162636,24.5,,,false,,57,false,8c1f64ddb0000155-20250420151856135585,false,true,400,750,2025-04-20T15:18:56.135585Z,24.6,,6,0,1,da8b1f31-b35d-4329-875c-d1e8c3f39f55,0.0700,8c1f64ddb0000155,40
attachments/,"""0b0045d8-0000-0d00-0000-6805118c0000""",LHocAPPPqmXb-ikAAAAAAA==,dbs/LHocAA==/colls/LHocAPPPqmU=/docs/LHocAPPPqmXb-ikAAAAAAA==/,1745162636,24.5,,,false,,58,false,8c1f64ddb0000155-20250420151626135585,false,true,400,750,2025-04-20T15:16:26.135585Z,24.6,,6,0,1,da8b1f31-b35d-4329-875c-d1e8c3f39f55,0.0700,8c1f64ddb0000155,40
attachments/,"""0b0046d8-0000-0d00-0000-6805118c0000""",LHocAPPPqmXc-ikAAAAAAA==,dbs/LHocAA==/colls/LHocAPPPqmU=/docs/LHocAPPPqmXc-ikAAAAAAA==/,1745162636,24.5,,,false,,58,false,8c1f64ddb0000155-20250420152126135585,false,true,400,750,2025-04-20T15:21:26.135585Z,24.6,,6,0,1,da8b1f31-b35d-4329-875c-d1e8c3f39f55,0.0800,8c1f64ddb0000155,40
attachments/,"""0b0047d8-0000-0d00-0000-6805118c0000""",LHocAPPPqmXd-ikAAAAAAA==,dbs/LHocAA==/colls/LHocAPPPqmU=/docs/LHocAPPPqmXd-ikAAAAAAA==/,1745162636,24.5,,,false,26.5,57,false,8c1f64ddb0000155-20250420152356135585,false,true,400,750,2025-04-20T15:23:56.135585Z,24.7,,6,0,1,da8b1f31-b35d-4329-875c-d1e8c3f39f55,0.0800,8c1f64ddb0000155,40
attachments/,"""0b003dd9-0000-0d00-0000-680513e40000""",LHocAPPPqmVq-ykAAAAAAA==,dbs/LHocAA==/colls/LHocAPPPqmU=/docs/LHocAPPPqmVq-ykAAAAAAA==/,1745163236,24.5,2.95,0,false,,57,false,8c1f64ddb0000155-20250420152625684816,false,true,400,750,2025-04-20T15:26:25.684816Z,24.7,0,6,0,1,da8b1f31-b35d-4329-875c-d1e8c3f39f55,0.0800,8c1f64ddb0000155,40
attachments/,"""0b003ed9-0000-0d00-0000-680513e40000""",LHocAPPPqmVr-ykAAAAAAA==,dbs/LHocAA==/colls/LHocAPPPqmU=/docs/LHocAPPPqmVr-ykAAAAAAA==/,1745163236,24.5,2.95,0,false,,57,false,8c1f64ddb0000155-20250420153125684816,false,true,400,750,2025-04-20T15:31:25.684816Z,24.7,0,6,0,1,da8b1f31-b35d-4329-875c-d1e8c3f39f55,0.0800,8c1f64ddb0000155,40
attachments/,"""0b003fd9-0000-0d00-0000-680513e40000""",LHocAPPPqmVs-ykAAAAAAA==,dbs/LHocAA==/colls/LHocAPPPqmU=/docs/LHocAPPPqmVs-ykAAAAAAA==/,1745163236,24.5,2.95,0,false,,57,false,8c1f64ddb0000155-20250420152855684816,false,true,400,750,2025-04-20T15:28:55.684816Z,24.7,0,6,0,1,da8b1f31-b35d-4329-875c-d1e8c3f39f55,0.0800,8c1f64ddb0000155,40
attachments/,"""0b0040d9-0000-0d00-0000-680513e40000""",LHocAPPPqmVt-ykAAAAAAA==,dbs/LHocAA==/colls/LHocAPPPqmU=/docs/LHocAPPPqmVt-ykAAAAAAA==/,1745163236,24.4,2.95,0,false,26.6,57,false,8c1f64ddb0000155-20250420153355684816,false,true,400,750,2025-04-20T15:33:55.684816Z,24.7,0,6,0,1,da8b1f31-b35d-4329-875c-d1e8c3f39f55,0.0800,8c1f64ddb0000155,40
attachments/,"""0b003cda-0000-0d00-0000-6805163c0000""",LHocAPPPqmX6-ykAAAAAAA==,dbs/LHocAA==/colls/LHocAPPPqmU=/docs/LHocAPPPqmX6-ykAAAAAAA==/,1745163836,24.4,,,false,,57,false,8c1f64ddb0000155-20250420153625554564,false,true,400,750,2025-04-20T15:36:25.554564Z,24.7,,6,0,1,da8b1f31-b35d-4329-875c-d1e8c3f39f55,0.0800,8c1f64ddb0000155,40
attachments/,"""0b003dda-0000-0d00-0000-6805163c0000""",LHocAPPPqmX7-ykAAAAAAA==,dbs/LHocAA==/colls/LHocAPPPqmU=/docs/LHocAPPPqmX7-ykAAAAAAA==/,1745163836,24.4,,,false,,57,false,8c1f64ddb0000155-20250420153855554564,false,true,400,750,2025-04-20T15:38:55.554564Z,24.8,,6,0,1,da8b1f31-b35d-4329-875c-d1e8c3f39f55,0.0800,8c1f64ddb0000155,40
attachments/,"""0b003eda-0000-0d00-0000-6805163c0000""",LHocAPPPqmX8-ykAAAAAAA==,dbs/LHocAA==/colls/LHocAPPPqmU=/docs/LHocAPPPqmX8-ykAAAAAAA==/,1745163836,24.4,,,false,,57,false,8c1f64ddb0000155-20250420154125554564,false,true,400,750,2025-04-20T15:41:25.554564Z,24.8,,6,0,1,da8b1f31-b35d-4329-875c-d1e8c3f39f55,0.0800,8c1f64ddb0000155,40
attachments/,"""0b003fda-0000-0d00-0000-6805163c0000""",LHocAPPPqmX9-ykAAAAAAA==,dbs/LHocAA==/colls/LHocAPPPqmU=/docs/LHocAPPPqmX9-ykAAAAAAA==/,1745163836,24.4,,,false,26.8,57,false,8c1f64ddb0000155-20250420154355554564,false,true,400,750,2025-04-20T15:43:55.554564Z,24.8,,6,0,1,da8b1f31-b35d-4329-875c-d1e8c3f39f55,0.0800,8c1f64ddb0000155,40
attachments/,"""0b003edb-0000-0d00-0000-680518950000""",LHocAPPPqmWKACoAAAAAAA==,dbs/LHocAA==/colls/LHocAPPPqmU=/docs/LHocAPPPqmWKACoAAAAAAA==/,1745164437,24.3,,,false,,57,false,8c1f64ddb0000155-20250420155127139589,false,true,400,750,2025-04-20T15:51:27.139589Z,24.8,,6,0,1,da8b1f31-b35d-4329-875c-d1e8c3f39f55,0.0800,8c1f64ddb0000155,40
attachments/,"""0b003fdb-0000-0d00-0000-680518950000""",LHocAPPPqmWLACoAAAAAAA==,dbs/LHocAA==/colls/LHocAPPPqmU=/docs/LHocAPPPqmWLACoAAAAAAA==/,1745164437,24.4,,,false,,57,false,8c1f64ddb0000155-20250420154627139589,false,true,400,750,2025-04-20T15:46:27.139589Z,24.8,,6,0,1,da8b1f31-b35d-4329-875c-d1e8c3f39f55,0.0800,8c1f64ddb0000155,40
attachments/,"""0b0040db-0000-0d00-0000-680518950000""",LHocAPPPqmWMACoAAAAAAA==,dbs/LHocAA==/colls/LHocAPPPqmU=/docs/LHocAPPPqmWMACoAAAAAAA==/,1745164437,24.4,,,false,,57,false,8c1f64ddb0000155-20250420154857139589,false,true,400,750,2025-04-20T15:48:57.139589Z,24.8,,6,0,1,da8b1f31-b35d-4329-875c-d1e8c3f39f55,0.0800,8c1f64ddb0000155,40
attachments/,"""0b0041db-0000-0d00-0000-680518950000""",LHocAPPPqmWNACoAAAAAAA==,dbs/LHocAA==/colls/LHocAPPPqmU=/docs/LHocAPPPqmWNACoAAAAAAA==/,1745164437,24.3,,,false,26.8,57,false,8c1f64ddb0000155-20250420155357139589,false,true,400,750,2025-04-20T15:53:57.139589Z,24.8,,6,0,1,da8b1f31-b35d-4329-875c-d1e8c3f39f55,0.0800,8c1f64ddb0000155,40
attachments/,"""0b003bdc-0000-0d00-0000-68051aed0000""",LHocAPPPqmUbASoAAAAAAA==,dbs/LHocAA==/colls/LHocAPPPqmU=/docs/LHocAPPPqmUbASoAAAAAAA==/,1745165037,24.3,2.95,0,false,,57,false,8c1f64ddb0000155-20250420160127011024,false,true,400,750,2025-04-20T16:01:27.011024Z,24.8,0,6,0,1,da8b1f31-b35d-4329-875c-d1e8c3f39f55,0.0800,8c1f64ddb0000155,40
attachments/,"""0b003cdc-0000-0d00-0000-68051aed0000""",LHocAPPPqmUcASoAAAAAAA==,dbs/LHocAA==/colls/LHocAPPPqmU=/docs/LHocAPPPqmUcASoAAAAAAA==/,1745165037,24.3,2.95,0,false,,57,false,8c1f64ddb0000155-20250420155627011024,false,true,400,750,2025-04-20T15:56:27.011024Z,24.8,0,6,0,1,da8b1f31-b35d-4329-875c-d1e8c3f39f55,0.0800,8c1f64ddb0000155,40
attachments/,"""0b003ddc-0000-0d00-0000-68051aed0000""",LHocAPPPqmUdASoAAAAAAA==,dbs/LHocAA==/colls/LHocAPPPqmU=/docs/LHocAPPPqmUdASoAAAAAAA==/,1745165037,24.3,2.95,0,false,26.9,57,false,8c1f64ddb0000155-20250420160357011024,false,true,400,750,2025-04-20T16:03:57.011024Z,24.8,0,6,0,1,da8b1f31-b35d-4329-875c-d1e8c3f39f55,0.0800,8c1f64ddb0000155,40
attachments/,"""0b003edc-0000-0d00-0000-68051aed0000""",LHocAPPPqmUeASoAAAAAAA==,dbs/LHocAA==/colls/LHocAPPPqmU=/docs/LHocAPPPqmUeASoAAAAAAA==/,1745165037,24.3,2.95,0,false,,57,false,8c1f64ddb0000155-20250420155857011024,false,true,400,750,2025-04-20T15:58:57.011024Z,24.8,0,6,0,1,da8b1f31-b35d-4329-875c-d1e8c3f39f55,0.0800,8c1f64ddb0000155,40
attachments/,"""0b0047dd-0000-0d00-0000-68051d440000""",LHocAPPPqmWtASoAAAAAAA==,dbs/LHocAA==/colls/LHocAPPPqmU=/docs/LHocAPPPqmWtASoAAAAAAA==/,1745165636,24.2,,,false,,57,false,8c1f64ddb0000155-20250420161125897968,false,true,400,750,2025-04-20T16:11:25.897968Z,24.9,,6,0,1,da8b1f31-b35d-4329-875c-d1e8c3f39f55,0.0800,8c1f64ddb0000155,40
attachments/,"""0b0048dd-0000-0d00-0000-68051d440000""",LHocAPPPqmWuASoAAAAAAA==,dbs/LHocAA==/colls/LHocAPPPqmU=/docs/LHocAPPPqmWuASoAAAAAAA==/,1745165636,24.3,,,false,,57,false,8c1f64ddb0000155-20250420160625897968,false,true,400,750,2025-04-20T16:06:25.897968Z,24.8,,6,0,1,da8b1f31-b35d-4329-875c-d1e8c3f39f55,0.0800,8c1f64ddb0000155,40
attachments/,"""0b0049dd-0000-0d00-0000-68051d440000""",LHocAPPPqmWvASoAAAAAAA==,dbs/LHocAA==/colls/LHocAPPPqmU=/docs/LHocAPPPqmWvASoAAAAAAA==/,1745165636,24.3,,,false,,57,false,8c1f64ddb0000155-20250420160855897968,false,true,400,750,2025-04-20T16:08:55.897968Z,24.9,,6,0,1,da8b1f31-b35d-4329-875c-d1e8c3f39f55,0.0800,8c1f64ddb0000155,40
attachments/,"""0b004add-0000-0d00-0000-68051d440000""",LHocAPPPqmWwASoAAAAAAA==,dbs/LHocAA==/colls/LHocAPPPqmU=/docs/LHocAPPPqmWwASoAAAAAAA==/,1745165636,24.2,,,false,26.9,57,false,8c1f64ddb0000155-20250420161355897968,false,true,400,750,2025-04-20T16:13:55.897968Z,24.9,,6,0,1,da8b1f31-b35d-4329-875c-d1e8c3f39f55,0.0800,8c1f64ddb0000155,40
attachments/,"""0b0041de-0000-0d00-0000-68051f9c0000""",LHocAPPPqmU9AioAAAAAAA==,dbs/LHocAA==/colls/LHocAPPPqmU=/docs/LHocAPPPqmU9AioAAAAAAA==/,1745166236,24.2,,,false,,57,false,8c1f64ddb0000155-20250420161855684158,false,true,400,750,2025-04-20T16:18:55.684158Z,24.9,,6,0,1,da8b1f31-b35d-4329-875c-d1e8c3f39f55,0.0800,8c1f64ddb0000155,40
attachments/,"""0b0042de-0000-0d00-0000-68051f9c0000""",LHocAPPPqmU+AioAAAAAAA==,dbs/LHocAA==/colls/LHocAPPPqmU=/docs/LHocAPPPqmU+AioAAAAAAA==/,1745166236,24.2,,,false,,57,false,8c1f64ddb0000155-20250420161625684158,false,true,400,750,2025-04-20T16:16:25.684158Z,24.9,,6,0,1,da8b1f31-b35d-4329-875c-d1e8c3f39f55,0.0800,8c1f64ddb0000155,40
attachments/,"""0b0043de-0000-0d00-0000-68051f9c0000""",LHocAPPPqmU-AioAAAAAAA==,dbs/LHocAA==/colls/LHocAPPPqmU=/docs/LHocAPPPqmU-AioAAAAAAA==/,1745166236,24.2,,,false,,57,false,8c1f64ddb0000155-20250420162125684158,false,true,400,750,2025-04-20T16:21:25.684158Z,24.9,,6,0,1,da8b1f31-b35d-4329-875c-d1e8c3f39f55,0.0800,8c1f64ddb0000155,40
attachments/,"""0b0044de-0000-0d00-0000-68051f9c0000""",LHocAPPPqmVAAioAAAAAAA==,dbs/LHocAA==/colls/LHocAPPPqmU=/docs/LHocAPPPqmVAAioAAAAAAA==/,1745166236,24.2,,,false,26.9,57,false,8c1f64ddb0000155-20250420162355684158,false,true,400,750,2025-04-20T16:23:55.684158Z,24.8,,6,0,1,da8b1f31-b35d-4329-875c-d1e8c3f39f55,0.0800,8c1f64ddb0000155,40
attachments/,"""0b003adf-0000-0d00-0000-680521f40000""",LHocAPPPqmXJAioAAAAAAA==,dbs/LHocAA==/colls/LHocAPPPqmU=/docs/LHocAPPPqmXJAioAAAAAAA==/,1745166836,24.2,2.95,0,false,,57,false,8c1f64ddb0000155-20250420162626124635,false,true,400,750,2025-04-20T16:26:26.124635Z,24.9,0,6,0,1,da8b1f31-b35d-4329-875c-d1e8c3f39f55,0.0800,8c1f64ddb0000155,40
attachments/,"""0b003bdf-0000-0d00-0000-680521f40000""",LHocAPPPqmXKAioAAAAAAA==,dbs/LHocAA==/colls/LHocAPPPqmU=/docs/LHocAPPPqmXKAioAAAAAAA==/,1745166836,24.2,2.95,0,false,,57,false,8c1f64ddb0000155-20250420162856124635,false,true,400,750,2025-04-20T16:28:56.124635Z,24.9,0,6,0,1,da8b1f31-b35d-4329-875c-d1e8c3f39f55,0.0800,8c1f64ddb0000155,40
attachments/,"""0b003cdf-0000-0d00-0000-680521f40000""",LHocAPPPqmXLAioAAAAAAA==,dbs/LHocAA==/colls/LHocAPPPqmU=/docs/LHocAPPPqmXLAioAAAAAAA==/,1745166836,24.2,2.95,0,false,,57,false,8c1f64ddb0000155-20250420163126124635,false,true,400,750,2025-04-20T16:31:26.124635Z,24.8,0,6,0,1,da8b1f31-b35d-4329-875c-d1e8c3f39f55,0.0800,8c1f64ddb0000155,40
attachments/,"""0b003ddf-0000-0d00-0000-680521f40000""",LHocAPPPqmXMAioAAAAAAA==,dbs/LHocAA==/colls/LHocAPPPqmU=/docs/LHocAPPPqmXMAioAAAAAAA==/,1745166836,24.1,2.95,0,false,26.8,57,false,8c1f64ddb0000155-20250420163356124635,false,true,400,750,2025-04-20T16:33:56.124635Z,24.8,0,6,0,1,da8b1f31-b35d-4329-875c-d1e8c3f39f55,0.0800,8c1f64ddb0000155,40
attachments/,"""0b003ee0-0000-0d00-0000-6805244d0000""",LHocAPPPqmVZAyoAAAAAAA==,dbs/LHocAA==/colls/LHocAPPPqmU=/docs/LHocAPPPqmVZAyoAAAAAAA==/,1745167437,24.1,,,false,,57,false,8c1f64ddb0000155-20250420163627059653,false,true,400,750,2025-04-20T16:36:27.059653Z,24.8,,6,0,1,da8b1f31-b35d-4329-875c-d1e8c3f39f55,0.0800,8c1f64ddb0000155,40
attachments/,"""0b0040e0-0000-0d00-0000-6805244d0000""",LHocAPPPqmVaAyoAAAAAAA==,dbs/LHocAA==/colls/LHocAPPPqmU=/docs/LHocAPPPqmVaAyoAAAAAAA==/,1745167437,24.1,,,false,26.7,57,false,8c1f64ddb0000155-20250420164357059653,false,true,400,750,2025-04-20T16:43:57.059653Z,24.8,,6,0,1,da8b1f31-b35d-4329-875c-d1e8c3f39f55,0.0800,8c1f64ddb0000155,40
attachments/,"""0b0041e0-0000-0d00-0000-6805244d0000""",LHocAPPPqmVbAyoAAAAAAA==,dbs/LHocAA==/colls/LHocAPPPqmU=/docs/LHocAPPPqmVbAyoAAAAAAA==/,1745167437,24.1,,,false,,57,false,8c1f64ddb0000155-20250420163857059653,false,true,400,750,2025-04-20T16:38:57.059653Z,24.8,,6,0,1,da8b1f31-b35d-4329-875c-d1e8c3f39f55,0.0800,8c1f64ddb0000155,40
attachments/,"""0b0042e0-0000-0d00-0000-6805244d0000""",LHocAPPPqmVcAyoAAAAAAA==,dbs/LHocAA==/colls/LHocAPPPqmU=/docs/LHocAPPPqmVcAyoAAAAAAA==/,1745167437,24.1,,,false,,57,false,8c1f64ddb0000155-20250420164127059653,false,true,400,750,2025-04-20T16:41:27.059653Z,24.8,,6,0,1,da8b1f31-b35d-4329-875c-d1e8c3f39f55,0.0800,8c1f64ddb0000155,40
attachments/,"""0b0060e1-0000-0d00-0000-680526a50000""",LHocAPPPqmXqAyoAAAAAAA==,dbs/LHocAA==/colls/LHocAPPPqmU=/docs/LHocAPPPqmXqAyoAAAAAAA==/,1745168037,24.1,,,false,,57,false,8c1f64ddb0000155-20250420165127380962,false,true,400,750,2025-04-20T16:51:27.380962Z,24.8,,6,0,1,da8b1f31-b35d-4329-875c-d1e8c3f39f55,0.0800,8c1f64ddb0000155,40
attachments/,"""0b0061e1-0000-0d00-0000-680526a50000""",LHocAPPPqmXrAyoAAAAAAA==,dbs/LHocAA==/colls/LHocAPPPqmU=/docs/LHocAPPPqmXrAyoAAAAAAA==/,1745168037,24.1,,,false,,57,false,8c1f64ddb0000155-20250420164627380962,false,true,400,750,2025-04-20T16:46:27.380962Z,24.8,,6,0,1,da8b1f31-b35d-4329-875c-d1e8c3f39f55,0.0800,8c1f64ddb0000155,40
attachments/,"""0b0062e1-0000-0d00-0000-680526a50000""",LHocAPPPqmXsAyoAAAAAAA==,dbs/LHocAA==/colls/LHocAPPPqmU=/docs/LHocAPPPqmXsAyoAAAAAAA==/,1745168037,24.1,,,false,,57,false,8c1f64ddb0000155-20250420164857380962,false,true,400,750,2025-04-20T16:48:57.380962Z,24.8,,6,0,1,da8b1f31-b35d-4329-875c-d1e8c3f39f55,0.0800,8c1f64ddb0000155,40
attachments/,"""0b0063e1-0000-0d00-0000-680526a60000""",LHocAPPPqmXtAyoAAAAAAA==,dbs/LHocAA==/colls/LHocAPPPqmU=/docs/LHocAPPPqmXtAyoAAAAAAA==/,1745168038,24,,,false,26.6,57,false,8c1f64ddb0000155-20250420165357380962,false,true,400,750,2025-04-20T16:53:57.380962Z,24.7,,6,0,1,da8b1f31-b35d-4329-875c-d1e8c3f39f55,0.0800,8c1f64ddb0000155,40
attachments/,"""0b0060e2-0000-0d00-0000-680528fc0000""",LHocAPPPqmV2BCoAAAAAAA==,dbs/LHocAA==/colls/LHocAPPPqmU=/docs/LHocAPPPqmV2BCoAAAAAAA==/,1745168636,24,2.95,0,false,,57,false,8c1f64ddb0000155-20250420165626339513,false,true,400,750,2025-04-20T16:56:26.339513Z,24.7,0,6,0,1,da8b1f31-b35d-4329-875c-d1e8c3f39f55,0.0800,8c1f64ddb0000155,40
attachments/,"""0b0061e2-0000-0d00-0000-680528fc0000""",LHocAPPPqmV3BCoAAAAAAA==,dbs/LHocAA==/colls/LHocAPPPqmU=/docs/LHocAPPPqmV3BCoAAAAAAA==/,1745168636,24,2.95,0,false,,57,false,8c1f64ddb0000155-20250420165856339513,false,true,400,750,2025-04-20T16:58:56.339513Z,24.7,0,6,0,1,da8b1f31-b35d-4329-875c-d1e8c3f39f55,0.0700,8c1f64ddb0000155,40
attachments/,"""0b0062e2-0000-0d00-0000-680528fc0000""",LHocAPPPqmV4BCoAAAAAAA==,dbs/LHocAA==/colls/LHocAPPPqmU=/docs/LHocAPPPqmV4BCoAAAAAAA==/,1745168636,24,2.95,0,false,,57,false,8c1f64ddb0000155-20250420170126339513,false,true,400,750,2025-04-20T17:01:26.339513Z,24.7,0,6,0,1,da8b1f31-b35d-4329-875c-d1e8c3f39f55,0.0700,8c1f64ddb0000155,40
attachments/,"""0b0063e2-0000-0d00-0000-680528fc0000""",LHocAPPPqmV5BCoAAAAAAA==,dbs/LHocAA==/colls/LHocAPPPqmU=/docs/LHocAPPPqmV5BCoAAAAAAA==/,1745168636,24,2.95,0,false,26.5,57,false,8c1f64ddb0000155-20250420170356339513,false,true,400,750,2025-04-20T17:03:56.339513Z,24.7,0,6,0,1,da8b1f31-b35d-4329-875c-d1e8c3f39f55,0.0700,8c1f64ddb0000155,40
attachments/,"""0b0082e3-0000-0d00-0000-68052b540000""",LHocAPPPqmUHBSoAAAAAAA==,dbs/LHocAA==/colls/LHocAPPPqmU=/docs/LHocAPPPqmUHBSoAAAAAAA==/,1745169236,24,,,false,,58,false,8c1f64ddb0000155-20250420171126569491,false,true,400,750,2025-04-20T17:11:26.569491Z,24.6,,6,0,1,da8b1f31-b35d-4329-875c-d1e8c3f39f55,0.0700,8c1f64ddb0000155,40
attachments/,"""0b0083e3-0000-0d00-0000-68052b540000""",LHocAPPPqmUIBSoAAAAAAA==,dbs/LHocAA==/colls/LHocAPPPqmU=/docs/LHocAPPPqmUIBSoAAAAAAA==/,1745169236,24,,,false,,58,false,8c1f64ddb0000155-20250420170626569491,false,true,400,750,2025-04-20T17:06:26.569491Z,24.7,,6,0,1,da8b1f31-b35d-4329-875c-d1e8c3f39f55,0.0700,8c1f64ddb0000155,40
attachments/,"""0b0084e3-0000-0d00-0000-68052b550000""",LHocAPPPqmUJBSoAAAAAAA==,dbs/LHocAA==/colls/LHocAPPPqmU=/docs/LHocAPPPqmUJBSoAAAAAAA==/,1745169237,24,,,false,26.4,58,false,8c1f64ddb0000155-20250420171356569491,false,true,400,750,2025-04-20T17:13:56.569491Z,24.6,,6,0,1,da8b1f31-b35d-4329-875c-d1e8c3f39f55,0.0700,8c1f64ddb0000155,40
attachments/,"""0b0085e3-0000-0d00-0000-68052b550000""",LHocAPPPqmUKBSoAAAAAAA==,dbs/LHocAA==/colls/LHocAPPPqmU=/docs/LHocAPPPqmUKBSoAAAAAAA==/,1745169237,24,,,false,,58,false,8c1f64ddb0000155-20250420170856569491,false,true,400,750,2025-04-20T17:08:56.569491Z,24.7,,6,0,1,da8b1f31-b35d-4329-875c-d1e8c3f39f55,0.0700,8c1f64ddb0000155,40
attachments/,"""0b007be4-0000-0d00-0000-68052dad0000""",LHocAPPPqmWYBSoAAAAAAA==,dbs/LHocAA==/colls/LHocAPPPqmU=/docs/LHocAPPPqmWYBSoAAAAAAA==/,1745169837,23.9,,,false,,58,false,8c1f64ddb0000155-20250420171857060784,false,true,400,750,2025-04-20T17:18:57.060784Z,24.6,,6,0,1,da8b1f31-b35d-4329-875c-d1e8c3f39f55,0.0700,8c1f64ddb0000155,40
attachments/,"""0b007ce4-0000-0d00-0000-68052dad0000""",LHocAPPPqmWZBSoAAAAAAA==,dbs/LHocAA==/colls/LHocAPPPqmU=/docs/LHocAPPPqmWZBSoAAAAAAA==/,1745169837,23.9,,,false,,58,false,8c1f64ddb0000155-20250420171627060784,false,true,400,750,2025-04-20T17:16:27.060784Z,24.6,,6,0,1,da8b1f31-b35d-4329-875c-d1e8c3f39f55,0.0700,8c1f64ddb0000155,40
attachments/,"""0b007de4-0000-0d00-0000-68052dad0000""",LHocAPPPqmWaBSoAAAAAAA==,dbs/LHocAA==/colls/LHocAPPPqmU=/docs/LHocAPPPqmWaBSoAAAAAAA==/,1745169837,23.9,,,false,,58,false,8c1f64ddb0000155-20250420172127060784,false,true,400,750,2025-04-20T17:21:27.060784Z,24.6,,6,0,1,da8b1f31-b35d-4329-875c-d1e8c3f39f55,0.0700,8c1f64ddb0000155,40
attachments/,"""0b007ee4-0000-0d00-0000-68052dad0000""",LHocAPPPqmWbBSoAAAAAAA==,dbs/LHocAA==/colls/LHocAPPPqmU=/docs/LHocAPPPqmWbBSoAAAAAAA==/,1745169837,23.9,,,false,26.3,58,false,8c1f64ddb0000155-20250420172357060784,false,true,400,750,2025-04-20T17:23:57.060784Z,24.5,,6,0,1,da8b1f31-b35d-4329-875c-d1e8c3f39f55,0.0700,8c1f64ddb0000155,40
attachments/,"""0b0077e5-0000-0d00-0000-680530040000""",LHocAPPPqmUpBioAAAAAAA==,dbs/LHocAA==/colls/LHocAPPPqmU=/docs/LHocAPPPqmUpBioAAAAAAA==/,1745170436,23.9,2.94,0,false,,58,false,8c1f64ddb0000155-20250420173126588311,false,true,400,750,2025-04-20T17:31:26.588311Z,24.4,0,6,0,1,da8b1f31-b35d-4329-875c-d1e8c3f39f55,0.0600,8c1f64ddb0000155,40
attachments/,"""0b0078e5-0000-0d00-0000-680530050000""",LHocAPPPqmUqBioAAAAAAA==,dbs/LHocAA==/colls/LHocAPPPqmU=/docs/LHocAPPPqmUqBioAAAAAAA==/,1745170437,23.9,2.94,0,false,,58,false,8c1f64ddb0000155-20250420172626588311,false,true,400,750,2025-04-20T17:26:26.588311Z,24.5,0,6,0,1,da8b1f31-b35d-4329-875c-d1e8c3f39f55,0.0600,8c1f64ddb0000155,40
attachments/,"""0b0079e5-0000-0d00-0000-680530050000""",LHocAPPPqmUrBioAAAAAAA==,dbs/LHocAA==/colls/LHocAPPPqmU=/docs/LHocAPPPqmUrBioAAAAAAA==/,1745170437,23.9,2.94,0,false,26,58,false,8c1f64ddb0000155-20250420173356588311,false,true,400,750,2025-04-20T17:33:56.588311Z,24.4,0,6,0,1,da8b1f31-b35d-4329-875c-d1e8c3f39f55,0.0600,8c1f64ddb0000155,40
attachments/,"""0b007ae5-0000-0d00-0000-680530050000""",LHocAPPPqmUsBioAAAAAAA==,dbs/LHocAA==/colls/LHocAPPPqmU=/docs/LHocAPPPqmUsBioAAAAAAA==/,1745170437,23.9,2.94,0,false,,58,false,8c1f64ddb0000155-20250420172856588311,false,true,400,750,2025-04-20T17:28:56.588311Z,24.5,0,6,0,1,da8b1f31-b35d-4329-875c-d1e8c3f39f55,0.0600,8c1f64ddb0000155,40
attachments/,"""0b0081e6-0000-0d00-0000-6805325d0000""",LHocAPPPqmW5BioAAAAAAA==,dbs/LHocAA==/colls/LHocAPPPqmU=/docs/LHocAPPPqmW5BioAAAAAAA==/,1745171037,23.9,,,false,,58,false,8c1f64ddb0000155-20250420173627584415,false,true,400,750,2025-04-20T17:36:27.584415Z,24.4,,6,0,1,da8b1f31-b35d-4329-875c-d1e8c3f39f55,0.0600,8c1f64ddb0000155,40
attachments/,"""0b0082e6-0000-0d00-0000-6805325e0000""",LHocAPPPqmW6BioAAAAAAA==,dbs/LHocAA==/colls/LHocAPPPqmU=/docs/LHocAPPPqmW6BioAAAAAAA==/,1745171038,23.8,,,false,,58,false,8c1f64ddb0000155-20250420173857584415,false,true,400,750,2025-04-20T17:38:57.584415Z,24.3,,6,0,1,da8b1f31-b35d-4329-875c-d1e8c3f39f55,0.0500,8c1f64ddb0000155,40
attachments/,"""0b0083e6-0000-0d00-0000-6805325e0000""",LHocAPPPqmW7BioAAAAAAA==,dbs/LHocAA==/colls/LHocAPPPqmU=/docs/LHocAPPPqmW7BioAAAAAAA==/,1745171038,23.8,,,false,,59,false,8c1f64ddb0000155-20250420174127584415,false,true,400,750,2025-04-20T17:41:27.584415Z,24.3,,6,0,1,da8b1f31-b35d-4329-875c-d1e8c3f39f55,0.0500,8c1f64ddb0000155,40
attachments/,"""0b0084e6-0000-0d00-0000-6805325e0000""",LHocAPPPqmW8BioAAAAAAA==,dbs/LHocAA==/colls/LHocAPPPqmU=/docs/LHocAPPPqmW8BioAAAAAAA==/,1745171038,23.8,,,false,25.7,59,false,8c1f64ddb0000155-20250420174357584415,false,true,400,750,2025-04-20T17:43:57.584415Z,24.2,,6,0,1,da8b1f31-b35d-4329-875c-d1e8c3f39f55,0.0500,8c1f64ddb0000155,40
attachments/,"""0b0096e7-0000-0d00-0000-680534b30000""",LHocAPPPqmVJByoAAAAAAA==,dbs/LHocAA==/colls/LHocAPPPqmU=/docs/LHocAPPPqmVJByoAAAAAAA==/,1745171635,23.8,,,false,,59,false,8c1f64ddb0000155-20250420174625156747,false,true,400,750,2025-04-20T17:46:25.156747Z,24.2,,6,0,1,da8b1f31-b35d-4329-875c-d1e8c3f39f55,0.0500,8c1f64ddb0000155,40
attachments/,"""0b0097e7-0000-0d00-0000-680534b30000""",LHocAPPPqmVKByoAAAAAAA==,dbs/LHocAA==/colls/LHocAPPPqmU=/docs/LHocAPPPqmVKByoAAAAAAA==/,1745171635,23.8,,,false,,59,false,8c1f64ddb0000155-20250420174855156747,false,true,400,750,2025-04-20T17:48:55.156747Z,24.1,,6,0,1,da8b1f31-b35d-4329-875c-d1e8c3f39f55,0.0500,8c1f64ddb0000155,40
attachments/,"""0b0098e7-0000-0d00-0000-680534b30000""",LHocAPPPqmVLByoAAAAAAA==,dbs/LHocAA==/colls/LHocAPPPqmU=/docs/LHocAPPPqmVLByoAAAAAAA==/,1745171635,23.8,,,false,,59,false,8c1f64ddb0000155-20250420175125156747,false,true,400,750,2025-04-20T17:51:25.156747Z,24.1,,6,0,1,da8b1f31-b35d-4329-875c-d1e8c3f39f55,0.0500,8c1f64ddb0000155,40
attachments/,"""0b0099e7-0000-0d00-0000-680534b30000""",LHocAPPPqmVMByoAAAAAAA==,dbs/LHocAA==/colls/LHocAPPPqmU=/docs/LHocAPPPqmVMByoAAAAAAA==/,1745171635,23.7,,,false,25.4,59,false,8c1f64ddb0000155-20250420175355156747,false,true,400,750,2025-04-20T17:53:55.156747Z,24,,6,0,1,da8b1f31-b35d-4329-875c-d1e8c3f39f55,0.0500,8c1f64ddb0000155,40
attachments/,"""0b003ee9-0000-0d00-0000-6805370c0000""",LHocAPPPqmXcByoAAAAAAA==,dbs/LHocAA==/colls/LHocAPPPqmU=/docs/LHocAPPPqmXcByoAAAAAAA==/,1745172236,23.7,2.94,0,false,,60,false,8c1f64ddb0000155-20250420180126512282,false,true,400,750,2025-04-20T18:01:26.512282Z,23.9,0,6,0,1,da8b1f31-b35d-4329-875c-d1e8c3f39f55,0.0500,8c1f64ddb0000155,40
attachments/,"""0b003fe9-0000-0d00-0000-6805370c0000""",LHocAPPPqmXdByoAAAAAAA==,dbs/LHocAA==/colls/LHocAPPPqmU=/docs/LHocAPPPqmXdByoAAAAAAA==/,1745172236,23.7,2.94,0,false,,59,false,8c1f64ddb0000155-20250420175626512282,false,true,400,750,2025-04-20T17:56:26.512282Z,24,0,6,0,1,da8b1f31-b35d-4329-875c-d1e8c3f39f55,0.0500,8c1f64ddb0000155,40
attachments/,"""0b0040e9-0000-0d00-0000-6805370d0000""",LHocAPPPqmXeByoAAAAAAA==,dbs/LHocAA==/colls/LHocAPPPqmU=/docs/LHocAPPPqmXeByoAAAAAAA==/,1745172237,23.7,2.94,0,false,,59,false,8c1f64ddb0000155-20250420175856512282,false,true,400,750,2025-04-20T17:58:56.512282Z,24,0,6,0,1,da8b1f31-b35d-4329-875c-d1e8c3f39f55,0.0500,8c1f64ddb0000155,40
attachments/,"""0b0041e9-0000-0d00-0000-6805370d0000""",LHocAPPPqmXfByoAAAAAAA==,dbs/LHocAA==/colls/LHocAPPPqmU=/docs/LHocAPPPqmXfByoAAAAAAA==/,1745172237,23.7,2.94,0,false,25.2,60,false,8c1f64ddb0000155-20250420180356512282,false,true,400,750,2025-04-20T18:03:56.512282Z,23.9,0,6,0,1,da8b1f31-b35d-4329-875c-d1e8c3f39f55,0.0500,8c1f64ddb0000155,40
attachments/,"""0b009bea-0000-0d00-0000-680539630000""",LHocAPPPqmVoCCoAAAAAAA==,dbs/LHocAA==/colls/LHocAPPPqmU=/docs/LHocAPPPqmVoCCoAAAAAAA==/,1745172835,23.7,,,false,,60,false,8c1f64ddb0000155-20250420180625289344,false,true,400,750,2025-04-20T18:06:25.289344Z,23.9,,6,0,1,da8b1f31-b35d-4329-875c-d1e8c3f39f55,0.0500,8c1f64ddb0000155,40
attachments/,"""0b009cea-0000-0d00-0000-680539630000""",LHocAPPPqmVpCCoAAAAAAA==,dbs/LHocAA==/colls/LHocAPPPqmU=/docs/LHocAPPPqmVpCCoAAAAAAA==/,1745172835,23.7,,,false,,60,false,8c1f64ddb0000155-20250420180855289344,false,true,400,750,2025-04-20T18:08:55.289344Z,23.8,,6,0,1,da8b1f31-b35d-4329-875c-d1e8c3f39f55,0.0400,8c1f64ddb0000155,40
attachments/,"""0b009dea-0000-0d00-0000-680539640000""",LHocAPPPqmVqCCoAAAAAAA==,dbs/LHocAA==/colls/LHocAPPPqmU=/docs/LHocAPPPqmVqCCoAAAAAAA==/,1745172836,23.6,,,false,,60,false,8c1f64ddb0000155-20250420181125289344,false,true,400,750,2025-04-20T18:11:25.289344Z,23.7,,6,0,1,da8b1f31-b35d-4329-875c-d1e8c3f39f55,0.0400,8c1f64ddb0000155,40
attachments/,"""0b009eea-0000-0d00-0000-680539640000""",LHocAPPPqmVrCCoAAAAAAA==,dbs/LHocAA==/colls/LHocAPPPqmU=/docs/LHocAPPPqmVrCCoAAAAAAA==/,1745172836,23.6,,,false,25,60,false,8c1f64ddb0000155-20250420181355289344,false,true,400,750,2025-04-20T18:13:55.289344Z,23.7,,6,0,1,da8b1f31-b35d-4329-875c-d1e8c3f39f55,0.0400,8c1f64ddb0000155,40
attachments/,"""0b0096eb-0000-0d00-0000-68053bbd0000""",LHocAPPPqmX4CCoAAAAAAA==,dbs/LHocAA==/colls/LHocAPPPqmU=/docs/LHocAPPPqmX4CCoAAAAAAA==/,1745173437,23.6,,,false,,60,false,8c1f64ddb0000155-20250420181627065714,false,true,400,750,2025-04-20T18:16:27.065714Z,23.7,,6,0,1,da8b1f31-b35d-4329-875c-d1e8c3f39f55,0.0400,8c1f64ddb0000155,40
attachments/,"""0b0097eb-0000-0d00-0000-68053bbd0000""",LHocAPPPqmX5CCoAAAAAAA==,dbs/LHocAA==/colls/LHocAPPPqmU=/docs/LHocAPPPqmX5CCoAAAAAAA==/,1745173437,23.6,,,false,24.7,61,false,8c1f64ddb0000155-20250420182357065714,false,true,400,750,2025-04-20T18:23:57.065714Z,23.6,,6,0,1,da8b1f31-b35d-4329-875c-d1e8c3f39f55,0.0400,8c1f64ddb0000155,40
attachments/,"""0b0098eb-0000-0d00-0000-68053bbd0000""",LHocAPPPqmX6CCoAAAAAAA==,dbs/LHocAA==/colls/LHocAPPPqmU=/docs/LHocAPPPqmX6CCoAAAAAAA==/,1745173437,23.6,,,false,,60,false,8c1f64ddb0000155-20250420181857065714,false,true,400,750,2025-04-20T18:18:57.065714Z,23.7,,6,0,1,da8b1f31-b35d-4329-875c-d1e8c3f39f55,0.0400,8c1f64ddb0000155,40
attachments/,"""0b0099eb-0000-0d00-0000-68053bbd0000""",LHocAPPPqmX7CCoAAAAAAA==,dbs/LHocAA==/colls/LHocAPPPqmU=/docs/LHocAPPPqmX7CCoAAAAAAA==/,1745173437,23.6,,,false,,61,false,8c1f64ddb0000155-20250420182127065714,false,true,400,750,2025-04-20T18:21:27.065714Z,23.6,,6,0,1,da8b1f31-b35d-4329-875c-d1e8c3f39f55,0.0400,8c1f64ddb0000155,40
attachments/,"""0b0098ec-0000-0d00-0000-68053e150000""",LHocAPPPqmWICSoAAAAAAA==,dbs/LHocAA==/colls/LHocAPPPqmU=/docs/LHocAPPPqmWICSoAAAAAAA==/,1745174037,23.5,2.94,0,false,,61,false,8c1f64ddb0000155-20250420182627043204,false,true,400,750,2025-04-20T18:26:27.043204Z,23.5,0,6,0,1,da8b1f31-b35d-4329-875c-d1e8c3f39f55,0.0400,8c1f64ddb0000155,40
attachments/,"""0b0099ec-0000-0d00-0000-68053e150000""",LHocAPPPqmWJCSoAAAAAAA==,dbs/LHocAA==/colls/LHocAPPPqmU=/docs/LHocAPPPqmWJCSoAAAAAAA==/,1745174037,23.5,2.94,0,false,,61,false,8c1f64ddb0000155-20250420182857043204,false,true,400,750,2025-04-20T18:28:57.043204Z,23.5,0,6,0,1,da8b1f31-b35d-4329-875c-d1e8c3f39f55,0.0400,8c1f64ddb0000155,40
attachments/,"""0b009aec-0000-0d00-0000-68053e150000""",LHocAPPPqmWKCSoAAAAAAA==,dbs/LHocAA==/colls/LHocAPPPqmU=/docs/LHocAPPPqmWKCSoAAAAAAA==/,1745174037,23.5,2.94,0,false,24.6,61,false,8c1f64ddb0000155-20250420183357043204,false,true,400,750,2025-04-20T18:33:57.043204Z,23.5,0,6,0,1,da8b1f31-b35d-4329-875c-d1e8c3f39f55,0.0400,8c1f64ddb0000155,40
attachments/,"""0b009bec-0000-0d00-0000-68053e150000""",LHocAPPPqmWLCSoAAAAAAA==,dbs/LHocAA==/colls/LHocAPPPqmU=/docs/LHocAPPPqmWLCSoAAAAAAA==/,1745174037,23.5,2.94,0,false,,61,false,8c1f64ddb0000155-20250420183127043204,false,true,400,750,2025-04-20T18:31:27.043204Z,23.5,0,6,0,1,da8b1f31-b35d-4329-875c-d1e8c3f39f55,0.0400,8c1f64ddb0000155,40
attachments/,"""0b009fed-0000-0d00-0000-6805406d0000""",LHocAPPPqmUYCioAAAAAAA==,dbs/LHocAA==/colls/LHocAPPPqmU=/docs/LHocAPPPqmUYCioAAAAAAA==/,1745174637,23.5,,,false,,61,false,8c1f64ddb0000155-20250420183627153276,false,true,400,750,2025-04-20T18:36:27.153276Z,23.4,,6,0,1,da8b1f31-b35d-4329-875c-d1e8c3f39f55,0.0400,8c1f64ddb0000155,40
attachments/,"""0b00a0ed-0000-0d00-0000-6805406d0000""",LHocAPPPqmUZCioAAAAAAA==,dbs/LHocAA==/colls/LHocAPPPqmU=/docs/LHocAPPPqmUZCioAAAAAAA==/,1745174637,23.5,,,false,,61,false,8c1f64ddb0000155-20250420184127153276,false,true,400,750,2025-04-20T18:41:27.153276Z,23.4,,6,0,1,da8b1f31-b35d-4329-875c-d1e8c3f39f55,0.0400,8c1f64ddb0000155,40
attachments/,"""0b00a1ed-0000-0d00-0000-6805406d0000""",LHocAPPPqmUaCioAAAAAAA==,dbs/LHocAA==/colls/LHocAPPPqmU=/docs/LHocAPPPqmUaCioAAAAAAA==/,1745174637,23.5,,,false,,61,false,8c1f64ddb0000155-20250420183857153276,false,true,400,750,2025-04-20T18:38:57.153276Z,23.4,,6,0,1,da8b1f31-b35d-4329-875c-d1e8c3f39f55,0.0400,8c1f64ddb0000155,40
attachments/,"""0b00a2ed-0000-0d00-0000-6805406d0000""",LHocAPPPqmUbCioAAAAAAA==,dbs/LHocAA==/colls/LHocAPPPqmU=/docs/LHocAPPPqmUbCioAAAAAAA==/,1745174637,23.4,,,false,24.4,61,false,8c1f64ddb0000155-20250420184357153276,false,true,400,750,2025-04-20T18:43:57.153276Z,23.4,,6,0,1,da8b1f31-b35d-4329-875c-d1e8c3f39f55,0.0400,8c1f64ddb0000155,40
attachments/,"""0b009aee-0000-0d00-0000-680542c50000""",LHocAPPPqmWoCioAAAAAAA==,dbs/LHocAA==/colls/LHocAPPPqmU=/docs/LHocAPPPqmWoCioAAAAAAA==/,1745175237,23.4,,,false,,61,false,8c1f64ddb0000155-20250420184627501651,false,true,400,750,2025-04-20T18:46:27.501651Z,23.3,,6,0,1,da8b1f31-b35d-4329-875c-d1e8c3f39f55,0.0400,8c1f64ddb0000155,40
attachments/,"""0b009bee-0000-0d00-0000-680542c50000""",LHocAPPPqmWpCioAAAAAAA==,dbs/LHocAA==/colls/LHocAPPPqmU=/docs/LHocAPPPqmWpCioAAAAAAA==/,1745175238,23.4,,,false,,62,false,8c1f64ddb0000155-20250420184857501651,false,true,400,750,2025-04-20T18:48:57.501651Z,23.3,,6,0,1,da8b1f31-b35d-4329-875c-d1e8c3f39f55,0.0300,8c1f64ddb0000155,40
attachments/,"""0b009cee-0000-0d00-0000-680542c60000""",LHocAPPPqmWqCioAAAAAAA==,dbs/LHocAA==/colls/LHocAPPPqmU=/docs/LHocAPPPqmWqCioAAAAAAA==/,1745175238,23.4,,,false,,62,false,8c1f64ddb0000155-20250420185127501651,false,true,400,750,2025-04-20T18:51:27.501651Z,23.3,,6,0,1,da8b1f31-b35d-4329-875c-d1e8c3f39f55,0.0300,8c1f64ddb0000155,40
attachments/,"""0b009dee-0000-0d00-0000-680542c60000""",LHocAPPPqmWrCioAAAAAAA==,dbs/LHocAA==/colls/LHocAPPPqmU=/docs/LHocAPPPqmWrCioAAAAAAA==/,1745175238,23.4,,,false,24.3,62,false,8c1f64ddb0000155-20250420185357501651,false,true,400,750,2025-04-20T18:53:57.501651Z,23.2,,6,0,1,da8b1f31-b35d-4329-875c-d1e8c3f39f55,0.0300,8c1f64ddb0000155,40
attachments/,"""0b0091ef-0000-0d00-0000-6805451c0000""",LHocAPPPqmU4CyoAAAAAAA==,dbs/LHocAA==/colls/LHocAPPPqmU=/docs/LHocAPPPqmU4CyoAAAAAAA==/,1745175836,23.4,2.94,0,false,,62,false,8c1f64ddb0000155-20250420185625796283,false,true,400,750,2025-04-20T18:56:25.796283Z,23.2,0,6,0,1,da8b1f31-b35d-4329-875c-d1e8c3f39f55,0.0300,8c1f64ddb0000155,40
attachments/,"""0b0092ef-0000-0d00-0000-6805451c0000""",LHocAPPPqmU5CyoAAAAAAA==,dbs/LHocAA==/colls/LHocAPPPqmU=/docs/LHocAPPPqmU5CyoAAAAAAA==/,1745175836,23.3,2.94,0,false,,62,false,8c1f64ddb0000155-20250420185855796283,false,true,400,750,2025-04-20T18:58:55.796283Z,23.2,0,6,0,1,da8b1f31-b35d-4329-875c-d1e8c3f39f55,0.0300,8c1f64ddb0000155,40
attachments/,"""0b0093ef-0000-0d00-0000-6805451c0000""",LHocAPPPqmU6CyoAAAAAAA==,dbs/LHocAA==/colls/LHocAPPPqmU=/docs/LHocAPPPqmU6CyoAAAAAAA==/,1745175836,23.3,2.94,0,false,,62,false,8c1f64ddb0000155-20250420190125796283,false,true,400,750,2025-04-20T19:01:25.796283Z,23.2,0,6,0,1,da8b1f31-b35d-4329-875c-d1e8c3f39f55,0.0300,8c1f64ddb0000155,40
attachments/,"""0b0094ef-0000-0d00-0000-6805451c0000""",LHocAPPPqmU7CyoAAAAAAA==,dbs/LHocAA==/colls/LHocAPPPqmU=/docs/LHocAPPPqmU7CyoAAAAAAA==/,1745175836,23.3,2.94,0,false,24.2,62,false,8c1f64ddb0000155-20250420190355796283,false,true,400,750,2025-04-20T19:03:55.796283Z,23.1,0,6,0,1,da8b1f31-b35d-4329-875c-d1e8c3f39f55,0.0300,8c1f64ddb0000155,40
attachments/,"""0b00caf0-0000-0d00-0000-680547750000""",LHocAPPPqmXACyoAAAAAAA==,dbs/LHocAA==/colls/LHocAPPPqmU=/docs/LHocAPPPqmXACyoAAAAAAA==/,1745176437,23.3,,,false,,62,false,8c1f64ddb0000155-20250420190626821408,false,true,400,750,2025-04-20T19:06:26.821408Z,23.1,,6,0,1,da8b1f31-b35d-4329-875c-d1e8c3f39f55,0.0300,8c1f64ddb0000155,40
attachments/,"""0b00cbf0-0000-0d00-0000-680547750000""",LHocAPPPqmXBCyoAAAAAAA==,dbs/LHocAA==/colls/LHocAPPPqmU=/docs/LHocAPPPqmXBCyoAAAAAAA==/,1745176437,23.3,,,false,,62,false,8c1f64ddb0000155-20250420191126821408,false,true,400,750,2025-04-20T19:11:26.821408Z,23.1,,6,0,1,da8b1f31-b35d-4329-875c-d1e8c3f39f55,0.0300,8c1f64ddb0000155,40
attachments/,"""0b00ccf0-0000-0d00-0000-680547750000""",LHocAPPPqmXCCyoAAAAAAA==,dbs/LHocAA==/colls/LHocAPPPqmU=/docs/LHocAPPPqmXCCyoAAAAAAA==/,1745176437,23.3,,,false,,62,false,8c1f64ddb0000155-20250420190856821408,false,true,400,750,2025-04-20T19:08:56.821408Z,23.1,,6,0,1,da8b1f31-b35d-4329-875c-d1e8c3f39f55,0.0300,8c1f64ddb0000155,40
attachments/,"""0b00cdf0-0000-0d00-0000-680547750000""",LHocAPPPqmXDCyoAAAAAAA==,dbs/LHocAA==/colls/LHocAPPPqmU=/docs/LHocAPPPqmXDCyoAAAAAAA==/,1745176437,23.2,,,false,24,62,false,8c1f64ddb0000155-20250420191356821408,false,true,400,750,2025-04-20T19:13:56.821408Z,23,,6,0,1,da8b1f31-b35d-4329-875c-d1e8c3f39f55,0.0300,8c1f64ddb0000155,40
attachments/,"""0b00c3f1-0000-0d00-0000-680549cd0000""",LHocAPPPqmVQDCoAAAAAAA==,dbs/LHocAA==/colls/LHocAPPPqmU=/docs/LHocAPPPqmVQDCoAAAAAAA==/,1745177037,23.2,,,false,23.9,63,false,8c1f64ddb0000155-20250420192357427783,false,true,400,750,2025-04-20T19:23:57.427783Z,22.9,,6,0,1,da8b1f31-b35d-4329-875c-d1e8c3f39f55,0.0300,8c1f64ddb0000155,40
attachments/,"""0b00c5f1-0000-0d00-0000-680549ce0000""",LHocAPPPqmVRDCoAAAAAAA==,dbs/LHocAA==/colls/LHocAPPPqmU=/docs/LHocAPPPqmVRDCoAAAAAAA==/,1745177038,23.2,,,false,,62,false,8c1f64ddb0000155-20250420191627427783,false,true,400,750,2025-04-20T19:16:27.427783Z,23,,6,0,1,da8b1f31-b35d-4329-875c-d1e8c3f39f55,0.0300,8c1f64ddb0000155,40
attachments/,"""0b00c6f1-0000-0d00-0000-680549ce0000""",LHocAPPPqmVSDCoAAAAAAA==,dbs/LHocAA==/colls/LHocAPPPqmU=/docs/LHocAPPPqmVSDCoAAAAAAA==/,1745177038,23.2,,,false,,62,false,8c1f64ddb0000155-20250420191857427783,false,true,400,750,2025-04-20T19:18:57.427783Z,23,,6,0,1,da8b1f31-b35d-4329-875c-d1e8c3f39f55,0.0300,8c1f64ddb0000155,40
attachments/,"""0b00c7f1-0000-0d00-0000-680549cf0000""",LHocAPPPqmVTDCoAAAAAAA==,dbs/LHocAA==/colls/LHocAPPPqmU=/docs/LHocAPPPqmVTDCoAAAAAAA==/,1745177039,23.2,,,false,,62,false,8c1f64ddb0000155-20250420192127427783,false,true,400,750,2025-04-20T19:21:27.427783Z,23,,6,0,1,da8b1f31-b35d-4329-875c-d1e8c3f39f55,0.0300,8c1f64ddb0000155,40
attachments/,"""0b00c1f2-0000-0d00-0000-68054c250000""",LHocAPPPqmXcDCoAAAAAAA==,dbs/LHocAA==/colls/LHocAPPPqmU=/docs/LHocAPPPqmXcDCoAAAAAAA==/,1745177637,23.2,2.94,0,false,,63,false,8c1f64ddb0000155-20250420192626552460,false,true,400,750,2025-04-20T19:26:26.552460Z,22.9,0,6,0,1,da8b1f31-b35d-4329-875c-d1e8c3f39f55,0.0300,8c1f64ddb0000155,40
attachments/,"""0b00c2f2-0000-0d00-0000-68054c250000""",LHocAPPPqmXdDCoAAAAAAA==,dbs/LHocAA==/colls/LHocAPPPqmU=/docs/LHocAPPPqmXdDCoAAAAAAA==/,1745177637,23.1,2.94,0,false,,63,false,8c1f64ddb0000155-20250420192856552460,false,true,400,750,2025-04-20T19:28:56.552460Z,22.9,0,6,0,1,da8b1f31-b35d-4329-875c-d1e8c3f39f55,0.0300,8c1f64ddb0000155,40
attachments/,"""0b00c3f2-0000-0d00-0000-68054c250000""",LHocAPPPqmXeDCoAAAAAAA==,dbs/LHocAA==/colls/LHocAPPPqmU=/docs/LHocAPPPqmXeDCoAAAAAAA==/,1745177637,23.1,2.94,0,false,,63,false,8c1f64ddb0000155-20250420193126552460,false,true,400,750,2025-04-20T19:31:26.552460Z,22.9,0,6,0,1,da8b1f31-b35d-4329-875c-d1e8c3f39f55,0.0300,8c1f64ddb0000155,40
attachments/,"""0b00c4f2-0000-0d00-0000-68054c250000""",LHocAPPPqmXfDCoAAAAAAA==,dbs/LHocAA==/colls/LHocAPPPqmU=/docs/LHocAPPPqmXfDCoAAAAAAA==/,1745177637,23.1,2.94,0,false,23.8,63,false,8c1f64ddb0000155-20250420193356552460,false,true,400,750,2025-04-20T19:33:56.552460Z,22.9,0,6,0,1,da8b1f31-b35d-4329-875c-d1e8c3f39f55,0.0300,8c1f64ddb0000155,40
attachments/,"""0b00b7f3-0000-0d00-0000-68054e7b0000""",LHocAPPPqmVoDSoAAAAAAA==,dbs/LHocAA==/colls/LHocAPPPqmU=/docs/LHocAPPPqmVoDSoAAAAAAA==/,1745178235,23.1,,,false,,63,false,8c1f64ddb0000155-20250420193625189620,false,true,400,750,2025-04-20T19:36:25.189620Z,22.8,,6,0,1,da8b1f31-b35d-4329-875c-d1e8c3f39f55,0.0300,8c1f64ddb0000155,40
attachments/,"""0b00b8f3-0000-0d00-0000-68054e7b0000""",LHocAPPPqmVpDSoAAAAAAA==,dbs/LHocAA==/colls/LHocAPPPqmU=/docs/LHocAPPPqmVpDSoAAAAAAA==/,1745178235,23.1,,,false,,63,false,8c1f64ddb0000155-20250420193855189620,false,true,400,750,2025-04-20T19:38:55.189620Z,22.8,,6,0,1,da8b1f31-b35d-4329-875c-d1e8c3f39f55,0.0300,8c1f64ddb0000155,40
attachments/,"""0b00b9f3-0000-0d00-0000-68054e7b0000""",LHocAPPPqmVqDSoAAAAAAA==,dbs/LHocAA==/colls/LHocAPPPqmU=/docs/LHocAPPPqmVqDSoAAAAAAA==/,1745178235,23.1,,,false,,63,false,8c1f64ddb0000155-20250420194125189620,false,true,400,750,2025-04-20T19:41:25.189620Z,22.8,,6,0,1,da8b1f31-b35d-4329-875c-d1e8c3f39f55,0.0300,8c1f64ddb0000155,40
attachments/,"""0b00baf3-0000-0d00-0000-68054e7b0000""",LHocAPPPqmVrDSoAAAAAAA==,dbs/LHocAA==/colls/LHocAPPPqmU=/docs/LHocAPPPqmVrDSoAAAAAAA==/,1745178235,23.1,,,false,23.7,63,false,8c1f64ddb0000155-20250420194355189620,false,true,400,750,2025-04-20T19:43:55.189620Z,22.8,,6,0,1,da8b1f31-b35d-4329-875c-d1e8c3f39f55,0.0200,8c1f64ddb0000155,40
attachments/,"""0b00c7f4-0000-0d00-0000-680550d50000""",LHocAPPPqmX4DSoAAAAAAA==,dbs/LHocAA==/colls/LHocAPPPqmU=/docs/LHocAPPPqmX4DSoAAAAAAA==/,1745178837,23,,,false,,63,false,8c1f64ddb0000155-20250420194627217063,false,true,400,750,2025-04-20T19:46:27.217063Z,22.8,,6,0,1,da8b1f31-b35d-4329-875c-d1e8c3f39f55,0.0200,8c1f64ddb0000155,40
attachments/,"""0b00c8f4-0000-0d00-0000-680550d50000""",LHocAPPPqmX5DSoAAAAAAA==,dbs/LHocAA==/colls/LHocAPPPqmU=/docs/LHocAPPPqmX5DSoAAAAAAA==/,1745178837,23,,,false,23.6,63,false,8c1f64ddb0000155-20250420195357217063,false,true,400,750,2025-04-20T19:53:57.217063Z,22.7,,6,0,1,da8b1f31-b35d-4329-875c-d1e8c3f39f55,0.0200,8c1f64ddb0000155,40
attachments/,"""0b00c9f4-0000-0d00-0000-680550d50000""",LHocAPPPqmX6DSoAAAAAAA==,dbs/LHocAA==/colls/LHocAPPPqmU=/docs/LHocAPPPqmX6DSoAAAAAAA==/,1745178837,23,,,false,,63,false,8c1f64ddb0000155-20250420194857217063,false,true,400,750,2025-04-20T19:48:57.217063Z,22.8,,6,0,1,da8b1f31-b35d-4329-875c-d1e8c3f39f55,0.0200,8c1f64ddb0000155,40
attachments/,"""0b00caf4-0000-0d00-0000-680550d50000""",LHocAPPPqmX7DSoAAAAAAA==,dbs/LHocAA==/colls/LHocAPPPqmU=/docs/LHocAPPPqmX7DSoAAAAAAA==/,1745178837,23,,,false,,63,false,8c1f64ddb0000155-20250420195127217063,false,true,400,750,2025-04-20T19:51:27.217063Z,22.7,,6,0,1,da8b1f31-b35d-4329-875c-d1e8c3f39f55,0.0200,8c1f64ddb0000155,40
attachments/,"""0b00b7f5-0000-0d00-0000-6805532d0000""",LHocAPPPqmWEDioAAAAAAA==,dbs/LHocAA==/colls/LHocAPPPqmU=/docs/LHocAPPPqmWEDioAAAAAAA==/,1745179437,23,2.94,0,false,,63,false,8c1f64ddb0000155-20250420195626880746,false,true,400,750,2025-04-20T19:56:26.880746Z,22.7,0,6,0,1,da8b1f31-b35d-4329-875c-d1e8c3f39f55,0.0200,8c1f64ddb0000155,40
attachments/,"""0b00b8f5-0000-0d00-0000-6805532d0000""",LHocAPPPqmWFDioAAAAAAA==,dbs/LHocAA==/colls/LHocAPPPqmU=/docs/LHocAPPPqmWFDioAAAAAAA==/,1745179437,23,2.94,0,false,,63,false,8c1f64ddb0000155-20250420195856880746,false,true,400,750,2025-04-20T19:58:56.880746Z,22.7,0,6,0,1,da8b1f31-b35d-4329-875c-d1e8c3f39f55,0.0200,8c1f64ddb0000155,40
attachments/,"""0b00b9f5-0000-0d00-0000-6805532d0000""",LHocAPPPqmWGDioAAAAAAA==,dbs/LHocAA==/colls/LHocAPPPqmU=/docs/LHocAPPPqmWGDioAAAAAAA==/,1745179437,22.9,2.94,0,false,,63,false,8c1f64ddb0000155-20250420200126880746,false,true,400,750,2025-04-20T20:01:26.880746Z,22.7,0,6,0,1,da8b1f31-b35d-4329-875c-d1e8c3f39f55,0.0200,8c1f64ddb0000155,40
attachments/,"""0b00baf5-0000-0d00-0000-6805532d0000""",LHocAPPPqmWHDioAAAAAAA==,dbs/LHocAA==/colls/LHocAPPPqmU=/docs/LHocAPPPqmWHDioAAAAAAA==/,1745179437,22.9,2.94,0,false,23.5,63,false,8c1f64ddb0000155-20250420200356880746,false,true,400,750,2025-04-20T20:03:56.880746Z,22.7,0,6,0,1,da8b1f31-b35d-4329-875c-d1e8c3f39f55,0.0200,8c1f64ddb0000155,40
attachments/,"""0b0096f7-0000-0d00-0000-680555850000""",LHocAPPPqmUUDyoAAAAAAA==,dbs/LHocAA==/colls/LHocAPPPqmU=/docs/LHocAPPPqmUUDyoAAAAAAA==/,1745180037,22.9,,,false,23.4,64,false,8c1f64ddb0000155-20250420201357184996,false,true,400,750,2025-04-20T20:13:57.184996Z,22.6,,6,0,1,da8b1f31-b35d-4329-875c-d1e8c3f39f55,0.0200,8c1f64ddb0000155,40
attachments/,"""0b0097f7-0000-0d00-0000-680555850000""",LHocAPPPqmUVDyoAAAAAAA==,dbs/LHocAA==/colls/LHocAPPPqmU=/docs/LHocAPPPqmUVDyoAAAAAAA==/,1745180037,22.9,,,false,,63,false,8c1f64ddb0000155-20250420200627184996,false,true,400,750,2025-04-20T20:06:27.184996Z,22.6,,6,0,1,da8b1f31-b35d-4329-875c-d1e8c3f39f55,0.0200,8c1f64ddb0000155,40
attachments/,"""0b0098f7-0000-0d00-0000-680555850000""",LHocAPPPqmUWDyoAAAAAAA==,dbs/LHocAA==/colls/LHocAPPPqmU=/docs/LHocAPPPqmUWDyoAAAAAAA==/,1745180037,22.9,,,false,,64,false,8c1f64ddb0000155-20250420200857184996,false,true,400,750,2025-04-20T20:08:57.184996Z,22.6,,6,0,1,da8b1f31-b35d-4329-875c-d1e8c3f39f55,0.0200,8c1f64ddb0000155,40
attachments/,"""0b0099f7-0000-0d00-0000-680555860000""",LHocAPPPqmUXDyoAAAAAAA==,dbs/LHocAA==/colls/LHocAPPPqmU=/docs/LHocAPPPqmUXDyoAAAAAAA==/,1745180038,22.9,,,false,,64,false,8c1f64ddb0000155-20250420201127184996,false,true,400,750,2025-04-20T20:11:27.184996Z,22.6,,6,0,1,da8b1f31-b35d-4329-875c-d1e8c3f39f55,0.0200,8c1f64ddb0000155,40
attachments/,"""0b008ff8-0000-0d00-0000-680557db0000""",LHocAPPPqmWkDyoAAAAAAA==,dbs/LHocAA==/colls/LHocAPPPqmU=/docs/LHocAPPPqmWkDyoAAAAAAA==/,1745180635,22.9,,,false,,64,false,8c1f64ddb0000155-20250420201625265521,false,true,400,750,2025-04-20T20:16:25.265521Z,22.6,,6,0,1,da8b1f31-b35d-4329-875c-d1e8c3f39f55,0.0200,8c1f64ddb0000155,40
attachments/,"""0b0090f8-0000-0d00-0000-680557db0000""",LHocAPPPqmWlDyoAAAAAAA==,dbs/LHocAA==/colls/LHocAPPPqmU=/docs/LHocAPPPqmWlDyoAAAAAAA==/,1745180635,22.8,,,false,,64,false,8c1f64ddb0000155-20250420201855265521,false,true,400,750,2025-04-20T20:18:55.265521Z,22.6,,6,0,1,da8b1f31-b35d-4329-875c-d1e8c3f39f55,0.0200,8c1f64ddb0000155,40
attachments/,"""0b0091f8-0000-0d00-0000-680557dc0000""",LHocAPPPqmWmDyoAAAAAAA==,dbs/LHocAA==/colls/LHocAPPPqmU=/docs/LHocAPPPqmWmDyoAAAAAAA==/,1745180636,22.8,,,false,,64,false,8c1f64ddb0000155-20250420202125265521,false,true,400,750,2025-04-20T20:21:25.265521Z,22.5,,6,0,1,da8b1f31-b35d-4329-875c-d1e8c3f39f55,0.0200,8c1f64ddb0000155,40
attachments/,"""0b0092f8-0000-0d00-0000-680557dc0000""",LHocAPPPqmWnDyoAAAAAAA==,dbs/LHocAA==/colls/LHocAPPPqmU=/docs/LHocAPPPqmWnDyoAAAAAAA==/,1745180636,22.8,,,false,23.3,64,false,8c1f64ddb0000155-20250420202355265521,false,true,400,750,2025-04-20T20:23:55.265521Z,22.5,,6,0,1,da8b1f31-b35d-4329-875c-d1e8c3f39f55,0.0200,8c1f64ddb0000155,40
attachments/,"""0b009ff9-0000-0d00-0000-68055a360000""",LHocAPPPqmU0ECoAAAAAAA==,dbs/LHocAA==/colls/LHocAPPPqmU=/docs/LHocAPPPqmU0ECoAAAAAAA==/,1745181238,22.8,2.93,0,false,,64,false,8c1f64ddb0000155-20250420202857806411,false,true,400,750,2025-04-20T20:28:57.806411Z,22.5,0,6,0,1,da8b1f31-b35d-4329-875c-d1e8c3f39f55,0.0200,8c1f64ddb0000155,40
attachments/,"""0b00a0f9-0000-0d00-0000-68055a360000""",LHocAPPPqmU1ECoAAAAAAA==,dbs/LHocAA==/colls/LHocAPPPqmU=/docs/LHocAPPPqmU1ECoAAAAAAA==/,1745181238,22.8,2.93,0,false,23.2,64,false,8c1f64ddb0000155-20250420203357806411,false,true,400,750,2025-04-20T20:33:57.806411Z,22.5,0,6,0,1,da8b1f31-b35d-4329-875c-d1e8c3f39f55,0.0200,8c1f64ddb0000155,40
attachments/,"""0b00a1f9-0000-0d00-0000-68055a360000""",LHocAPPPqmU2ECoAAAAAAA==,dbs/LHocAA==/colls/LHocAPPPqmU=/docs/LHocAPPPqmU2ECoAAAAAAA==/,1745181238,22.8,2.93,0,false,,64,false,8c1f64ddb0000155-20250420202627806411,false,true,400,750,2025-04-20T20:26:27.806411Z,22.5,0,6,0,1,da8b1f31-b35d-4329-875c-d1e8c3f39f55,0.0200,8c1f64ddb0000155,40
attachments/,"""0b00a2f9-0000-0d00-0000-68055a360000""",LHocAPPPqmU3ECoAAAAAAA==,dbs/LHocAA==/colls/LHocAPPPqmU=/docs/LHocAPPPqmU3ECoAAAAAAA==/,1745181238,22.8,2.93,0,false,,64,false,8c1f64ddb0000155-20250420203127806411,false,true,400,750,2025-04-20T20:31:27.806411Z,22.5,0,6,0,1,da8b1f31-b35d-4329-875c-d1e8c3f39f55,0.0200,8c1f64ddb0000155,40
attachments/,"""0b00a1fa-0000-0d00-0000-68055c8d0000""",LHocAPPPqmXEECoAAAAAAA==,dbs/LHocAA==/colls/LHocAPPPqmU=/docs/LHocAPPPqmXEECoAAAAAAA==/,1745181837,22.7,,,false,,64,false,8c1f64ddb0000155-20250420204127269901,false,true,400,750,2025-04-20T20:41:27.269901Z,22.4,,6,0,1,da8b1f31-b35d-4329-875c-d1e8c3f39f55,0.0200,8c1f64ddb0000155,40
attachments/,"""0b00a2fa-0000-0d00-0000-68055c8d0000""",LHocAPPPqmXFECoAAAAAAA==,dbs/LHocAA==/colls/LHocAPPPqmU=/docs/LHocAPPPqmXFECoAAAAAAA==/,1745181837,22.8,,,false,,64,false,8c1f64ddb0000155-20250420203627269901,false,true,400,750,2025-04-20T20:36:27.269901Z,22.4,,6,0,1,da8b1f31-b35d-4329-875c-d1e8c3f39f55,0.0200,8c1f64ddb0000155,40
attachments/,"""0b00a3fa-0000-0d00-0000-68055c8d0000""",LHocAPPPqmXGECoAAAAAAA==,dbs/LHocAA==/colls/LHocAPPPqmU=/docs/LHocAPPPqmXGECoAAAAAAA==/,1745181837,22.7,,,false,,64,false,8c1f64ddb0000155-20250420203857269901,false,true,400,750,2025-04-20T20:38:57.269901Z,22.4,,6,0,1,da8b1f31-b35d-4329-875c-d1e8c3f39f55,0.0200,8c1f64ddb0000155,40
attachments/,"""0b00a4fa-0000-0d00-0000-68055c8d0000""",LHocAPPPqmXHECoAAAAAAA==,dbs/LHocAA==/colls/LHocAPPPqmU=/docs/LHocAPPPqmXHECoAAAAAAA==/,1745181837,22.7,,,false,23.2,64,false,8c1f64ddb0000155-20250420204357269901,false,true,400,750,2025-04-20T20:43:57.269901Z,22.4,,6,0,1,da8b1f31-b35d-4329-875c-d1e8c3f39f55,0.0200,8c1f64ddb0000155,40
attachments/,"""0b0090fb-0000-0d00-0000-68055ee50000""",LHocAPPPqmVUESoAAAAAAA==,dbs/LHocAA==/colls/LHocAPPPqmU=/docs/LHocAPPPqmVUESoAAAAAAA==/,1745182437,22.7,,,false,,64,false,8c1f64ddb0000155-20250420205127421713,false,true,400,750,2025-04-20T20:51:27.421713Z,22.4,,6,0,1,da8b1f31-b35d-4329-875c-d1e8c3f39f55,0.0200,8c1f64ddb0000155,40
attachments/,"""0b0091fb-0000-0d00-0000-68055ee50000""",LHocAPPPqmVVESoAAAAAAA==,dbs/LHocAA==/colls/LHocAPPPqmU=/docs/LHocAPPPqmVVESoAAAAAAA==/,1745182437,22.7,,,false,,64,false,8c1f64ddb0000155-20250420204627421713,false,true,400,750,2025-04-20T20:46:27.421713Z,22.4,,6,0,1,da8b1f31-b35d-4329-875c-d1e8c3f39f55,0.0200,8c1f64ddb0000155,40
attachments/,"""0b0092fb-0000-0d00-0000-68055ee50000""",LHocAPPPqmVWESoAAAAAAA==,dbs/LHocAA==/colls/LHocAPPPqmU=/docs/LHocAPPPqmVWESoAAAAAAA==/,1745182437,22.7,,,false,,64,false,8c1f64ddb0000155-20250420204857421713,false,true,400,750,2025-04-20T20:48:57.421713Z,22.4,,6,0,1,da8b1f31-b35d-4329-875c-d1e8c3f39f55,0.0200,8c1f64ddb0000155,40
attachments/,"""0b0093fb-0000-0d00-0000-68055ee60000""",LHocAPPPqmVXESoAAAAAAA==,dbs/LHocAA==/colls/LHocAPPPqmU=/docs/LHocAPPPqmVXESoAAAAAAA==/,1745182438,22.7,,,false,22.9,64,false,8c1f64ddb0000155-20250420205357421713,false,true,400,750,2025-04-20T20:53:57.421713Z,22.4,,6,0,1,da8b1f31-b35d-4329-875c-d1e8c3f39f55,0.0200,8c1f64ddb0000155,40
attachments/,"""0b00c7fc-0000-0d00-0000-6805613d0000""",LHocAPPPqmXkESoAAAAAAA==,dbs/LHocAA==/colls/LHocAPPPqmU=/docs/LHocAPPPqmXkESoAAAAAAA==/,1745183037,22.6,2.93,0,false,,64,false,8c1f64ddb0000155-20250420205626748729,false,true,400,750,2025-04-20T20:56:26.748729Z,22.3,0,6,0,1,da8b1f31-b35d-4329-875c-d1e8c3f39f55,0.0200,8c1f64ddb0000155,40
attachments/,"""0b00c8fc-0000-0d00-0000-6805613d0000""",LHocAPPPqmXlESoAAAAAAA==,dbs/LHocAA==/colls/LHocAPPPqmU=/docs/LHocAPPPqmXlESoAAAAAAA==/,1745183037,22.6,2.93,0,false,,64,false,8c1f64ddb0000155-20250420205856748729,false,true,400,750,2025-04-20T20:58:56.748729Z,22.3,0,6,0,1,da8b1f31-b35d-4329-875c-d1e8c3f39f55,0.0200,8c1f64ddb0000155,40
attachments/,"""0b00c9fc-0000-0d00-0000-6805613d0000""",LHocAPPPqmXmESoAAAAAAA==,dbs/LHocAA==/colls/LHocAPPPqmU=/docs/LHocAPPPqmXmESoAAAAAAA==/,1745183037,22.6,2.93,0,false,23,65,false,8c1f64ddb0000155-20250420210356748729,false,true,400,750,2025-04-20T21:03:56.748729Z,22.3,0,6,0,1,da8b1f31-b35d-4329-875c-d1e8c3f39f55,0.0200,8c1f64ddb0000155,40
attachments/,"""0b00cafc-0000-0d00-0000-6805613d0000""",LHocAPPPqmXnESoAAAAAAA==,dbs/LHocAA==/colls/LHocAPPPqmU=/docs/LHocAPPPqmXnESoAAAAAAA==/,1745183037,22.6,2.93,0,false,,64,false,8c1f64ddb0000155-20250420210126748729,false,true,400,750,2025-04-20T21:01:26.748729Z,22.3,0,6,0,1,da8b1f31-b35d-4329-875c-d1e8c3f39f55,0.0200,8c1f64ddb0000155,40
attachments/,"""0b001dfe-0000-0d00-0000-680563950000""",LHocAPPPqmV0EioAAAAAAA==,dbs/LHocAA==/colls/LHocAPPPqmU=/docs/LHocAPPPqmV0EioAAAAAAA==/,1745183637,22.6,,,false,,65,false,8c1f64ddb0000155-20250420210626425309,false,true,400,750,2025-04-20T21:06:26.425309Z,22.3,,6,0,1,da8b1f31-b35d-4329-875c-d1e8c3f39f55,0.0200,8c1f64ddb0000155,40
attachments/,"""0b001efe-0000-0d00-0000-680563950000""",LHocAPPPqmV1EioAAAAAAA==,dbs/LHocAA==/colls/LHocAPPPqmU=/docs/LHocAPPPqmV1EioAAAAAAA==/,1745183637,22.6,,,false,,65,false,8c1f64ddb0000155-20250420210856425309,false,true,400,750,2025-04-20T21:08:56.425309Z,22.3,,6,0,1,da8b1f31-b35d-4329-875c-d1e8c3f39f55,0.0200,8c1f64ddb0000155,40
attachments/,"""0b001ffe-0000-0d00-0000-680563950000""",LHocAPPPqmV2EioAAAAAAA==,dbs/LHocAA==/colls/LHocAPPPqmU=/docs/LHocAPPPqmV2EioAAAAAAA==/,1745183637,22.6,,,false,,65,false,8c1f64ddb0000155-20250420211126425309,false,true,400,750,2025-04-20T21:11:26.425309Z,22.2,,6,0,1,da8b1f31-b35d-4329-875c-d1e8c3f39f55,0.0100,8c1f64ddb0000155,40
attachments/,"""0b0020fe-0000-0d00-0000-680563950000""",LHocAPPPqmV3EioAAAAAAA==,dbs/LHocAA==/colls/LHocAPPPqmU=/docs/LHocAPPPqmV3EioAAAAAAA==/,1745183637,22.6,,,false,22.9,65,false,8c1f64ddb0000155-20250420211356425309,false,true,400,750,2025-04-20T21:13:56.425309Z,22.2,,6,0,1,da8b1f31-b35d-4329-875c-d1e8c3f39f55,0.0100,8c1f64ddb0000155,40
attachments/,"""0b0023ff-0000-0d00-0000-680565ec0000""",LHocAPPPqmUEEyoAAAAAAA==,dbs/LHocAA==/colls/LHocAPPPqmU=/docs/LHocAPPPqmUEEyoAAAAAAA==/,1745184236,22.5,,,false,,65,false,8c1f64ddb0000155-20250420211625998098,false,true,400,750,2025-04-20T21:16:25.998098Z,22.2,,6,0,1,da8b1f31-b35d-4329-875c-d1e8c3f39f55,0.0100,8c1f64ddb0000155,40
attachments/,"""0b0024ff-0000-0d00-0000-680565ec0000""",LHocAPPPqmUFEyoAAAAAAA==,dbs/LHocAA==/colls/LHocAPPPqmU=/docs/LHocAPPPqmUFEyoAAAAAAA==/,1745184236,22.5,,,false,,65,false,8c1f64ddb0000155-20250420211855998098,false,true,400,750,2025-04-20T21:18:55.998098Z,22.2,,6,0,1,da8b1f31-b35d-4329-875c-d1e8c3f39f55,0.0100,8c1f64ddb0000155,40
attachments/,"""0b0025ff-0000-0d00-0000-680565ec0000""",LHocAPPPqmUGEyoAAAAAAA==,dbs/LHocAA==/colls/LHocAPPPqmU=/docs/LHocAPPPqmUGEyoAAAAAAA==/,1745184236,22.5,,,false,,65,false,8c1f64ddb0000155-20250420212125998098,false,true,400,750,2025-04-20T21:21:25.998098Z,22.2,,6,0,1,da8b1f31-b35d-4329-875c-d1e8c3f39f55,0.0100,8c1f64ddb0000155,40
attachments/,"""0b0026ff-0000-0d00-0000-680565ec0000""",LHocAPPPqmUHEyoAAAAAAA==,dbs/LHocAA==/colls/LHocAPPPqmU=/docs/LHocAPPPqmUHEyoAAAAAAA==/,1745184236,22.5,,,false,22.9,65,false,8c1f64ddb0000155-20250420212355998098,false,true,400,750,2025-04-20T21:23:55.998098Z,22.2,,6,0,1,da8b1f31-b35d-4329-875c-d1e8c3f39f55,0.0100,8c1f64ddb0000155,40
attachments/,"""0c001f00-0000-0d00-0000-680568440000""",LHocAPPPqmWUEyoAAAAAAA==,dbs/LHocAA==/colls/LHocAPPPqmU=/docs/LHocAPPPqmWUEyoAAAAAAA==/,1745184836,22.5,2.93,0,false,,65,false,8c1f64ddb0000155-20250420212855487144,false,true,400,750,2025-04-20T21:28:55.487144Z,22.2,0,6,0,1,da8b1f31-b35d-4329-875c-d1e8c3f39f55,0.0100,8c1f64ddb0000155,40
attachments/,"""0c002000-0000-0d00-0000-680568440000""",LHocAPPPqmWVEyoAAAAAAA==,dbs/LHocAA==/colls/LHocAPPPqmU=/docs/LHocAPPPqmWVEyoAAAAAAA==/,1745184836,22.5,2.93,0,false,,65,false,8c1f64ddb0000155-20250420212625487144,false,true,400,750,2025-04-20T21:26:25.487144Z,22.2,0,6,0,1,da8b1f31-b35d-4329-875c-d1e8c3f39f55,0.0100,8c1f64ddb0000155,40
attachments/,"""0c002100-0000-0d00-0000-680568440000""",LHocAPPPqmWWEyoAAAAAAA==,dbs/LHocAA==/colls/LHocAPPPqmU=/docs/LHocAPPPqmWWEyoAAAAAAA==/,1745184836,22.5,2.93,0,false,,65,false,8c1f64ddb0000155-20250420213125487144,false,true,400,750,2025-04-20T21:31:25.487144Z,22.2,0,6,0,1,da8b1f31-b35d-4329-875c-d1e8c3f39f55,0.0100,8c1f64ddb0000155,40
attachments/,"""0c002200-0000-0d00-0000-680568440000""",LHocAPPPqmWXEyoAAAAAAA==,dbs/LHocAA==/colls/LHocAPPPqmU=/docs/LHocAPPPqmWXEyoAAAAAAA==/,1745184836,22.5,2.93,0,false,22.8,65,false,8c1f64ddb0000155-20250420213355487144,false,true,400,750,2025-04-20T21:33:55.487144Z,22.2,0,6,0,1,da8b1f31-b35d-4329-875c-d1e8c3f39f55,0.0100,8c1f64ddb0000155,40
attachments/,"""0c003201-0000-0d00-0000-68056a9c0000""",LHocAPPPqmUgFCoAAAAAAA==,dbs/LHocAA==/colls/LHocAPPPqmU=/docs/LHocAPPPqmUgFCoAAAAAAA==/,1745185436,22.4,,,false,,65,false,8c1f64ddb0000155-20250420213626593649,false,true,400,750,2025-04-20T21:36:26.593649Z,22.1,,6,0,1,da8b1f31-b35d-4329-875c-d1e8c3f39f55,0.0100,8c1f64ddb0000155,40
attachments/,"""0c003301-0000-0d00-0000-68056a9d0000""",LHocAPPPqmUhFCoAAAAAAA==,dbs/LHocAA==/colls/LHocAPPPqmU=/docs/LHocAPPPqmUhFCoAAAAAAA==/,1745185437,22.4,,,false,,65,false,8c1f64ddb0000155-20250420213856593649,false,true,400,750,2025-04-20T21:38:56.593649Z,22.1,,6,0,1,da8b1f31-b35d-4329-875c-d1e8c3f39f55,0.0100,8c1f64ddb0000155,40
attachments/,"""0c003401-0000-0d00-0000-68056a9d0000""",LHocAPPPqmUiFCoAAAAAAA==,dbs/LHocAA==/colls/LHocAPPPqmU=/docs/LHocAPPPqmUiFCoAAAAAAA==/,1745185437,22.4,,,false,,65,false,8c1f64ddb0000155-20250420214126593649,false,true,400,750,2025-04-20T21:41:26.593649Z,22.1,,6,0,1,da8b1f31-b35d-4329-875c-d1e8c3f39f55,0.0100,8c1f64ddb0000155,40
attachments/,"""0c003501-0000-0d00-0000-68056a9d0000""",LHocAPPPqmUjFCoAAAAAAA==,dbs/LHocAA==/colls/LHocAPPPqmU=/docs/LHocAPPPqmUjFCoAAAAAAA==/,1745185437,22.4,,,false,22.7,65,false,8c1f64ddb0000155-20250420214356593649,false,true,400,750,2025-04-20T21:43:56.593649Z,22.1,,6,0,1,da8b1f31-b35d-4329-875c-d1e8c3f39f55,0.0100,8c1f64ddb0000155,40
attachments/,"""0c003c02-0000-0d00-0000-68056cf40000""",LHocAPPPqmWsFCoAAAAAAA==,dbs/LHocAA==/colls/LHocAPPPqmU=/docs/LHocAPPPqmWsFCoAAAAAAA==/,1745186036,22.4,,,false,,65,false,8c1f64ddb0000155-20250420214625946397,false,true,400,750,2025-04-20T21:46:25.946397Z,22.1,,6,0,1,da8b1f31-b35d-4329-875c-d1e8c3f39f55,0.0100,8c1f64ddb0000155,40
attachments/,"""0c003d02-0000-0d00-0000-68056cf40000""",LHocAPPPqmWtFCoAAAAAAA==,dbs/LHocAA==/colls/LHocAPPPqmU=/docs/LHocAPPPqmWtFCoAAAAAAA==/,1745186036,22.4,,,false,22.7,65,false,8c1f64ddb0000155-20250420215355946397,false,true,400,750,2025-04-20T21:53:55.946397Z,22.1,,6,0,1,da8b1f31-b35d-4329-875c-d1e8c3f39f55,0.0100,8c1f64ddb0000155,40
attachments/,"""0c003e02-0000-0d00-0000-68056cf40000""",LHocAPPPqmWuFCoAAAAAAA==,dbs/LHocAA==/colls/LHocAPPPqmU=/docs/LHocAPPPqmWuFCoAAAAAAA==/,1745186036,22.4,,,false,,65,false,8c1f64ddb0000155-20250420214855946397,false,true,400,750,2025-04-20T21:48:55.946397Z,22.1,,6,0,1,da8b1f31-b35d-4329-875c-d1e8c3f39f55,0.0100,8c1f64ddb0000155,40
attachments/,"""0c003f02-0000-0d00-0000-68056cf40000""",LHocAPPPqmWvFCoAAAAAAA==,dbs/LHocAA==/colls/LHocAPPPqmU=/docs/LHocAPPPqmWvFCoAAAAAAA==/,1745186036,22.4,,,false,,65,false,8c1f64ddb0000155-20250420215125946397,false,true,400,750,2025-04-20T21:51:25.946397Z,22.1,,6,0,1,da8b1f31-b35d-4329-875c-d1e8c3f39f55,0.0100,8c1f64ddb0000155,40
attachments/,"""0c003403-0000-0d00-0000-68056f4d0000""",LHocAPPPqmU0FSoAAAAAAA==,dbs/LHocAA==/colls/LHocAPPPqmU=/docs/LHocAPPPqmU0FSoAAAAAAA==/,1745186637,22.3,2.93,0,false,,65,false,8c1f64ddb0000155-20250420215857284401,false,true,400,750,2025-04-20T21:58:57.284401Z,22,0,6,0,1,da8b1f31-b35d-4329-875c-d1e8c3f39f55,0.0100,8c1f64ddb0000155,40
attachments/,"""0c003503-0000-0d00-0000-68056f4d0000""",LHocAPPPqmU1FSoAAAAAAA==,dbs/LHocAA==/colls/LHocAPPPqmU=/docs/LHocAPPPqmU1FSoAAAAAAA==/,1745186637,22.4,2.93,0,false,,65,false,8c1f64ddb0000155-20250420215627284401,false,true,400,750,2025-04-20T21:56:27.284401Z,22.1,0,6,0,1,da8b1f31-b35d-4329-875c-d1e8c3f39f55,0.0100,8c1f64ddb0000155,40
attachments/,"""0c003803-0000-0d00-0000-68056f4d0000""",LHocAPPPqmU2FSoAAAAAAA==,dbs/LHocAA==/colls/LHocAPPPqmU=/docs/LHocAPPPqmU2FSoAAAAAAA==/,1745186637,22.3,2.93,0,false,,65,false,8c1f64ddb0000155-20250420220127284401,false,true,400,750,2025-04-20T22:01:27.284401Z,22,0,6,0,1,da8b1f31-b35d-4329-875c-d1e8c3f39f55,0.0100,8c1f64ddb0000155,40
attachments/,"""0c003903-0000-0d00-0000-68056f4d0000""",LHocAPPPqmU3FSoAAAAAAA==,dbs/LHocAA==/colls/LHocAPPPqmU=/docs/LHocAPPPqmU3FSoAAAAAAA==/,1745186637,22.3,2.93,0,false,22.6,65,false,8c1f64ddb0000155-20250420220357284401,false,true,400,750,2025-04-20T22:03:57.284401Z,22,0,6,0,1,da8b1f31-b35d-4329-875c-d1e8c3f39f55,0.0100,8c1f64ddb0000155,40
attachments/,"""0c004004-0000-0d00-0000-680571a50000""",LHocAPPPqmXEFSoAAAAAAA==,dbs/LHocAA==/colls/LHocAPPPqmU=/docs/LHocAPPPqmXEFSoAAAAAAA==/,1745187237,22.3,,,false,,65,false,8c1f64ddb0000155-20250420220626664631,false,true,400,750,2025-04-20T22:06:26.664631Z,22,,6,0,1,da8b1f31-b35d-4329-875c-d1e8c3f39f55,0.0100,8c1f64ddb0000155,40
attachments/,"""0c004104-0000-0d00-0000-680571a50000""",LHocAPPPqmXFFSoAAAAAAA==,dbs/LHocAA==/colls/LHocAPPPqmU=/docs/LHocAPPPqmXFFSoAAAAAAA==/,1745187237,22.3,,,false,,65,false,8c1f64ddb0000155-20250420221126664631,false,true,400,750,2025-04-20T22:11:26.664631Z,22,,6,0,1,da8b1f31-b35d-4329-875c-d1e8c3f39f55,0.0900,8c1f64ddb0000155,40
attachments/,"""0c004204-0000-0d00-0000-680571a50000""",LHocAPPPqmXGFSoAAAAAAA==,dbs/LHocAA==/colls/LHocAPPPqmU=/docs/LHocAPPPqmXGFSoAAAAAAA==/,1745187237,22.3,,,false,,65,false,8c1f64ddb0000155-20250420220856664631,false,true,400,750,2025-04-20T22:08:56.664631Z,22,,6,0,1,da8b1f31-b35d-4329-875c-d1e8c3f39f55,0.0100,8c1f64ddb0000155,40
attachments/,"""0c004304-0000-0d00-0000-680571a50000""",LHocAPPPqmXHFSoAAAAAAA==,dbs/LHocAA==/colls/LHocAPPPqmU=/docs/LHocAPPPqmXHFSoAAAAAAA==/,1745187237,22.3,,,false,25.2,65,false,8c1f64ddb0000155-20250420221356664631,false,true,400,750,2025-04-20T22:13:56.664631Z,22.2,,6,0,1,da8b1f31-b35d-4329-875c-d1e8c3f39f55,0.160,8c1f64ddb0000155,40
attachments/,"""0c003a05-0000-0d00-0000-680573fe0000""",LHocAPPPqmVVFioAAAAAAA==,dbs/LHocAA==/colls/LHocAPPPqmU=/docs/LHocAPPPqmVVFioAAAAAAA==/,1745187838,22.3,,,false,,64,false,8c1f64ddb0000155-20250420221627914809,false,true,400,750,2025-04-20T22:16:27.914809Z,22.5,,6,0,1,da8b1f31-b35d-4329-875c-d1e8c3f39f55,0.350,8c1f64ddb0000155,40
attachments/,"""0c003b05-0000-0d00-0000-680573fe0000""",LHocAPPPqmVWFioAAAAAAA==,dbs/LHocAA==/colls/LHocAPPPqmU=/docs/LHocAPPPqmVWFioAAAAAAA==/,1745187838,22.3,,,false,,62,false,8c1f64ddb0000155-20250420221857914809,false,true,400,750,2025-04-20T22:18:57.914809Z,23.1,,6,0,1,da8b1f31-b35d-4329-875c-d1e8c3f39f55,0.550,8c1f64ddb0000155,40
attachments/,"""0c003c05-0000-0d00-0000-680573fe0000""",LHocAPPPqmVXFioAAAAAAA==,dbs/LHocAA==/colls/LHocAPPPqmU=/docs/LHocAPPPqmVXFioAAAAAAA==/,1745187838,22.3,,,false,,59,false,8c1f64ddb0000155-20250420222127914809,false,true,400,750,2025-04-20T22:21:27.914809Z,24.1,,6,0,1,da8b1f31-b35d-4329-875c-d1e8c3f39f55,0.590,8c1f64ddb0000155,40
attachments/,"""0c003d05-0000-0d00-0000-680573fe0000""",LHocAPPPqmVYFioAAAAAAA==,dbs/LHocAA==/colls/LHocAPPPqmU=/docs/LHocAPPPqmVYFioAAAAAAA==/,1745187838,22.4,,,false,37.4,55,false,8c1f64ddb0000155-20250420222357914809,false,true,400,750,2025-04-20T22:23:57.914809Z,25.2,,6,0,1,da8b1f31-b35d-4329-875c-d1e8c3f39f55,0.600,8c1f64ddb0000155,40
attachments/,"""0c004407-0000-0d00-0000-680578ab0000""",LHocAPPPqmVtFyoAAAAAAA==,dbs/LHocAA==/colls/LHocAPPPqmU=/docs/LHocAPPPqmVtFyoAAAAAAA==/,1745189035,22.9,,,false,,43,false,8c1f64ddb0000155-20250420223625417413,false,true,400,750,2025-04-20T22:36:25.417413Z,29.9,,6,0,1,da8b1f31-b35d-4329-875c-d1e8c3f39f55,0.530,8c1f64ddb0000155,40
attachments/,"""0c004507-0000-0d00-0000-680578ab0000""",LHocAPPPqmVuFyoAAAAAAA==,dbs/LHocAA==/colls/LHocAPPPqmU=/docs/LHocAPPPqmVuFyoAAAAAAA==/,1745189035,23.4,,,false,42.9,40,false,8c1f64ddb0000155-20250420224355417413,false,true,400,750,2025-04-20T22:43:55.417413Z,31.5,,6,0,1,da8b1f31-b35d-4329-875c-d1e8c3f39f55,0.510,8c1f64ddb0000155,40
attachments/,"""0c004607-0000-0d00-0000-680578ab0000""",LHocAPPPqmVvFyoAAAAAAA==,dbs/LHocAA==/colls/LHocAPPPqmU=/docs/LHocAPPPqmVvFyoAAAAAAA==/,1745189035,23.1,,,false,,42,false,8c1f64ddb0000155-20250420223855417413,false,true,400,750,2025-04-20T22:38:55.417413Z,30.5,,6,0,1,da8b1f31-b35d-4329-875c-d1e8c3f39f55,0.520,8c1f64ddb0000155,40
attachments/,"""0c004707-0000-0d00-0000-680578ac0000""",LHocAPPPqmVwFyoAAAAAAA==,dbs/LHocAA==/colls/LHocAPPPqmU=/docs/LHocAPPPqmVwFyoAAAAAAA==/,1745189036,23.2,,,false,,41,false,8c1f64ddb0000155-20250420224125417413,false,true,400,750,2025-04-20T22:41:25.417413Z,31,,6,0,1,da8b1f31-b35d-4329-875c-d1e8c3f39f55,0.510,8c1f64ddb0000155,40
attachments/,"""0c005508-0000-0d00-0000-68057b040000""",LHocAPPPqmUBGCoAAAAAAA==,dbs/LHocAA==/colls/LHocAPPPqmU=/docs/LHocAPPPqmUBGCoAAAAAAA==/,1745189636,23.5,,,false,,39,false,8c1f64ddb0000155-20250420224626333679,false,true,400,750,2025-04-20T22:46:26.333679Z,31.8,,6,0,1,da8b1f31-b35d-4329-875c-d1e8c3f39f55,0.520,8c1f64ddb0000155,40
attachments/,"""0c005608-0000-0d00-0000-68057b040000""",LHocAPPPqmUCGCoAAAAAAA==,dbs/LHocAA==/colls/LHocAPPPqmU=/docs/LHocAPPPqmUCGCoAAAAAAA==/,1745189636,23.5,,,false,,38,false,8c1f64ddb0000155-20250420224856333679,false,true,400,750,2025-04-20T22:48:56.333679Z,32.1,,6,0,1,da8b1f31-b35d-4329-875c-d1e8c3f39f55,0.530,8c1f64ddb0000155,40
attachments/,"""0c005708-0000-0d00-0000-68057b040000""",LHocAPPPqmUDGCoAAAAAAA==,dbs/LHocAA==/colls/LHocAPPPqmU=/docs/LHocAPPPqmUDGCoAAAAAAA==/,1745189636,23.6,,,false,44.7,37,false,8c1f64ddb0000155-20250420225356333679,false,true,400,750,2025-04-20T22:53:56.333679Z,32.8,,6,0,1,da8b1f31-b35d-4329-875c-d1e8c3f39f55,0.530,8c1f64ddb0000155,40
attachments/,"""0c005808-0000-0d00-0000-68057b040000""",LHocAPPPqmUEGCoAAAAAAA==,dbs/LHocAA==/colls/LHocAPPPqmU=/docs/LHocAPPPqmUEGCoAAAAAAA==/,1745189636,23.5,,,false,,38,false,8c1f64ddb0000155-20250420225126333679,false,true,400,750,2025-04-20T22:51:26.333679Z,32.5,,6,0,1,da8b1f31-b35d-4329-875c-d1e8c3f39f55,0.530,8c1f64ddb0000155,40
attachments/,"""0c006309-0000-0d00-0000-68057d5d0000""",LHocAPPPqmWRGCoAAAAAAA==,dbs/LHocAA==/colls/LHocAPPPqmU=/docs/LHocAPPPqmWRGCoAAAAAAA==/,1745190237,23.6,2.93,0,false,,36,false,8c1f64ddb0000155-20250420230127626478,false,true,400,750,2025-04-20T23:01:27.626478Z,33.5,0,6,0,1,da8b1f31-b35d-4329-875c-d1e8c3f39f55,0.450,8c1f64ddb0000155,40
attachments/,"""0c006409-0000-0d00-0000-68057d5e0000""",LHocAPPPqmWSGCoAAAAAAA==,dbs/LHocAA==/colls/LHocAPPPqmU=/docs/LHocAPPPqmWSGCoAAAAAAA==/,1745190238,23.6,2.93,0,false,,37,false,8c1f64ddb0000155-20250420225627626478,false,true,400,750,2025-04-20T22:56:27.626478Z,33,0,6,0,1,da8b1f31-b35d-4329-875c-d1e8c3f39f55,0.540,8c1f64ddb0000155,40
attachments/,"""0c006509-0000-0d00-0000-68057d5e0000""",LHocAPPPqmWTGCoAAAAAAA==,dbs/LHocAA==/colls/LHocAPPPqmU=/docs/LHocAPPPqmWTGCoAAAAAAA==/,1745190238,23.6,2.93,0,false,,36,false,8c1f64ddb0000155-20250420225857626478,false,true,400,750,2025-04-20T22:58:57.626478Z,33.3,0,6,0,1,da8b1f31-b35d-4329-875c-d1e8c3f39f55,0.540,8c1f64ddb0000155,40
attachments/,"""0c006609-0000-0d00-0000-68057d5e0000""",LHocAPPPqmWUGCoAAAAAAA==,dbs/LHocAA==/colls/LHocAPPPqmU=/docs/LHocAPPPqmWUGCoAAAAAAA==/,1745190238,23.7,2.93,0,false,44.2,36,false,8c1f64ddb0000155-20250420230357626478,false,true,400,750,2025-04-20T23:03:57.626478Z,33.7,0,6,0,1,da8b1f31-b35d-4329-875c-d1e8c3f39f55,0.460,8c1f64ddb0000155,40
attachments/,"""0c008f0a-0000-0d00-0000-68057fb30000""",LHocAPPPqmUfGSoAAAAAAA==,dbs/LHocAA==/colls/LHocAPPPqmU=/docs/LHocAPPPqmUfGSoAAAAAAA==/,1745190835,23.7,,,false,,35,false,8c1f64ddb0000155-20250420230625243094,false,true,400,750,2025-04-20T23:06:25.243094Z,33.5,,6,0,1,da8b1f31-b35d-4329-875c-d1e8c3f39f55,0.430,8c1f64ddb0000155,40
attachments/,"""0c00900a-0000-0d00-0000-68057fb30000""",LHocAPPPqmUgGSoAAAAAAA==,dbs/LHocAA==/colls/LHocAPPPqmU=/docs/LHocAPPPqmUgGSoAAAAAAA==/,1745190835,23.8,,,false,43.6,35,false,8c1f64ddb0000155-20250420231355243094,false,true,400,750,2025-04-20T23:13:55.243094Z,33.7,,6,0,1,da8b1f31-b35d-4329-875c-d1e8c3f39f55,0.460,8c1f64ddb0000155,40
attachments/,"""0c00910a-0000-0d00-0000-68057fb30000""",LHocAPPPqmUhGSoAAAAAAA==,dbs/LHocAA==/colls/LHocAPPPqmU=/docs/LHocAPPPqmUhGSoAAAAAAA==/,1745190835,23.7,,,false,,35,false,8c1f64ddb0000155-20250420230855243094,false,true,400,750,2025-04-20T23:08:55.243094Z,33.6,,6,0,1,da8b1f31-b35d-4329-875c-d1e8c3f39f55,0.420,8c1f64ddb0000155,40
attachments/,"""0c00920a-0000-0d00-0000-68057fb30000""",LHocAPPPqmUiGSoAAAAAAA==,dbs/LHocAA==/colls/LHocAPPPqmU=/docs/LHocAPPPqmUiGSoAAAAAAA==/,1745190835,23.8,,,false,,36,false,8c1f64ddb0000155-20250420231125243094,false,true,400,750,2025-04-20T23:11:25.243094Z,33.6,,6,0,1,da8b1f31-b35d-4329-875c-d1e8c3f39f55,0.450,8c1f64ddb0000155,40
attachments/,"""0c00960b-0000-0d00-0000-6805820c0000""",LHocAPPPqmW0GSoAAAAAAA==,dbs/LHocAA==/colls/LHocAPPPqmU=/docs/LHocAPPPqmW0GSoAAAAAAA==/,1745191436,23.9,,,false,,35,false,8c1f64ddb0000155-20250420232126344832,false,true,400,750,2025-04-20T23:21:26.344832Z,33.5,,6,0,1,da8b1f31-b35d-4329-875c-d1e8c3f39f55,0.450,8c1f64ddb0000155,40
attachments/,"""0c00970b-0000-0d00-0000-6805820c0000""",LHocAPPPqmW1GSoAAAAAAA==,dbs/LHocAA==/colls/LHocAPPPqmU=/docs/LHocAPPPqmW1GSoAAAAAAA==/,1745191436,23.8,,,false,,35,false,8c1f64ddb0000155-20250420231626344832,false,true,400,750,2025-04-20T23:16:26.344832Z,33.6,,6,0,1,da8b1f31-b35d-4329-875c-d1e8c3f39f55,0.400,8c1f64ddb0000155,40
attachments/,"""0c00980b-0000-0d00-0000-6805820c0000""",LHocAPPPqmW2GSoAAAAAAA==,dbs/LHocAA==/colls/LHocAPPPqmU=/docs/LHocAPPPqmW2GSoAAAAAAA==/,1745191436,23.9,,,false,43,36,false,8c1f64ddb0000155-20250420232356344832,false,true,400,750,2025-04-20T23:23:56.344832Z,33.6,,6,0,1,da8b1f31-b35d-4329-875c-d1e8c3f39f55,0.420,8c1f64ddb0000155,40
attachments/,"""0c00990b-0000-0d00-0000-6805820c0000""",LHocAPPPqmW3GSoAAAAAAA==,dbs/LHocAA==/colls/LHocAPPPqmU=/docs/LHocAPPPqmW3GSoAAAAAAA==/,1745191436,23.9,,,false,,36,false,8c1f64ddb0000155-20250420231856344832,false,true,400,750,2025-04-20T23:18:56.344832Z,33.5,,6,0,1,da8b1f31-b35d-4329-875c-d1e8c3f39f55,0.430,8c1f64ddb0000155,40
attachments/,"""0c00a00c-0000-0d00-0000-680584660000""",LHocAPPPqmU8GioAAAAAAA==,dbs/LHocAA==/colls/LHocAPPPqmU=/docs/LHocAPPPqmU8GioAAAAAAA==/,1745192038,24,2.94,0,false,,36,false,8c1f64ddb0000155-20250420232627888719,false,true,400,750,2025-04-20T23:26:27.888719Z,33.5,0,6,0,1,da8b1f31-b35d-4329-875c-d1e8c3f39f55,0.400,8c1f64ddb0000155,40
attachments/,"""0c00a10c-0000-0d00-0000-680584660000""",LHocAPPPqmU9GioAAAAAAA==,dbs/LHocAA==/colls/LHocAPPPqmU=/docs/LHocAPPPqmU9GioAAAAAAA==/,1745192038,24,2.94,0,false,,36,false,8c1f64ddb0000155-20250420233127888719,false,true,400,750,2025-04-20T23:31:27.888719Z,33.4,0,6,0,1,da8b1f31-b35d-4329-875c-d1e8c3f39f55,0.470,8c1f64ddb0000155,40
attachments/,"""0c00a20c-0000-0d00-0000-680584660000""",LHocAPPPqmU+GioAAAAAAA==,dbs/LHocAA==/colls/LHocAPPPqmU=/docs/LHocAPPPqmU+GioAAAAAAA==/,1745192038,24,2.94,0,false,,36,false,8c1f64ddb0000155-20250420232857888719,false,true,400,750,2025-04-20T23:28:57.888719Z,33.5,0,6,0,1,da8b1f31-b35d-4329-875c-d1e8c3f39f55,0.440,8c1f64ddb0000155,40
attachments/,"""0c00a30c-0000-0d00-0000-680584660000""",LHocAPPPqmU-GioAAAAAAA==,dbs/LHocAA==/colls/LHocAPPPqmU=/docs/LHocAPPPqmU-GioAAAAAAA==/,1745192038,24.1,2.94,0,false,43,36,false,8c1f64ddb0000155-20250420233357888719,false,true,400,750,2025-04-20T23:33:57.888719Z,33.5,0,6,0,1,da8b1f31-b35d-4329-875c-d1e8c3f39f55,0.400,8c1f64ddb0000155,40
attachments/,"""0c00ba0d-0000-0d00-0000-680586bc0000""",LHocAPPPqmXIGioAAAAAAA==,dbs/LHocAA==/colls/LHocAPPPqmU=/docs/LHocAPPPqmXIGioAAAAAAA==/,1745192636,24.1,,,false,,36,false,8c1f64ddb0000155-20250420233625817551,false,true,400,750,2025-04-20T23:36:25.817551Z,33.5,,6,0,1,da8b1f31-b35d-4329-875c-d1e8c3f39f55,0.470,8c1f64ddb0000155,40
attachments/,"""0c00bb0d-0000-0d00-0000-680586bc0000""",LHocAPPPqmXJGioAAAAAAA==,dbs/LHocAA==/colls/LHocAPPPqmU=/docs/LHocAPPPqmXJGioAAAAAAA==/,1745192636,24.2,,,false,,36,false,8c1f64ddb0000155-20250420233855817551,false,true,400,750,2025-04-20T23:38:55.817551Z,33.4,,6,0,1,da8b1f31-b35d-4329-875c-d1e8c3f39f55,0.450,8c1f64ddb0000155,40
attachments/,"""0c00bc0d-0000-0d00-0000-680586bc0000""",LHocAPPPqmXKGioAAAAAAA==,dbs/LHocAA==/colls/LHocAPPPqmU=/docs/LHocAPPPqmXKGioAAAAAAA==/,1745192636,24.3,,,false,43.9,36,false,8c1f64ddb0000155-20250420234355817551,false,true,400,750,2025-04-20T23:43:55.817551Z,33.6,,6,0,1,da8b1f31-b35d-4329-875c-d1e8c3f39f55,0.470,8c1f64ddb0000155,40
attachments/,"""0c00bd0d-0000-0d00-0000-680586bc0000""",LHocAPPPqmXLGioAAAAAAA==,dbs/LHocAA==/colls/LHocAPPPqmU=/docs/LHocAPPPqmXLGioAAAAAAA==/,1745192636,24.2,,,false,,36,false,8c1f64ddb0000155-20250420234125817551,false,true,400,750,2025-04-20T23:41:25.817551Z,33.5,,6,0,1,da8b1f31-b35d-4329-875c-d1e8c3f39f55,0.400,8c1f64ddb0000155,40
attachments/,"""0c00e00e-0000-0d00-0000-680589160000""",LHocAPPPqmVYGyoAAAAAAA==,dbs/LHocAA==/colls/LHocAPPPqmU=/docs/LHocAPPPqmVYGyoAAAAAAA==/,1745193238,24.4,,,false,,36,false,8c1f64ddb0000155-20250420234627949507,false,true,400,750,2025-04-20T23:46:27.949507Z,33.5,,6,0,1,da8b1f31-b35d-4329-875c-d1e8c3f39f55,0.420,8c1f64ddb0000155,40
attachments/,"""0c00e10e-0000-0d00-0000-680589160000""",LHocAPPPqmVZGyoAAAAAAA==,dbs/LHocAA==/colls/LHocAPPPqmU=/docs/LHocAPPPqmVZGyoAAAAAAA==/,1745193238,24.4,,,false,,35,false,8c1f64ddb0000155-20250420234857949507,false,true,400,750,2025-04-20T23:48:57.949507Z,33.5,,6,0,1,da8b1f31-b35d-4329-875c-d1e8c3f39f55,0.410,8c1f64ddb0000155,40
attachments/,"""0c00e20e-0000-0d00-0000-680589160000""",LHocAPPPqmVaGyoAAAAAAA==,dbs/LHocAA==/colls/LHocAPPPqmU=/docs/LHocAPPPqmVaGyoAAAAAAA==/,1745193238,24.5,,,false,,36,false,8c1f64ddb0000155-20250420235127949507,false,true,400,750,2025-04-20T23:51:27.949507Z,33.5,,6,0,1,da8b1f31-b35d-4329-875c-d1e8c3f39f55,0.480,8c1f64ddb0000155,40
attachments/,"""0c00e30e-0000-0d00-0000-680589160000""",LHocAPPPqmVbGyoAAAAAAA==,dbs/LHocAA==/colls/LHocAPPPqmU=/docs/LHocAPPPqmVbGyoAAAAAAA==/,1745193238,24.5,,,false,42.8,36,false,8c1f64ddb0000155-20250420235357949507,false,true,400,750,2025-04-20T23:53:57.949507Z,33.5,,6,0,1,da8b1f31-b35d-4329-875c-d1e8c3f39f55,0.410,8c1f64ddb0000155,40
attachments/,"""0c002c10-0000-0d00-0000-68058b6c0000""",LHocAPPPqmXoGyoAAAAAAA==,dbs/LHocAA==/colls/LHocAPPPqmU=/docs/LHocAPPPqmXoGyoAAAAAAA==/,1745193836,24.6,2.95,0,false,,36,false,8c1f64ddb0000155-20250420235855606517,false,true,400,750,2025-04-20T23:58:55.606517Z,33.4,0,6,0,1,da8b1f31-b35d-4329-875c-d1e8c3f39f55,0.450,8c1f64ddb0000155,40
attachments/,"""0c002d10-0000-0d00-0000-68058b6c0000""",LHocAPPPqmXpGyoAAAAAAA==,dbs/LHocAA==/colls/LHocAPPPqmU=/docs/LHocAPPPqmXpGyoAAAAAAA==/,1745193836,24.7,2.95,0,false,43.2,36,false,8c1f64ddb0000155-20250421000355606517,false,true,400,750,2025-04-21T00:03:55.606517Z,33.4,0,6,0,1,da8b1f31-b35d-4329-875c-d1e8c3f39f55,0.410,8c1f64ddb0000155,40
attachments/,"""0c002e10-0000-0d00-0000-68058b6c0000""",LHocAPPPqmXqGyoAAAAAAA==,dbs/LHocAA==/colls/LHocAPPPqmU=/docs/LHocAPPPqmXqGyoAAAAAAA==/,1745193836,24.6,2.95,0,false,,35,false,8c1f64ddb0000155-20250420235625606517,false,true,400,750,2025-04-20T23:56:25.606517Z,33.6,0,6,0,1,da8b1f31-b35d-4329-875c-d1e8c3f39f55,0.420,8c1f64ddb0000155,40
attachments/,"""0c002f10-0000-0d00-0000-68058b6c0000""",LHocAPPPqmXrGyoAAAAAAA==,dbs/LHocAA==/colls/LHocAPPPqmU=/docs/LHocAPPPqmXrGyoAAAAAAA==/,1745193836,24.7,2.95,0,false,,35,false,8c1f64ddb0000155-20250421000125606517,false,true,400,750,2025-04-21T00:01:25.606517Z,33.5,0,6,0,1,da8b1f31-b35d-4329-875c-d1e8c3f39f55,0.410,8c1f64ddb0000155,40
attachments/,"""0c004811-0000-0d00-0000-68058dc50000""",LHocAPPPqmV4HCoAAAAAAA==,dbs/LHocAA==/colls/LHocAPPPqmU=/docs/LHocAPPPqmV4HCoAAAAAAA==/,1745194437,24.7,,,false,,36,false,8c1f64ddb0000155-20250421000627150184,false,true,400,750,2025-04-21T00:06:27.150184Z,33.4,,6,0,1,da8b1f31-b35d-4329-875c-d1e8c3f39f55,0.480,8c1f64ddb0000155,40
attachments/,"""0c004911-0000-0d00-0000-68058dc50000""",LHocAPPPqmV5HCoAAAAAAA==,dbs/LHocAA==/colls/LHocAPPPqmU=/docs/LHocAPPPqmV5HCoAAAAAAA==/,1745194437,24.9,,,false,43.8,36,false,8c1f64ddb0000155-20250421001357150184,false,true,400,750,2025-04-21T00:13:57.150184Z,33.5,,6,0,1,da8b1f31-b35d-4329-875c-d1e8c3f39f55,0.480,8c1f64ddb0000155,40
attachments/,"""0c004a11-0000-0d00-0000-68058dc50000""",LHocAPPPqmV6HCoAAAAAAA==,dbs/LHocAA==/colls/LHocAPPPqmU=/docs/LHocAPPPqmV6HCoAAAAAAA==/,1745194437,24.8,,,false,,36,false,8c1f64ddb0000155-20250421000857150184,false,true,400,750,2025-04-21T00:08:57.150184Z,33.5,,6,0,1,da8b1f31-b35d-4329-875c-d1e8c3f39f55,0.400,8c1f64ddb0000155,40
attachments/,"""0c004b11-0000-0d00-0000-68058dc50000""",LHocAPPPqmV7HCoAAAAAAA==,dbs/LHocAA==/colls/LHocAPPPqmU=/docs/LHocAPPPqmV7HCoAAAAAAA==/,1745194437,24.8,,,false,,36,false,8c1f64ddb0000155-20250421001127150184,false,true,400,750,2025-04-21T00:11:27.150184Z,33.5,,6,0,1,da8b1f31-b35d-4329-875c-d1e8c3f39f55,0.420,8c1f64ddb0000155,40
attachments/,"""0c004812-0000-0d00-0000-6805901c0000""",LHocAPPPqmUIHSoAAAAAAA==,dbs/LHocAA==/colls/LHocAPPPqmU=/docs/LHocAPPPqmUIHSoAAAAAAA==/,1745195036,25,,,false,42.5,36,false,8c1f64ddb0000155-20250421002356051902,false,true,400,750,2025-04-21T00:23:56.051902Z,33.6,,6,0,1,da8b1f31-b35d-4329-875c-d1e8c3f39f55,0.390,8c1f64ddb0000155,40
attachments/,"""0c004912-0000-0d00-0000-6805901c0000""",LHocAPPPqmUJHSoAAAAAAA==,dbs/LHocAA==/colls/LHocAPPPqmU=/docs/LHocAPPPqmUJHSoAAAAAAA==/,1745195036,24.9,,,false,,35,false,8c1f64ddb0000155-20250421001626051902,false,true,400,750,2025-04-21T00:16:26.051902Z,33.6,,6,0,1,da8b1f31-b35d-4329-875c-d1e8c3f39f55,0.380,8c1f64ddb0000155,40
attachments/,"""0c004a12-0000-0d00-0000-6805901c0000""",LHocAPPPqmUKHSoAAAAAAA==,dbs/LHocAA==/colls/LHocAPPPqmU=/docs/LHocAPPPqmUKHSoAAAAAAA==/,1745195036,25,,,false,,36,false,8c1f64ddb0000155-20250421001856051902,false,true,400,750,2025-04-21T00:18:56.051902Z,33.5,,6,0,1,da8b1f31-b35d-4329-875c-d1e8c3f39f55,0.430,8c1f64ddb0000155,40
attachments/,"""0c004b12-0000-0d00-0000-6805901c0000""",LHocAPPPqmULHSoAAAAAAA==,dbs/LHocAA==/colls/LHocAPPPqmU=/docs/LHocAPPPqmULHSoAAAAAAA==/,1745195036,25,,,false,,35,false,8c1f64ddb0000155-20250421002126051902,false,true,400,750,2025-04-21T00:21:26.051902Z,33.6,,6,0,1,da8b1f31-b35d-4329-875c-d1e8c3f39f55,0.450,8c1f64ddb0000155,40
attachments/,"""0c005513-0000-0d00-0000-680592740000""",LHocAPPPqmWYHSoAAAAAAA==,dbs/LHocAA==/colls/LHocAPPPqmU=/docs/LHocAPPPqmWYHSoAAAAAAA==/,1745195636,25.1,2.95,0,false,,35,false,8c1f64ddb0000155-20250421002626270759,false,true,400,750,2025-04-21T00:26:26.270759Z,33.6,0,6,0,1,da8b1f31-b35d-4329-875c-d1e8c3f39f55,0.430,8c1f64ddb0000155,40
attachments/,"""0c005613-0000-0d00-0000-680592740000""",LHocAPPPqmWZHSoAAAAAAA==,dbs/LHocAA==/colls/LHocAPPPqmU=/docs/LHocAPPPqmWZHSoAAAAAAA==/,1745195636,25.1,2.95,0,false,,36,false,8c1f64ddb0000155-20250421002856270759,false,true,400,750,2025-04-21T00:28:56.270759Z,33.5,0,6,0,1,da8b1f31-b35d-4329-875c-d1e8c3f39f55,0.480,8c1f64ddb0000155,40
attachments/,"""0c005713-0000-0d00-0000-680592740000""",LHocAPPPqmWaHSoAAAAAAA==,dbs/LHocAA==/colls/LHocAPPPqmU=/docs/LHocAPPPqmWaHSoAAAAAAA==/,1745195636,25.2,2.95,0,false,,35,false,8c1f64ddb0000155-20250421003126270759,false,true,400,750,2025-04-21T00:31:26.270759Z,33.5,0,6,0,1,da8b1f31-b35d-4329-875c-d1e8c3f39f55,0.380,8c1f64ddb0000155,40
attachments/,"""0c005813-0000-0d00-0000-680592740000""",LHocAPPPqmWbHSoAAAAAAA==,dbs/LHocAA==/colls/LHocAPPPqmU=/docs/LHocAPPPqmWbHSoAAAAAAA==/,1745195636,25.2,2.95,0,false,43.6,35,false,8c1f64ddb0000155-20250421003356270759,false,true,400,750,2025-04-21T00:33:56.270759Z,33.5,0,6,0,1,da8b1f31-b35d-4329-875c-d1e8c3f39f55,0.440,8c1f64ddb0000155,40
attachments/,"""0c005c14-0000-0d00-0000-680594cd0000""",LHocAPPPqmUoHioAAAAAAA==,dbs/LHocAA==/colls/LHocAPPPqmU=/docs/LHocAPPPqmUoHioAAAAAAA==/,1745196237,25.2,,,false,,35,false,8c1f64ddb0000155-20250421003627435371,false,true,400,750,2025-04-21T00:36:27.435371Z,33.5,,6,0,1,da8b1f31-b35d-4329-875c-d1e8c3f39f55,0.450,8c1f64ddb0000155,40
attachments/,"""0c005d14-0000-0d00-0000-680594cd0000""",LHocAPPPqmUpHioAAAAAAA==,dbs/LHocAA==/colls/LHocAPPPqmU=/docs/LHocAPPPqmUpHioAAAAAAA==/,1745196237,25.3,,,false,,35,false,8c1f64ddb0000155-20250421003857435371,false,true,400,750,2025-04-21T00:38:57.435371Z,33.6,,6,0,1,da8b1f31-b35d-4329-875c-d1e8c3f39f55,0.380,8c1f64ddb0000155,40
attachments/,"""0c005e14-0000-0d00-0000-680594cd0000""",LHocAPPPqmUqHioAAAAAAA==,dbs/LHocAA==/colls/LHocAPPPqmU=/docs/LHocAPPPqmUqHioAAAAAAA==/,1745196237,25.3,,,false,,35,false,8c1f64ddb0000155-20250421004127435371,false,true,400,750,2025-04-21T00:41:27.435371Z,33.6,,6,0,1,da8b1f31-b35d-4329-875c-d1e8c3f39f55,0.430,8c1f64ddb0000155,40
attachments/,"""0c005f14-0000-0d00-0000-680594cd0000""",LHocAPPPqmUrHioAAAAAAA==,dbs/LHocAA==/colls/LHocAPPPqmU=/docs/LHocAPPPqmUrHioAAAAAAA==/,1745196237,25.3,,,false,43.7,35,false,8c1f64ddb0000155-20250421004357435371,false,true,400,750,2025-04-21T00:43:57.435371Z,33.6,,6,0,1,da8b1f31-b35d-4329-875c-d1e8c3f39f55,0.480,8c1f64ddb0000155,40
attachments/,"""0c009215-0000-0d00-0000-680597230000""",LHocAPPPqmW4HioAAAAAAA==,dbs/LHocAA==/colls/LHocAPPPqmU=/docs/LHocAPPPqmW4HioAAAAAAA==/,1745196835,25.4,,,false,,35,false,8c1f64ddb0000155-20250421004625429057,false,true,400,750,2025-04-21T00:46:25.429057Z,33.6,,6,0,1,da8b1f31-b35d-4329-875c-d1e8c3f39f55,0.380,8c1f64ddb0000155,40
attachments/,"""0c009315-0000-0d00-0000-680597230000""",LHocAPPPqmW5HioAAAAAAA==,dbs/LHocAA==/colls/LHocAPPPqmU=/docs/LHocAPPPqmW5HioAAAAAAA==/,1745196835,25.4,,,false,,35,false,8c1f64ddb0000155-20250421005125429057,false,true,400,750,2025-04-21T00:51:25.429057Z,33.6,,6,0,1,da8b1f31-b35d-4329-875c-d1e8c3f39f55,0.480,8c1f64ddb0000155,40
attachments/,"""0c009415-0000-0d00-0000-680597230000""",LHocAPPPqmW6HioAAAAAAA==,dbs/LHocAA==/colls/LHocAPPPqmU=/docs/LHocAPPPqmW6HioAAAAAAA==/,1745196835,25.4,,,false,,35,false,8c1f64ddb0000155-20250421004855429057,false,true,400,750,2025-04-21T00:48:55.429057Z,33.5,,6,0,1,da8b1f31-b35d-4329-875c-d1e8c3f39f55,0.440,8c1f64ddb0000155,40
attachments/,"""0c009515-0000-0d00-0000-680597230000""",LHocAPPPqmW7HioAAAAAAA==,dbs/LHocAA==/colls/LHocAPPPqmU=/docs/LHocAPPPqmW7HioAAAAAAA==/,1745196835,25.5,,,false,42.8,35,false,8c1f64ddb0000155-20250421005355429057,false,true,400,750,2025-04-21T00:53:55.429057Z,33.6,,6,0,1,da8b1f31-b35d-4329-875c-d1e8c3f39f55,0.380,8c1f64ddb0000155,40
attachments/,"""0c001418-0000-0d00-0000-6805997c0000""",LHocAPPPqmVKHyoAAAAAAA==,dbs/LHocAA==/colls/LHocAPPPqmU=/docs/LHocAPPPqmVKHyoAAAAAAA==/,1745197436,25.5,2.96,0,false,,35,false,8c1f64ddb0000155-20250421005626375869,false,true,400,750,2025-04-21T00:56:26.375869Z,33.7,0,6,0,1,da8b1f31-b35d-4329-875c-d1e8c3f39f55,0.420,8c1f64ddb0000155,40
attachments/,"""0c001518-0000-0d00-0000-6805997c0000""",LHocAPPPqmVLHyoAAAAAAA==,dbs/LHocAA==/colls/LHocAPPPqmU=/docs/LHocAPPPqmVLHyoAAAAAAA==/,1745197436,25.5,2.96,0,false,,35,false,8c1f64ddb0000155-20250421005856375869,false,true,400,750,2025-04-21T00:58:56.375869Z,33.6,0,6,0,1,da8b1f31-b35d-4329-875c-d1e8c3f39f55,0.480,8c1f64ddb0000155,40
attachments/,"""0c001618-0000-0d00-0000-6805997c0000""",LHocAPPPqmVMHyoAAAAAAA==,dbs/LHocAA==/colls/LHocAPPPqmU=/docs/LHocAPPPqmVMHyoAAAAAAA==/,1745197436,25.6,2.96,0,false,43.2,35,false,8c1f64ddb0000155-20250421010356375869,false,true,400,750,2025-04-21T01:03:56.375869Z,33.6,0,6,0,1,da8b1f31-b35d-4329-875c-d1e8c3f39f55,0.420,8c1f64ddb0000155,40
attachments/,"""0c001818-0000-0d00-0000-6805997c0000""",LHocAPPPqmVNHyoAAAAAAA==,dbs/LHocAA==/colls/LHocAPPPqmU=/docs/LHocAPPPqmVNHyoAAAAAAA==/,1745197436,25.6,2.96,0,false,,35,false,8c1f64ddb0000155-20250421010126375869,false,true,400,750,2025-04-21T01:01:26.375869Z,33.5,0,6,0,1,da8b1f31-b35d-4329-875c-d1e8c3f39f55,0.380,8c1f64ddb0000155,40
attachments/,"""0c009619-0000-0d00-0000-68059bd50000""",LHocAPPPqmXWHyoAAAAAAA==,dbs/LHocAA==/colls/LHocAPPPqmU=/docs/LHocAPPPqmXWHyoAAAAAAA==/,1745198037,25.6,,,false,,35,false,8c1f64ddb0000155-20250421010626925495,false,true,400,750,2025-04-21T01:06:26.925495Z,33.5,,6,0,1,da8b1f31-b35d-4329-875c-d1e8c3f39f55,0.480,8c1f64ddb0000155,40
attachments/,"""0c009719-0000-0d00-0000-68059bd50000""",LHocAPPPqmXXHyoAAAAAAA==,dbs/LHocAA==/colls/LHocAPPPqmU=/docs/LHocAPPPqmXXHyoAAAAAAA==/,1745198037,25.7,,,false,,35,false,8c1f64ddb0000155-20250421010856925495,false,true,400,750,2025-04-21T01:08:56.925495Z,33.5,,6,0,1,da8b1f31-b35d-4329-875c-d1e8c3f39f55,0.380,8c1f64ddb0000155,40
attachments/,"""0c009819-0000-0d00-0000-68059bd50000""",LHocAPPPqmXYHyoAAAAAAA==,dbs/LHocAA==/colls/LHocAPPPqmU=/docs/LHocAPPPqmXYHyoAAAAAAA==/,1745198037,25.7,,,false,,35,false,8c1f64ddb0000155-20250421011126925495,false,true,400,750,2025-04-21T01:11:26.925495Z,33.6,,6,0,1,da8b1f31-b35d-4329-875c-d1e8c3f39f55,0.440,8c1f64ddb0000155,40
attachments/,"""0c009919-0000-0d00-0000-68059bd50000""",LHocAPPPqmXZHyoAAAAAAA==,dbs/LHocAA==/colls/LHocAPPPqmU=/docs/LHocAPPPqmXZHyoAAAAAAA==/,1745198037,25.7,,,false,43.6,35,false,8c1f64ddb0000155-20250421011356925495,false,true,400,750,2025-04-21T01:13:56.925495Z,33.6,,6,0,1,da8b1f31-b35d-4329-875c-d1e8c3f39f55,0.470,8c1f64ddb0000155,40
attachments/,"""0c00ea1a-0000-0d00-0000-68059e2d0000""",LHocAPPPqmVmICoAAAAAAA==,dbs/LHocAA==/colls/LHocAPPPqmU=/docs/LHocAPPPqmVmICoAAAAAAA==/,1745198637,25.8,,,false,,35,false,8c1f64ddb0000155-20250421011857094264,false,true,400,750,2025-04-21T01:18:57.094264Z,33.6,,6,0,1,da8b1f31-b35d-4329-875c-d1e8c3f39f55,0.420,8c1f64ddb0000155,40
attachments/,"""0c00eb1a-0000-0d00-0000-68059e2d0000""",LHocAPPPqmVnICoAAAAAAA==,dbs/LHocAA==/colls/LHocAPPPqmU=/docs/LHocAPPPqmVnICoAAAAAAA==/,1745198637,25.8,,,false,,35,false,8c1f64ddb0000155-20250421011627094264,false,true,400,750,2025-04-21T01:16:27.094264Z,33.6,,6,0,1,da8b1f31-b35d-4329-875c-d1e8c3f39f55,0.380,8c1f64ddb0000155,40
attachments/,"""0c00ec1a-0000-0d00-0000-68059e2d0000""",LHocAPPPqmVoICoAAAAAAA==,dbs/LHocAA==/colls/LHocAPPPqmU=/docs/LHocAPPPqmVoICoAAAAAAA==/,1745198637,25.8,,,false,42.7,35,false,8c1f64ddb0000155-20250421012357094264,false,true,400,750,2025-04-21T01:23:57.094264Z,33.6,,6,0,1,da8b1f31-b35d-4329-875c-d1e8c3f39f55,0.380,8c1f64ddb0000155,40
attachments/,"""0c00ed1a-0000-0d00-0000-68059e2d0000""",LHocAPPPqmVpICoAAAAAAA==,dbs/LHocAA==/colls/LHocAPPPqmU=/docs/LHocAPPPqmVpICoAAAAAAA==/,1745198637,25.8,,,false,,35,false,8c1f64ddb0000155-20250421012127094264,false,true,400,750,2025-04-21T01:21:27.094264Z,33.6,,6,0,1,da8b1f31-b35d-4329-875c-d1e8c3f39f55,0.470,8c1f64ddb0000155,40
attachments/,"""0c00431c-0000-0d00-0000-6805a0830000""",LHocAPPPqmX2ICoAAAAAAA==,dbs/LHocAA==/colls/LHocAPPPqmU=/docs/LHocAPPPqmX2ICoAAAAAAA==/,1745199235,25.9,2.96,0,false,,35,false,8c1f64ddb0000155-20250421012855542079,false,true,400,750,2025-04-21T01:28:55.542079Z,33.6,0,6,0,1,da8b1f31-b35d-4329-875c-d1e8c3f39f55,0.470,8c1f64ddb0000155,40
attachments/,"""0c00441c-0000-0d00-0000-6805a0840000""",LHocAPPPqmX3ICoAAAAAAA==,dbs/LHocAA==/colls/LHocAPPPqmU=/docs/LHocAPPPqmX3ICoAAAAAAA==/,1745199236,25.9,2.96,0,false,,35,false,8c1f64ddb0000155-20250421013125542079,false,true,400,750,2025-04-21T01:31:25.542079Z,33.7,0,6,0,1,da8b1f31-b35d-4329-875c-d1e8c3f39f55,0.380,8c1f64ddb0000155,40
attachments/,"""0c00451c-0000-0d00-0000-6805a0840000""",LHocAPPPqmX4ICoAAAAAAA==,dbs/LHocAA==/colls/LHocAPPPqmU=/docs/LHocAPPPqmX4ICoAAAAAAA==/,1745199236,25.9,2.96,0,false,,35,false,8c1f64ddb0000155-20250421012625542079,false,true,400,750,2025-04-21T01:26:25.542079Z,33.6,0,6,0,1,da8b1f31-b35d-4329-875c-d1e8c3f39f55,0.440,8c1f64ddb0000155,40
attachments/,"""0c00461c-0000-0d00-0000-6805a0840000""",LHocAPPPqmX5ICoAAAAAAA==,dbs/LHocAA==/colls/LHocAPPPqmU=/docs/LHocAPPPqmX5ICoAAAAAAA==/,1745199236,25.9,2.96,0,false,43.8,35,false,8c1f64ddb0000155-20250421013355542079,false,true,400,750,2025-04-21T01:33:55.542079Z,33.7,0,6,0,1,da8b1f31-b35d-4329-875c-d1e8c3f39f55,0.450,8c1f64ddb0000155,40
attachments/,"""0c009a1d-0000-0d00-0000-6805a2dc0000""",LHocAPPPqmWCISoAAAAAAA==,dbs/LHocAA==/colls/LHocAPPPqmU=/docs/LHocAPPPqmWCISoAAAAAAA==/,1745199836,26,,,false,,35,false,8c1f64ddb0000155-20250421013625884691,false,true,400,750,2025-04-21T01:36:25.884691Z,33.6,,6,0,1,da8b1f31-b35d-4329-875c-d1e8c3f39f55,0.440,8c1f64ddb0000155,40
attachments/,"""0c009b1d-0000-0d00-0000-6805a2dc0000""",LHocAPPPqmWDISoAAAAAAA==,dbs/LHocAA==/colls/LHocAPPPqmU=/docs/LHocAPPPqmWDISoAAAAAAA==/,1745199836,26,,,false,43.4,35,false,8c1f64ddb0000155-20250421014355884691,false,true,400,750,2025-04-21T01:43:55.884691Z,33.6,,6,0,1,da8b1f31-b35d-4329-875c-d1e8c3f39f55,0.470,8c1f64ddb0000155,40
attachments/,"""0c009c1d-0000-0d00-0000-6805a2dc0000""",LHocAPPPqmWEISoAAAAAAA==,dbs/LHocAA==/colls/LHocAPPPqmU=/docs/LHocAPPPqmWEISoAAAAAAA==/,1745199836,26,,,false,,35,false,8c1f64ddb0000155-20250421013855884691,false,true,400,750,2025-04-21T01:38:55.884691Z,33.6,,6,0,1,da8b1f31-b35d-4329-875c-d1e8c3f39f55,0.370,8c1f64ddb0000155,40
attachments/,"""0c009e1d-0000-0d00-0000-6805a2dc0000""",LHocAPPPqmWGISoAAAAAAA==,dbs/LHocAA==/colls/LHocAPPPqmU=/docs/LHocAPPPqmWGISoAAAAAAA==/,1745199836,26,,,false,,35,false,8c1f64ddb0000155-20250421014125884691,false,true,400,750,2025-04-21T01:41:25.884691Z,33.5,,6,0,1,da8b1f31-b35d-4329-875c-d1e8c3f39f55,0.450,8c1f64ddb0000155,40
attachments/,"""0c00f81e-0000-0d00-0000-6805a5350000""",LHocAPPPqmUOIioAAAAAAA==,dbs/LHocAA==/colls/LHocAPPPqmU=/docs/LHocAPPPqmUOIioAAAAAAA==/,1745200437,26.1,,,false,,35,false,8c1f64ddb0000155-20250421015127315483,false,true,400,750,2025-04-21T01:51:27.315483Z,33.7,,6,0,1,da8b1f31-b35d-4329-875c-d1e8c3f39f55,0.440,8c1f64ddb0000155,40
attachments/,"""0c00f91e-0000-0d00-0000-6805a5350000""",LHocAPPPqmUPIioAAAAAAA==,dbs/LHocAA==/colls/LHocAPPPqmU=/docs/LHocAPPPqmUPIioAAAAAAA==/,1745200437,26,,,false,,35,false,8c1f64ddb0000155-20250421014627315483,false,true,400,750,2025-04-21T01:46:27.315483Z,33.7,,6,0,1,da8b1f31-b35d-4329-875c-d1e8c3f39f55,0.390,8c1f64ddb0000155,40
attachments/,"""0c00fa1e-0000-0d00-0000-6805a5350000""",LHocAPPPqmUQIioAAAAAAA==,dbs/LHocAA==/colls/LHocAPPPqmU=/docs/LHocAPPPqmUQIioAAAAAAA==/,1745200437,26.1,,,false,42.7,35,false,8c1f64ddb0000155-20250421015357315483,false,true,400,750,2025-04-21T01:53:57.315483Z,33.5,,6,0,1,da8b1f31-b35d-4329-875c-d1e8c3f39f55,0.380,8c1f64ddb0000155,40
attachments/,"""0c00fb1e-0000-0d00-0000-6805a5350000""",LHocAPPPqmURIioAAAAAAA==,dbs/LHocAA==/colls/LHocAPPPqmU=/docs/LHocAPPPqmURIioAAAAAAA==/,1745200437,26.1,,,false,,35,false,8c1f64ddb0000155-20250421014857315483,false,true,400,750,2025-04-21T01:48:57.315483Z,33.7,,6,0,1,da8b1f31-b35d-4329-875c-d1e8c3f39f55,0.460,8c1f64ddb0000155,40
attachments/,"""0c007420-0000-0d00-0000-6805a78d0000""",LHocAPPPqmWeIioAAAAAAA==,dbs/LHocAA==/colls/LHocAPPPqmU=/docs/LHocAPPPqmWeIioAAAAAAA==/,1745201037,26.1,2.96,0,false,,35,false,8c1f64ddb0000155-20250421015627006401,false,true,400,750,2025-04-21T01:56:27.006401Z,33.6,0,6,0,1,da8b1f31-b35d-4329-875c-d1e8c3f39f55,0.460,8c1f64ddb0000155,40
attachments/,"""0c007520-0000-0d00-0000-6805a78d0000""",LHocAPPPqmWfIioAAAAAAA==,dbs/LHocAA==/colls/LHocAPPPqmU=/docs/LHocAPPPqmWfIioAAAAAAA==/,1745201037,26.2,2.96,0,false,,35,false,8c1f64ddb0000155-20250421015857006401,false,true,400,750,2025-04-21T01:58:57.006401Z,33.7,0,6,0,1,da8b1f31-b35d-4329-875c-d1e8c3f39f55,0.460,8c1f64ddb0000155,40
attachments/,"""0c007620-0000-0d00-0000-6805a78d0000""",LHocAPPPqmWgIioAAAAAAA==,dbs/LHocAA==/colls/LHocAPPPqmU=/docs/LHocAPPPqmWgIioAAAAAAA==/,1745201037,26.2,2.96,0,false,43.9,35,false,8c1f64ddb0000155-20250421020357006401,false,true,400,750,2025-04-21T02:03:57.006401Z,33.7,0,6,0,1,da8b1f31-b35d-4329-875c-d1e8c3f39f55,0.460,8c1f64ddb0000155,40
attachments/,"""0c007720-0000-0d00-0000-6805a78d0000""",LHocAPPPqmWhIioAAAAAAA==,dbs/LHocAA==/colls/LHocAPPPqmU=/docs/LHocAPPPqmWhIioAAAAAAA==/,1745201037,26.2,2.96,0,false,,35,false,8c1f64ddb0000155-20250421020127006401,false,true,400,750,2025-04-21T02:01:27.006401Z,33.7,0,6,0,1,da8b1f31-b35d-4329-875c-d1e8c3f39f55,0.390,8c1f64ddb0000155,40
attachments/,"""0c005022-0000-0d00-0000-6805a9e50000""",LHocAPPPqmUuIyoAAAAAAA==,dbs/LHocAA==/colls/LHocAPPPqmU=/docs/LHocAPPPqmUuIyoAAAAAAA==/,1745201637,26.2,,,false,,35,false,8c1f64ddb0000155-20250421020856945174,false,true,400,750,2025-04-21T02:08:56.945174Z,33.7,,6,0,1,da8b1f31-b35d-4329-875c-d1e8c3f39f55,0.380,8c1f64ddb0000155,40
attachments/,"""0c005122-0000-0d00-0000-6805a9e50000""",LHocAPPPqmUvIyoAAAAAAA==,dbs/LHocAA==/colls/LHocAPPPqmU=/docs/LHocAPPPqmUvIyoAAAAAAA==/,1745201637,26.3,,,false,,35,false,8c1f64ddb0000155-20250421021126945174,false,true,400,750,2025-04-21T02:11:26.945174Z,33.7,,6,0,1,da8b1f31-b35d-4329-875c-d1e8c3f39f55,0.460,8c1f64ddb0000155,40
attachments/,"""0c005222-0000-0d00-0000-6805a9e50000""",LHocAPPPqmUwIyoAAAAAAA==,dbs/LHocAA==/colls/LHocAPPPqmU=/docs/LHocAPPPqmUwIyoAAAAAAA==/,1745201637,26.2,,,false,,35,false,8c1f64ddb0000155-20250421020626945174,false,true,400,750,2025-04-21T02:06:26.945174Z,33.7,,6,0,1,da8b1f31-b35d-4329-875c-d1e8c3f39f55,0.430,8c1f64ddb0000155,40
attachments/,"""0c005322-0000-0d00-0000-6805a9e50000""",LHocAPPPqmUxIyoAAAAAAA==,dbs/LHocAA==/colls/LHocAPPPqmU=/docs/LHocAPPPqmUxIyoAAAAAAA==/,1745201637,26.3,,,false,43.3,35,false,8c1f64ddb0000155-20250421021356945174,false,true,400,750,2025-04-21T02:13:56.945174Z,33.7,,6,0,1,da8b1f31-b35d-4329-875c-d1e8c3f39f55,0.450,8c1f64ddb0000155,40
attachments/,"""0c00a323-0000-0d00-0000-6805ac3d0000""",LHocAPPPqmW+IyoAAAAAAA==,dbs/LHocAA==/colls/LHocAPPPqmU=/docs/LHocAPPPqmW+IyoAAAAAAA==/,1745202237,26.3,,,false,,35,false,8c1f64ddb0000155-20250421021627573865,false,true,400,750,2025-04-21T02:16:27.573865Z,33.7,,6,0,1,da8b1f31-b35d-4329-875c-d1e8c3f39f55,0.390,8c1f64ddb0000155,40
attachments/,"""0c00a423-0000-0d00-0000-6805ac3d0000""",LHocAPPPqmW-IyoAAAAAAA==,dbs/LHocAA==/colls/LHocAPPPqmU=/docs/LHocAPPPqmW-IyoAAAAAAA==/,1745202237,26.3,,,false,,35,false,8c1f64ddb0000155-20250421022127573865,false,true,400,750,2025-04-21T02:21:27.573865Z,33.7,,6,0,1,da8b1f31-b35d-4329-875c-d1e8c3f39f55,0.430,8c1f64ddb0000155,40
attachments/,"""0c00a523-0000-0d00-0000-6805ac3e0000""",LHocAPPPqmXAIyoAAAAAAA==,dbs/LHocAA==/colls/LHocAPPPqmU=/docs/LHocAPPPqmXAIyoAAAAAAA==/,1745202238,26.3,,,false,,35,false,8c1f64ddb0000155-20250421021857573865,false,true,400,750,2025-04-21T02:18:57.573865Z,33.7,,6,0,1,da8b1f31-b35d-4329-875c-d1e8c3f39f55,0.470,8c1f64ddb0000155,40
attachments/,"""0c00a623-0000-0d00-0000-6805ac3e0000""",LHocAPPPqmXBIyoAAAAAAA==,dbs/LHocAA==/colls/LHocAPPPqmU=/docs/LHocAPPPqmXBIyoAAAAAAA==/,1745202238,26.4,,,false,43.3,35,false,8c1f64ddb0000155-20250421022357573865,false,true,400,750,2025-04-21T02:23:57.573865Z,33.7,,6,0,1,da8b1f31-b35d-4329-875c-d1e8c3f39f55,0.400,8c1f64ddb0000155,40
attachments/,"""0c00f024-0000-0d00-0000-6805ae960000""",LHocAPPPqmVPJCoAAAAAAA==,dbs/LHocAA==/colls/LHocAPPPqmU=/docs/LHocAPPPqmVPJCoAAAAAAA==/,1745202838,26.4,2.97,0,false,44,35,false,8c1f64ddb0000155-20250421023358089821,false,true,400,750,2025-04-21T02:33:58.089821Z,33.7,0,6,0,1,da8b1f31-b35d-4329-875c-d1e8c3f39f55,0.470,8c1f64ddb0000155,40
attachments/,"""0c00f124-0000-0d00-0000-6805ae960000""",LHocAPPPqmVQJCoAAAAAAA==,dbs/LHocAA==/colls/LHocAPPPqmU=/docs/LHocAPPPqmVQJCoAAAAAAA==/,1745202838,26.4,2.97,0,false,,35,false,8c1f64ddb0000155-20250421022628089821,false,true,400,750,2025-04-21T02:26:28.089821Z,33.7,0,6,0,1,da8b1f31-b35d-4329-875c-d1e8c3f39f55,0.440,8c1f64ddb0000155,40
attachments/,"""0c00f224-0000-0d00-0000-6805ae960000""",LHocAPPPqmVRJCoAAAAAAA==,dbs/LHocAA==/colls/LHocAPPPqmU=/docs/LHocAPPPqmVRJCoAAAAAAA==/,1745202838,26.4,2.97,0,false,,35,false,8c1f64ddb0000155-20250421022858089821,false,true,400,750,2025-04-21T02:28:58.089821Z,33.7,0,6,0,1,da8b1f31-b35d-4329-875c-d1e8c3f39f55,0.440,8c1f64ddb0000155,40
attachments/,"""0c00f324-0000-0d00-0000-6805ae960000""",LHocAPPPqmVSJCoAAAAAAA==,dbs/LHocAA==/colls/LHocAPPPqmU=/docs/LHocAPPPqmVSJCoAAAAAAA==/,1745202838,26.4,2.97,0,false,,35,false,8c1f64ddb0000155-20250421023128089821,false,true,400,750,2025-04-21T02:31:28.089821Z,33.7,0,6,0,1,da8b1f31-b35d-4329-875c-d1e8c3f39f55,0.400,8c1f64ddb0000155,40
attachments/,"""0c004826-0000-0d00-0000-6805b0eb0000""",LHocAPPPqmXaJCoAAAAAAA==,dbs/LHocAA==/colls/LHocAPPPqmU=/docs/LHocAPPPqmXaJCoAAAAAAA==/,1745203435,26.4,,,false,,35,false,8c1f64ddb0000155-20250421023625486473,false,true,400,750,2025-04-21T02:36:25.486473Z,33.7,,6,0,1,da8b1f31-b35d-4329-875c-d1e8c3f39f55,0.420,8c1f64ddb0000155,40
attachments/,"""0c004a26-0000-0d00-0000-6805b0ec0000""",LHocAPPPqmXcJCoAAAAAAA==,dbs/LHocAA==/colls/LHocAPPPqmU=/docs/LHocAPPPqmXcJCoAAAAAAA==/,1745203436,26.5,,,false,,35,false,8c1f64ddb0000155-20250421023855486473,false,true,400,750,2025-04-21T02:38:55.486473Z,33.6,,6,0,1,da8b1f31-b35d-4329-875c-d1e8c3f39f55,0.410,8c1f64ddb0000155,40
attachments/,"""0c004b26-0000-0d00-0000-6805b0ec0000""",LHocAPPPqmXdJCoAAAAAAA==,dbs/LHocAA==/colls/LHocAPPPqmU=/docs/LHocAPPPqmXdJCoAAAAAAA==/,1745203436,26.5,,,false,,35,false,8c1f64ddb0000155-20250421024125486473,false,true,400,750,2025-04-21T02:41:25.486473Z,33.8,,6,0,1,da8b1f31-b35d-4329-875c-d1e8c3f39f55,0.480,8c1f64ddb0000155,40
attachments/,"""0c004c26-0000-0d00-0000-6805b0ec0000""",LHocAPPPqmXeJCoAAAAAAA==,dbs/LHocAA==/colls/LHocAPPPqmU=/docs/LHocAPPPqmXeJCoAAAAAAA==/,1745203436,26.5,,,false,42.9,35,false,8c1f64ddb0000155-20250421024355486473,false,true,400,750,2025-04-21T02:43:55.486473Z,33.6,,6,0,1,da8b1f31-b35d-4329-875c-d1e8c3f39f55,0.410,8c1f64ddb0000155,40
attachments/,"""0c008627-0000-0d00-0000-6805b3450000""",LHocAPPPqmVnJSoAAAAAAA==,dbs/LHocAA==/colls/LHocAPPPqmU=/docs/LHocAPPPqmVnJSoAAAAAAA==/,1745204037,26.5,,,false,,35,false,8c1f64ddb0000155-20250421024856775365,false,true,400,750,2025-04-21T02:48:56.775365Z,33.8,,6,0,1,da8b1f31-b35d-4329-875c-d1e8c3f39f55,0.480,8c1f64ddb0000155,40
attachments/,"""0c008727-0000-0d00-0000-6805b3450000""",LHocAPPPqmVoJSoAAAAAAA==,dbs/LHocAA==/colls/LHocAPPPqmU=/docs/LHocAPPPqmVoJSoAAAAAAA==/,1745204037,26.5,,,false,,35,false,8c1f64ddb0000155-20250421024626775365,false,true,400,750,2025-04-21T02:46:26.775365Z,33.8,,6,0,1,da8b1f31-b35d-4329-875c-d1e8c3f39f55,0.420,8c1f64ddb0000155,40
attachments/,"""0c008827-0000-0d00-0000-6805b3450000""",LHocAPPPqmVpJSoAAAAAAA==,dbs/LHocAA==/colls/LHocAPPPqmU=/docs/LHocAPPPqmVpJSoAAAAAAA==/,1745204037,26.5,,,false,,35,false,8c1f64ddb0000155-20250421025126775365,false,true,400,750,2025-04-21T02:51:26.775365Z,33.8,,6,0,1,da8b1f31-b35d-4329-875c-d1e8c3f39f55,0.380,8c1f64ddb0000155,40
attachments/,"""0c008927-0000-0d00-0000-6805b3450000""",LHocAPPPqmVqJSoAAAAAAA==,dbs/LHocAA==/colls/LHocAPPPqmU=/docs/LHocAPPPqmVqJSoAAAAAAA==/,1745204037,26.5,,,false,43.6,35,false,8c1f64ddb0000155-20250421025356775365,false,true,400,750,2025-04-21T02:53:56.775365Z,33.7,,6,0,1,da8b1f31-b35d-4329-875c-d1e8c3f39f55,0.430,8c1f64ddb0000155,40
attachments/,"""0c00c228-0000-0d00-0000-6805b59c0000""",LHocAPPPqmX3JSoAAAAAAA==,dbs/LHocAA==/colls/LHocAPPPqmU=/docs/LHocAPPPqmX3JSoAAAAAAA==/,1745204636,26.6,2.97,1,false,,35,false,8c1f64ddb0000155-20250421025626456394,false,true,360,750,2025-04-21T02:56:26.456394Z,33.6,0,6,0,1,da8b1f31-b35d-4329-875c-d1e8c3f39f55,0.450,8c1f64ddb0000155,36
attachments/,"""0c00c328-0000-0d00-0000-6805b59c0000""",LHocAPPPqmX4JSoAAAAAAA==,dbs/LHocAA==/colls/LHocAPPPqmU=/docs/LHocAPPPqmX4JSoAAAAAAA==/,1745204636,26.6,2.97,1,false,,35,false,8c1f64ddb0000155-20250421025856456394,false,true,360,750,2025-04-21T02:58:56.456394Z,33.7,0,6,0,1,da8b1f31-b35d-4329-875c-d1e8c3f39f55,0.380,8c1f64ddb0000155,36
attachments/,"""0c00c428-0000-0d00-0000-6805b59c0000""",LHocAPPPqmX5JSoAAAAAAA==,dbs/LHocAA==/colls/LHocAPPPqmU=/docs/LHocAPPPqmX5JSoAAAAAAA==/,1745204636,26.6,2.97,1,false,,35,false,8c1f64ddb0000155-20250421030126456394,false,true,360,750,2025-04-21T03:01:26.456394Z,33.8,0,6,0,1,da8b1f31-b35d-4329-875c-d1e8c3f39f55,0.440,8c1f64ddb0000155,36
attachments/,"""0c00c528-0000-0d00-0000-6805b59c0000""",LHocAPPPqmX6JSoAAAAAAA==,dbs/LHocAA==/colls/LHocAPPPqmU=/docs/LHocAPPPqmX6JSoAAAAAAA==/,1745204636,26.6,2.97,1,false,43.5,35,false,8c1f64ddb0000155-20250421030356456394,false,true,360,750,2025-04-21T03:03:56.456394Z,33.6,0,6,0,1,da8b1f31-b35d-4329-875c-d1e8c3f39f55,0.440,8c1f64ddb0000155,36
attachments/,"""0c000b2a-0000-0d00-0000-6805b7f40000""",LHocAPPPqmWHJioAAAAAAA==,dbs/LHocAA==/colls/LHocAPPPqmU=/docs/LHocAPPPqmWHJioAAAAAAA==/,1745205236,26.6,,,false,,35,false,8c1f64ddb0000155-20250421030625968113,false,true,360,750,2025-04-21T03:06:25.968113Z,33.7,,6,0,1,da8b1f31-b35d-4329-875c-d1e8c3f39f55,0.390,8c1f64ddb0000155,36
attachments/,"""0c000c2a-0000-0d00-0000-6805b7f40000""",LHocAPPPqmWIJioAAAAAAA==,dbs/LHocAA==/colls/LHocAPPPqmU=/docs/LHocAPPPqmWIJioAAAAAAA==/,1745205236,26.6,,,false,,35,false,8c1f64ddb0000155-20250421031125968113,false,true,360,750,2025-04-21T03:11:25.968113Z,33.6,,6,0,1,da8b1f31-b35d-4329-875c-d1e8c3f39f55,0.440,8c1f64ddb0000155,36
attachments/,"""0c000d2a-0000-0d00-0000-6805b7f40000""",LHocAPPPqmWJJioAAAAAAA==,dbs/LHocAA==/colls/LHocAPPPqmU=/docs/LHocAPPPqmWJJioAAAAAAA==/,1745205236,26.6,,,false,,35,false,8c1f64ddb0000155-20250421030855968113,false,true,360,750,2025-04-21T03:08:55.968113Z,33.7,,6,0,1,da8b1f31-b35d-4329-875c-d1e8c3f39f55,0.400,8c1f64ddb0000155,36
attachments/,"""0c000e2a-0000-0d00-0000-6805b7f40000""",LHocAPPPqmWKJioAAAAAAA==,dbs/LHocAA==/colls/LHocAPPPqmU=/docs/LHocAPPPqmWKJioAAAAAAA==/,1745205236,26.6,,,false,42.7,35,false,8c1f64ddb0000155-20250421031355968113,false,true,360,750,2025-04-21T03:13:55.968113Z,33.7,,6,0,1,da8b1f31-b35d-4329-875c-d1e8c3f39f55,0.420,8c1f64ddb0000155,36
attachments/,"""0c005f2b-0000-0d00-0000-6805ba4d0000""",LHocAPPPqmUTJyoAAAAAAA==,dbs/LHocAA==/colls/LHocAPPPqmU=/docs/LHocAPPPqmUTJyoAAAAAAA==/,1745205837,26.7,,,false,,35,false,8c1f64ddb0000155-20250421032126835926,false,true,300,750,2025-04-21T03:21:26.835926Z,33.5,,6,0,1,da8b1f31-b35d-4329-875c-d1e8c3f39f55,0.430,8c1f64ddb0000155,30
attachments/,"""0c00602b-0000-0d00-0000-6805ba4d0000""",LHocAPPPqmUUJyoAAAAAAA==,dbs/LHocAA==/colls/LHocAPPPqmU=/docs/LHocAPPPqmUUJyoAAAAAAA==/,1745205837,26.6,,,false,,35,false,8c1f64ddb0000155-20250421031626835926,false,true,300,750,2025-04-21T03:16:26.835926Z,33.7,,6,0,1,da8b1f31-b35d-4329-875c-d1e8c3f39f55,0.390,8c1f64ddb0000155,30
attachments/,"""0c00612b-0000-0d00-0000-6805ba4d0000""",LHocAPPPqmUVJyoAAAAAAA==,dbs/LHocAA==/colls/LHocAPPPqmU=/docs/LHocAPPPqmUVJyoAAAAAAA==/,1745205837,26.7,,,false,42.9,35,false,8c1f64ddb0000155-20250421032356835926,false,true,300,750,2025-04-21T03:23:56.835926Z,33.6,,6,0,1,da8b1f31-b35d-4329-875c-d1e8c3f39f55,0.400,8c1f64ddb0000155,30
attachments/,"""0c00622b-0000-0d00-0000-6805ba4d0000""",LHocAPPPqmUWJyoAAAAAAA==,dbs/LHocAA==/colls/LHocAPPPqmU=/docs/LHocAPPPqmUWJyoAAAAAAA==/,1745205837,26.7,,,false,,35,false,8c1f64ddb0000155-20250421031856835926,false,true,300,750,2025-04-21T03:18:56.835926Z,33.6,,6,0,1,da8b1f31-b35d-4329-875c-d1e8c3f39f55,0.460,8c1f64ddb0000155,30
attachments/,"""0c00ba2c-0000-0d00-0000-6805bca50000""",LHocAPPPqmWjJyoAAAAAAA==,dbs/LHocAA==/colls/LHocAPPPqmU=/docs/LHocAPPPqmWjJyoAAAAAAA==/,1745206437,26.7,2.97,1,false,,35,false,8c1f64ddb0000155-20250421032856726809,false,true,300,750,2025-04-21T03:28:56.726809Z,33.5,0,6,0,1,da8b1f31-b35d-4329-875c-d1e8c3f39f55,0.400,8c1f64ddb0000155,30
attachments/,"""0c00bb2c-0000-0d00-0000-6805bca50000""",LHocAPPPqmWkJyoAAAAAAA==,dbs/LHocAA==/colls/LHocAPPPqmU=/docs/LHocAPPPqmWkJyoAAAAAAA==/,1745206437,26.7,2.97,1,false,,35,false,8c1f64ddb0000155-20250421032626726809,false,true,300,750,2025-04-21T03:26:26.726809Z,33.7,0,6,0,1,da8b1f31-b35d-4329-875c-d1e8c3f39f55,0.420,8c1f64ddb0000155,30
attachments/,"""0c00bc2c-0000-0d00-0000-6805bca50000""",LHocAPPPqmWlJyoAAAAAAA==,dbs/LHocAA==/colls/LHocAPPPqmU=/docs/LHocAPPPqmWlJyoAAAAAAA==/,1745206437,26.7,2.97,1,false,,35,false,8c1f64ddb0000155-20250421033126726809,false,true,300,750,2025-04-21T03:31:26.726809Z,33.5,0,6,0,1,da8b1f31-b35d-4329-875c-d1e8c3f39f55,0.410,8c1f64ddb0000155,30
attachments/,"""0c00bd2c-0000-0d00-0000-6805bca50000""",LHocAPPPqmWmJyoAAAAAAA==,dbs/LHocAA==/colls/LHocAPPPqmU=/docs/LHocAPPPqmWmJyoAAAAAAA==/,1745206437,26.7,2.97,1,false,42.9,35,false,8c1f64ddb0000155-20250421033356726809,false,true,300,750,2025-04-21T03:33:56.726809Z,33.6,0,6,0,1,da8b1f31-b35d-4329-875c-d1e8c3f39f55,0.420,8c1f64ddb0000155,30
attachments/,"""0c000c2e-0000-0d00-0000-6805befd0000""",LHocAPPPqmUzKCoAAAAAAA==,dbs/LHocAA==/colls/LHocAPPPqmU=/docs/LHocAPPPqmUzKCoAAAAAAA==/,1745207037,26.7,,,false,,36,false,8c1f64ddb0000155-20250421033626656223,false,true,300,750,2025-04-21T03:36:26.656223Z,33.4,,6,0,1,da8b1f31-b35d-4329-875c-d1e8c3f39f55,0.410,8c1f64ddb0000155,30
attachments/,"""0c000d2e-0000-0d00-0000-6805befd0000""",LHocAPPPqmU0KCoAAAAAAA==,dbs/LHocAA==/colls/LHocAPPPqmU=/docs/LHocAPPPqmU0KCoAAAAAAA==/,1745207037,26.7,,,false,,35,false,8c1f64ddb0000155-20250421033856656223,false,true,300,750,2025-04-21T03:38:56.656223Z,33.5,,6,0,1,da8b1f31-b35d-4329-875c-d1e8c3f39f55,0.380,8c1f64ddb0000155,30
attachments/,"""0c000e2e-0000-0d00-0000-6805befd0000""",LHocAPPPqmU1KCoAAAAAAA==,dbs/LHocAA==/colls/LHocAPPPqmU=/docs/LHocAPPPqmU1KCoAAAAAAA==/,1745207037,26.7,,,false,,35,false,8c1f64ddb0000155-20250421034126656223,false,true,300,750,2025-04-21T03:41:26.656223Z,33.5,,6,0,1,da8b1f31-b35d-4329-875c-d1e8c3f39f55,0.410,8c1f64ddb0000155,30
attachments/,"""0c000f2e-0000-0d00-0000-6805befd0000""",LHocAPPPqmU2KCoAAAAAAA==,dbs/LHocAA==/colls/LHocAPPPqmU=/docs/LHocAPPPqmU2KCoAAAAAAA==/,1745207037,26.8,,,false,42.6,36,false,8c1f64ddb0000155-20250421034356656223,false,true,300,750,2025-04-21T03:43:56.656223Z,33.5,,6,0,1,da8b1f31-b35d-4329-875c-d1e8c3f39f55,0.420,8c1f64ddb0000155,30
attachments/,"""0c00622f-0000-0d00-0000-6805c1560000""",LHocAPPPqmW-KCoAAAAAAA==,dbs/LHocAA==/colls/LHocAPPPqmU=/docs/LHocAPPPqmW-KCoAAAAAAA==/,1745207638,26.8,,,false,,36,false,8c1f64ddb0000155-20250421034627974665,false,true,240,750,2025-04-21T03:46:27.974665Z,33.4,,6,0,1,da8b1f31-b35d-4329-875c-d1e8c3f39f55,0.390,8c1f64ddb0000155,24
attachments/,"""0c00632f-0000-0d00-0000-6805c1560000""",LHocAPPPqmXAKCoAAAAAAA==,dbs/LHocAA==/colls/LHocAPPPqmU=/docs/LHocAPPPqmXAKCoAAAAAAA==/,1745207638,26.8,,,false,,36,false,8c1f64ddb0000155-20250421035127974665,false,true,240,750,2025-04-21T03:51:27.974665Z,33.4,,6,0,1,da8b1f31-b35d-4329-875c-d1e8c3f39f55,0.380,8c1f64ddb0000155,24
attachments/,"""0c00642f-0000-0d00-0000-6805c1560000""",LHocAPPPqmXBKCoAAAAAAA==,dbs/LHocAA==/colls/LHocAPPPqmU=/docs/LHocAPPPqmXBKCoAAAAAAA==/,1745207638,26.8,,,false,,36,false,8c1f64ddb0000155-20250421034857974665,false,true,240,750,2025-04-21T03:48:57.974665Z,33.4,,6,0,1,da8b1f31-b35d-4329-875c-d1e8c3f39f55,0.410,8c1f64ddb0000155,24
attachments/,"""0c00652f-0000-0d00-0000-6805c1560000""",LHocAPPPqmXCKCoAAAAAAA==,dbs/LHocAA==/colls/LHocAPPPqmU=/docs/LHocAPPPqmXCKCoAAAAAAA==/,1745207638,26.8,,,false,42.2,36,false,8c1f64ddb0000155-20250421035357974665,false,true,240,750,2025-04-21T03:53:57.974665Z,33.4,,6,0,1,da8b1f31-b35d-4329-875c-d1e8c3f39f55,0.390,8c1f64ddb0000155,24
attachments/,"""0c00bf30-0000-0d00-0000-6805c3ac0000""",LHocAPPPqmVHKSoAAAAAAA==,dbs/LHocAA==/colls/LHocAPPPqmU=/docs/LHocAPPPqmVHKSoAAAAAAA==/,1745208236,26.8,2.98,1,false,,36,false,8c1f64ddb0000155-20250421035856127339,false,true,240,750,2025-04-21T03:58:56.127339Z,33.3,0,6,0,1,da8b1f31-b35d-4329-875c-d1e8c3f39f55,0.410,8c1f64ddb0000155,24
attachments/,"""0c00c030-0000-0d00-0000-6805c3ac0000""",LHocAPPPqmVIKSoAAAAAAA==,dbs/LHocAA==/colls/LHocAPPPqmU=/docs/LHocAPPPqmVIKSoAAAAAAA==/,1745208236,26.8,2.98,1,false,,36,false,8c1f64ddb0000155-20250421035626127339,false,true,240,750,2025-04-21T03:56:26.127339Z,33.4,0,6,0,1,da8b1f31-b35d-4329-875c-d1e8c3f39f55,0.380,8c1f64ddb0000155,24
attachments/,"""0c00c130-0000-0d00-0000-6805c3ac0000""",LHocAPPPqmVJKSoAAAAAAA==,dbs/LHocAA==/colls/LHocAPPPqmU=/docs/LHocAPPPqmVJKSoAAAAAAA==/,1745208236,26.8,2.98,1,false,42.7,36,false,8c1f64ddb0000155-20250421040356127339,false,true,240,750,2025-04-21T04:03:56.127339Z,33.3,0,6,0,1,da8b1f31-b35d-4329-875c-d1e8c3f39f55,0.430,8c1f64ddb0000155,24
attachments/,"""0c00c230-0000-0d00-0000-6805c3ac0000""",LHocAPPPqmVKKSoAAAAAAA==,dbs/LHocAA==/colls/LHocAPPPqmU=/docs/LHocAPPPqmVKKSoAAAAAAA==/,1745208236,26.8,2.98,1,false,,36,false,8c1f64ddb0000155-20250421040126127339,false,true,240,750,2025-04-21T04:01:26.127339Z,33.2,0,6,0,1,da8b1f31-b35d-4329-875c-d1e8c3f39f55,0.420,8c1f64ddb0000155,24
attachments/,"""0c004432-0000-0d00-0000-6805c6060000""",LHocAPPPqmXXKSoAAAAAAA==,dbs/LHocAA==/colls/LHocAPPPqmU=/docs/LHocAPPPqmXXKSoAAAAAAA==/,1745208838,26.8,,,false,,36,false,8c1f64ddb0000155-20250421040627943891,false,true,180,750,2025-04-21T04:06:27.943891Z,33.2,,6,0,1,da8b1f31-b35d-4329-875c-d1e8c3f39f55,0.430,8c1f64ddb0000155,18
attachments/,"""0c004532-0000-0d00-0000-6805c6060000""",LHocAPPPqmXYKSoAAAAAAA==,dbs/LHocAA==/colls/LHocAPPPqmU=/docs/LHocAPPPqmXYKSoAAAAAAA==/,1745208838,26.8,,,false,,36,false,8c1f64ddb0000155-20250421040857943891,false,true,180,750,2025-04-21T04:08:57.943891Z,33.3,,6,0,1,da8b1f31-b35d-4329-875c-d1e8c3f39f55,0.420,8c1f64ddb0000155,18
attachments/,"""0c004632-0000-0d00-0000-6805c6060000""",LHocAPPPqmXZKSoAAAAAAA==,dbs/LHocAA==/colls/LHocAPPPqmU=/docs/LHocAPPPqmXZKSoAAAAAAA==/,1745208838,26.8,,,false,,36,false,8c1f64ddb0000155-20250421041127943891,false,true,180,750,2025-04-21T04:11:27.943891Z,33.3,,6,0,1,da8b1f31-b35d-4329-875c-d1e8c3f39f55,0.410,8c1f64ddb0000155,18
attachments/,"""0c004732-0000-0d00-0000-6805c6060000""",LHocAPPPqmXaKSoAAAAAAA==,dbs/LHocAA==/colls/LHocAPPPqmU=/docs/LHocAPPPqmXaKSoAAAAAAA==/,1745208838,26.8,,,false,42.3,36,false,8c1f64ddb0000155-20250421041357943891,false,true,180,750,2025-04-21T04:13:57.943891Z,33.3,,6,0,1,da8b1f31-b35d-4329-875c-d1e8c3f39f55,0.390,8c1f64ddb0000155,18
attachments/,"""0c008a33-0000-0d00-0000-6805c85d0000""",LHocAPPPqmVjKioAAAAAAA==,dbs/LHocAA==/colls/LHocAPPPqmU=/docs/LHocAPPPqmVjKioAAAAAAA==/,1745209437,26.8,,,false,,36,false,8c1f64ddb0000155-20250421041627103305,false,true,180,750,2025-04-21T04:16:27.103305Z,33.3,,6,0,1,da8b1f31-b35d-4329-875c-d1e8c3f39f55,0.380,8c1f64ddb0000155,18
attachments/,"""0c008b33-0000-0d00-0000-6805c85d0000""",LHocAPPPqmVkKioAAAAAAA==,dbs/LHocAA==/colls/LHocAPPPqmU=/docs/LHocAPPPqmVkKioAAAAAAA==/,1745209437,26.8,,,false,,36,false,8c1f64ddb0000155-20250421041857103305,false,true,180,750,2025-04-21T04:18:57.103305Z,33.2,,6,0,1,da8b1f31-b35d-4329-875c-d1e8c3f39f55,0.370,8c1f64ddb0000155,18
attachments/,"""0c008c33-0000-0d00-0000-6805c85d0000""",LHocAPPPqmVlKioAAAAAAA==,dbs/LHocAA==/colls/LHocAPPPqmU=/docs/LHocAPPPqmVlKioAAAAAAA==/,1745209437,26.8,,,false,,36,false,8c1f64ddb0000155-20250421042127103305,false,true,180,750,2025-04-21T04:21:27.103305Z,33.2,,6,0,1,da8b1f31-b35d-4329-875c-d1e8c3f39f55,0.360,8c1f64ddb0000155,18
attachments/,"""0c008d33-0000-0d00-0000-6805c85d0000""",LHocAPPPqmVmKioAAAAAAA==,dbs/LHocAA==/colls/LHocAPPPqmU=/docs/LHocAPPPqmVmKioAAAAAAA==/,1745209437,26.9,,,false,41.1,36,false,8c1f64ddb0000155-20250421042357103305,false,true,180,750,2025-04-21T04:23:57.103305Z,33.1,,6,0,1,da8b1f31-b35d-4329-875c-d1e8c3f39f55,0.350,8c1f64ddb0000155,18
attachments/,"""0c00dc34-0000-0d00-0000-6805cab30000""",LHocAPPPqmXzKioAAAAAAA==,dbs/LHocAA==/colls/LHocAPPPqmU=/docs/LHocAPPPqmXzKioAAAAAAA==/,1745210035,26.9,2.98,1,false,,37,false,8c1f64ddb0000155-20250421043125541796,false,true,180,750,2025-04-21T04:31:25.541796Z,32.8,0,6,0,1,da8b1f31-b35d-4329-875c-d1e8c3f39f55,0.340,8c1f64ddb0000155,18
attachments/,"""0c00dd34-0000-0d00-0000-6805cab30000""",LHocAPPPqmX0KioAAAAAAA==,dbs/LHocAA==/colls/LHocAPPPqmU=/docs/LHocAPPPqmX0KioAAAAAAA==/,1745210035,26.9,2.98,1,false,,36,false,8c1f64ddb0000155-20250421042625541796,false,true,180,750,2025-04-21T04:26:25.541796Z,33,0,6,0,1,da8b1f31-b35d-4329-875c-d1e8c3f39f55,0.350,8c1f64ddb0000155,18
attachments/,"""0c00de34-0000-0d00-0000-6805cab40000""",LHocAPPPqmX1KioAAAAAAA==,dbs/LHocAA==/colls/LHocAPPPqmU=/docs/LHocAPPPqmX1KioAAAAAAA==/,1745210036,26.9,2.98,1,false,,36,false,8c1f64ddb0000155-20250421042855541796,false,true,180,750,2025-04-21T04:28:55.541796Z,32.9,0,6,0,1,da8b1f31-b35d-4329-875c-d1e8c3f39f55,0.340,8c1f64ddb0000155,18
attachments/,"""0c00df34-0000-0d00-0000-6805cab40000""",LHocAPPPqmX2KioAAAAAAA==,dbs/LHocAA==/colls/LHocAPPPqmU=/docs/LHocAPPPqmX2KioAAAAAAA==/,1745210036,26.8,2.98,1,false,40.4,37,false,8c1f64ddb0000155-20250421043355541796,false,true,180,750,2025-04-21T04:33:55.541796Z,32.7,0,6,0,1,da8b1f31-b35d-4329-875c-d1e8c3f39f55,0.340,8c1f64ddb0000155,18
attachments/,"""0c003536-0000-0d00-0000-6805cd0d0000""",LHocAPPPqmWDKyoAAAAAAA==,dbs/LHocAA==/colls/LHocAPPPqmU=/docs/LHocAPPPqmWDKyoAAAAAAA==/,1745210637,26.8,,,false,,37,false,8c1f64ddb0000155-20250421043627108867,false,true,120,750,2025-04-21T04:36:27.108867Z,32.5,,6,0,1,da8b1f31-b35d-4329-875c-d1e8c3f39f55,0.350,8c1f64ddb0000155,12
attachments/,"""0c003636-0000-0d00-0000-6805cd0d0000""",LHocAPPPqmWEKyoAAAAAAA==,dbs/LHocAA==/colls/LHocAPPPqmU=/docs/LHocAPPPqmWEKyoAAAAAAA==/,1745210637,26.8,,,false,,37,false,8c1f64ddb0000155-20250421043857108867,false,true,120,750,2025-04-21T04:38:57.108867Z,32.5,,6,0,1,da8b1f31-b35d-4329-875c-d1e8c3f39f55,0.300,8c1f64ddb0000155,12
attachments/,"""0c003736-0000-0d00-0000-6805cd0d0000""",LHocAPPPqmWFKyoAAAAAAA==,dbs/LHocAA==/colls/LHocAPPPqmU=/docs/LHocAPPPqmWFKyoAAAAAAA==/,1745210637,26.8,,,false,38.4,38,false,8c1f64ddb0000155-20250421044357108867,false,true,120,750,2025-04-21T04:43:57.108867Z,32.1,,6,0,1,da8b1f31-b35d-4329-875c-d1e8c3f39f55,0.260,8c1f64ddb0000155,12
attachments/,"""0c003836-0000-0d00-0000-6805cd0d0000""",LHocAPPPqmWGKyoAAAAAAA==,dbs/LHocAA==/colls/LHocAPPPqmU=/docs/LHocAPPPqmWGKyoAAAAAAA==/,1745210637,26.8,,,false,,37,false,8c1f64ddb0000155-20250421044127108867,false,true,120,750,2025-04-21T04:41:27.108867Z,32.4,,6,0,1,da8b1f31-b35d-4329-875c-d1e8c3f39f55,0.280,8c1f64ddb0000155,12
attachments/,"""0c00ce37-0000-0d00-0000-6805cf660000""",LHocAPPPqmUPLCoAAAAAAA==,dbs/LHocAA==/colls/LHocAPPPqmU=/docs/LHocAPPPqmUPLCoAAAAAAA==/,1745211238,26.8,,,false,,38,false,8c1f64ddb0000155-20250421044628149650,false,true,120,750,2025-04-21T04:46:28.149650Z,32,,6,0,1,da8b1f31-b35d-4329-875c-d1e8c3f39f55,0.250,8c1f64ddb0000155,12
attachments/,"""0c00cf37-0000-0d00-0000-6805cf660000""",LHocAPPPqmUQLCoAAAAAAA==,dbs/LHocAA==/colls/LHocAPPPqmU=/docs/LHocAPPPqmUQLCoAAAAAAA==/,1745211238,26.7,,,false,,39,false,8c1f64ddb0000155-20250421045128149650,false,true,120,750,2025-04-21T04:51:28.149650Z,31.6,,6,0,1,da8b1f31-b35d-4329-875c-d1e8c3f39f55,0.220,8c1f64ddb0000155,12
attachments/,"""0c00d037-0000-0d00-0000-6805cf660000""",LHocAPPPqmURLCoAAAAAAA==,dbs/LHocAA==/colls/LHocAPPPqmU=/docs/LHocAPPPqmURLCoAAAAAAA==/,1745211238,26.8,,,false,,38,false,8c1f64ddb0000155-20250421044858149650,false,true,120,750,2025-04-21T04:48:58.149650Z,31.8,,6,0,1,da8b1f31-b35d-4329-875c-d1e8c3f39f55,0.230,8c1f64ddb0000155,12
attachments/,"""0c00d137-0000-0d00-0000-6805cf660000""",LHocAPPPqmUSLCoAAAAAAA==,dbs/LHocAA==/colls/LHocAPPPqmU=/docs/LHocAPPPqmUSLCoAAAAAAA==/,1745211238,26.7,,,false,36.5,39,false,8c1f64ddb0000155-20250421045358149650,false,true,120,750,2025-04-21T04:53:58.149650Z,31.4,,6,0,1,da8b1f31-b35d-4329-875c-d1e8c3f39f55,0.210,8c1f64ddb0000155,12
attachments/,"""0c008e39-0000-0d00-0000-6805d1bd0000""",LHocAPPPqmWbLCoAAAAAAA==,dbs/LHocAA==/colls/LHocAPPPqmU=/docs/LHocAPPPqmWbLCoAAAAAAA==/,1745211837,26.7,2.98,1,false,,40,false,8c1f64ddb0000155-20250421045856906481,false,true,60,750,2025-04-21T04:58:56.906481Z,30.9,0,6,0,1,da8b1f31-b35d-4329-875c-d1e8c3f39f55,0.200,8c1f64ddb0000155,6
attachments/,"""0c008f39-0000-0d00-0000-6805d1bd0000""",LHocAPPPqmWcLCoAAAAAAA==,dbs/LHocAA==/colls/LHocAPPPqmU=/docs/LHocAPPPqmWcLCoAAAAAAA==/,1745211837,26.7,2.98,1,false,,40,false,8c1f64ddb0000155-20250421045626906481,false,true,60,750,2025-04-21T04:56:26.906481Z,31.2,0,6,0,1,da8b1f31-b35d-4329-875c-d1e8c3f39f55,0.210,8c1f64ddb0000155,6
attachments/,"""0c009039-0000-0d00-0000-6805d1bd0000""",LHocAPPPqmWdLCoAAAAAAA==,dbs/LHocAA==/colls/LHocAPPPqmU=/docs/LHocAPPPqmWdLCoAAAAAAA==/,1745211837,26.6,2.98,1,false,34.9,41,false,8c1f64ddb0000155-20250421050356906481,false,true,60,750,2025-04-21T05:03:56.906481Z,30.5,0,6,0,1,da8b1f31-b35d-4329-875c-d1e8c3f39f55,0.180,8c1f64ddb0000155,6
attachments/,"""0c009139-0000-0d00-0000-6805d1bd0000""",LHocAPPPqmWeLCoAAAAAAA==,dbs/LHocAA==/colls/LHocAPPPqmU=/docs/LHocAPPPqmWeLCoAAAAAAA==/,1745211837,26.7,2.98,1,false,,41,false,8c1f64ddb0000155-20250421050126906481,false,true,60,750,2025-04-21T05:01:26.906481Z,30.7,0,6,0,1,da8b1f31-b35d-4329-875c-d1e8c3f39f55,0.190,8c1f64ddb0000155,6
attachments/,"""0c00993b-0000-0d00-0000-6805d4140000""",LHocAPPPqmUnLSoAAAAAAA==,dbs/LHocAA==/colls/LHocAPPPqmU=/docs/LHocAPPPqmUnLSoAAAAAAA==/,1745212436,26.6,,,false,,41,false,8c1f64ddb0000155-20250421050625903678,false,true,60,750,2025-04-21T05:06:25.903678Z,30.2,,6,0,1,da8b1f31-b35d-4329-875c-d1e8c3f39f55,0.180,8c1f64ddb0000155,6
attachments/,"""0c009a3b-0000-0d00-0000-6805d4140000""",LHocAPPPqmUoLSoAAAAAAA==,dbs/LHocAA==/colls/LHocAPPPqmU=/docs/LHocAPPPqmUoLSoAAAAAAA==/,1745212436,26.6,,,false,,42,false,8c1f64ddb0000155-20250421050855903678,false,true,60,750,2025-04-21T05:08:55.903678Z,30.1,,6,0,1,da8b1f31-b35d-4329-875c-d1e8c3f39f55,0.170,8c1f64ddb0000155,6
attachments/,"""0c009b3b-0000-0d00-0000-6805d4140000""",LHocAPPPqmUpLSoAAAAAAA==,dbs/LHocAA==/colls/LHocAPPPqmU=/docs/LHocAPPPqmUpLSoAAAAAAA==/,1745212436,26.5,,,false,,42,false,8c1f64ddb0000155-20250421051125903678,false,true,60,750,2025-04-21T05:11:25.903678Z,29.9,,6,0,1,da8b1f31-b35d-4329-875c-d1e8c3f39f55,0.170,8c1f64ddb0000155,6
attachments/,"""0c009c3b-0000-0d00-0000-6805d4140000""",LHocAPPPqmUqLSoAAAAAAA==,dbs/LHocAA==/colls/LHocAPPPqmU=/docs/LHocAPPPqmUqLSoAAAAAAA==/,1745212436,26.5,,,false,33.5,43,false,8c1f64ddb0000155-20250421051355903678,false,true,60,750,2025-04-21T05:13:55.903678Z,29.7,,6,0,1,da8b1f31-b35d-4329-875c-d1e8c3f39f55,0.160,8c1f64ddb0000155,6
attachments/,"""0c00f23c-0000-0d00-0000-6805d66b0000""",LHocAPPPqmWvLSoAAAAAAA==,dbs/LHocAA==/colls/LHocAPPPqmU=/docs/LHocAPPPqmWvLSoAAAAAAA==/,1745213035,26.5,,,false,,43,false,8c1f64ddb0000155-20250421051855480950,false,true,60,750,2025-04-21T05:18:55.480950Z,29.3,,6,0,1,da8b1f31-b35d-4329-875c-d1e8c3f39f55,0.150,8c1f64ddb0000155,6
attachments/,"""0c00f33c-0000-0d00-0000-6805d66b0000""",LHocAPPPqmWwLSoAAAAAAA==,dbs/LHocAA==/colls/LHocAPPPqmU=/docs/LHocAPPPqmWwLSoAAAAAAA==/,1745213035,26.5,,,false,,43,false,8c1f64ddb0000155-20250421051625480950,false,true,60,750,2025-04-21T05:16:25.480950Z,29.5,,6,0,1,da8b1f31-b35d-4329-875c-d1e8c3f39f55,0.150,8c1f64ddb0000155,6
attachments/,"""0c00f43c-0000-0d00-0000-6805d66b0000""",LHocAPPPqmWxLSoAAAAAAA==,dbs/LHocAA==/colls/LHocAPPPqmU=/docs/LHocAPPPqmWxLSoAAAAAAA==/,1745213035,26.5,,,false,32.4,44,false,8c1f64ddb0000155-20250421052355480950,false,true,60,750,2025-04-21T05:23:55.480950Z,29,,6,0,1,da8b1f31-b35d-4329-875c-d1e8c3f39f55,0.140,8c1f64ddb0000155,6
attachments/,"""0c00f53c-0000-0d00-0000-6805d66b0000""",LHocAPPPqmWyLSoAAAAAAA==,dbs/LHocAA==/colls/LHocAPPPqmU=/docs/LHocAPPPqmWyLSoAAAAAAA==/,1745213035,26.5,,,false,,44,false,8c1f64ddb0000155-20250421052125480950,false,true,60,750,2025-04-21T05:21:25.480950Z,29.1,,6,0,1,da8b1f31-b35d-4329-875c-d1e8c3f39f55,0.150,8c1f64ddb0000155,6
attachments/,"""0c00443e-0000-0d00-0000-6805d8c50000""",LHocAPPPqmU-LioAAAAAAA==,dbs/LHocAA==/colls/LHocAPPPqmU=/docs/LHocAPPPqmU-LioAAAAAAA==/,1745213637,26.4,2.98,1,false,31.4,46,false,8c1f64ddb0000155-20250421053357110410,false,true,0,750,2025-04-21T05:33:57.110410Z,28.3,0,6,0,1,da8b1f31-b35d-4329-875c-d1e8c3f39f55,0.130,8c1f64ddb0000155,0
attachments/,"""0c00453e-0000-0d00-0000-6805d8c50000""",LHocAPPPqmVALioAAAAAAA==,dbs/LHocAA==/colls/LHocAPPPqmU=/docs/LHocAPPPqmVALioAAAAAAA==/,1745213637,26.4,2.98,1,false,,45,false,8c1f64ddb0000155-20250421052627110410,false,true,0,750,2025-04-21T05:26:27.110410Z,28.8,0,6,0,1,da8b1f31-b35d-4329-875c-d1e8c3f39f55,0.140,8c1f64ddb0000155,0
attachments/,"""0c00463e-0000-0d00-0000-6805d8c50000""",LHocAPPPqmVBLioAAAAAAA==,dbs/LHocAA==/colls/LHocAPPPqmU=/docs/LHocAPPPqmVBLioAAAAAAA==/,1745213637,26.4,2.98,1,false,,45,false,8c1f64ddb0000155-20250421052857110410,false,true,0,750,2025-04-21T05:28:57.110410Z,28.6,0,6,0,1,da8b1f31-b35d-4329-875c-d1e8c3f39f55,0.130,8c1f64ddb0000155,0
attachments/,"""0c00473e-0000-0d00-0000-6805d8c50000""",LHocAPPPqmVCLioAAAAAAA==,dbs/LHocAA==/colls/LHocAPPPqmU=/docs/LHocAPPPqmVCLioAAAAAAA==/,1745213637,26.4,2.98,1,false,,45,false,8c1f64ddb0000155-20250421053127110410,false,true,0,750,2025-04-21T05:31:27.110410Z,28.4,0,6,0,1,da8b1f31-b35d-4329-875c-d1e8c3f39f55,0.130,8c1f64ddb0000155,0
attachments/,"""0c008d3f-0000-0d00-0000-6805db1e0000""",LHocAPPPqmXPLioAAAAAAA==,dbs/LHocAA==/colls/LHocAPPPqmU=/docs/LHocAPPPqmXPLioAAAAAAA==/,1745214238,26.3,,,false,,47,false,8c1f64ddb0000155-20250421053858069345,false,true,0,750,2025-04-21T05:38:58.069345Z,27.9,,6,0,1,da8b1f31-b35d-4329-875c-d1e8c3f39f55,0.120,8c1f64ddb0000155,0
attachments/,"""0c008e3f-0000-0d00-0000-6805db1e0000""",LHocAPPPqmXQLioAAAAAAA==,dbs/LHocAA==/colls/LHocAPPPqmU=/docs/LHocAPPPqmXQLioAAAAAAA==/,1745214238,26.4,,,false,,46,false,8c1f64ddb0000155-20250421053628069345,false,true,0,750,2025-04-21T05:36:28.069345Z,28.1,,6,0,1,da8b1f31-b35d-4329-875c-d1e8c3f39f55,0.120,8c1f64ddb0000155,0
attachments/,"""0c008f3f-0000-0d00-0000-6805db1e0000""",LHocAPPPqmXRLioAAAAAAA==,dbs/LHocAA==/colls/LHocAPPPqmU=/docs/LHocAPPPqmXRLioAAAAAAA==/,1745214238,26.3,,,false,,47,false,8c1f64ddb0000155-20250421054128069345,false,true,0,750,2025-04-21T05:41:28.069345Z,27.9,,6,0,1,da8b1f31-b35d-4329-875c-d1e8c3f39f55,0.120,8c1f64ddb0000155,0
attachments/,"""0c00903f-0000-0d00-0000-6805db1e0000""",LHocAPPPqmXSLioAAAAAAA==,dbs/LHocAA==/colls/LHocAPPPqmU=/docs/LHocAPPPqmXSLioAAAAAAA==/,1745214238,26.3,,,false,30.5,47,false,8c1f64ddb0000155-20250421054358069345,false,true,0,750,2025-04-21T05:43:58.069345Z,27.7,,6,0,1,da8b1f31-b35d-4329-875c-d1e8c3f39f55,0.110,8c1f64ddb0000155,0
attachments/,"""0c00e340-0000-0d00-0000-6805dd760000""",LHocAPPPqmVfLyoAAAAAAA==,dbs/LHocAA==/colls/LHocAPPPqmU=/docs/LHocAPPPqmVfLyoAAAAAAA==/,1745214838,26.2,,,false,29.8,48,false,8c1f64ddb0000155-20250421055357805534,false,true,0,750,2025-04-21T05:53:57.805534Z,27.2,,6,0,1,da8b1f31-b35d-4329-875c-d1e8c3f39f55,0.100,8c1f64ddb0000155,0
attachments/,"""0c00e440-0000-0d00-0000-6805dd760000""",LHocAPPPqmVgLyoAAAAAAA==,dbs/LHocAA==/colls/LHocAPPPqmU=/docs/LHocAPPPqmVgLyoAAAAAAA==/,1745214838,26.3,,,false,,48,false,8c1f64ddb0000155-20250421054627805534,false,true,0,750,2025-04-21T05:46:27.805534Z,27.6,,6,0,1,da8b1f31-b35d-4329-875c-d1e8c3f39f55,0.110,8c1f64ddb0000155,0
attachments/,"""0c00e540-0000-0d00-0000-6805dd760000""",LHocAPPPqmVhLyoAAAAAAA==,dbs/LHocAA==/colls/LHocAPPPqmU=/docs/LHocAPPPqmVhLyoAAAAAAA==/,1745214838,26.2,,,false,,48,false,8c1f64ddb0000155-20250421054857805534,false,true,0,750,2025-04-21T05:48:57.805534Z,27.4,,6,0,1,da8b1f31-b35d-4329-875c-d1e8c3f39f55,0.110,8c1f64ddb0000155,0
attachments/,"""0c00e640-0000-0d00-0000-6805dd760000""",LHocAPPPqmViLyoAAAAAAA==,dbs/LHocAA==/colls/LHocAPPPqmU=/docs/LHocAPPPqmViLyoAAAAAAA==/,1745214838,26.2,,,false,,48,false,8c1f64ddb0000155-20250421055127805534,false,true,0,750,2025-04-21T05:51:27.805534Z,27.3,,6,0,1,da8b1f31-b35d-4329-875c-d1e8c3f39f55,0.110,8c1f64ddb0000155,0
attachments/,"""0c005742-0000-0d00-0000-6805dfce0000""",LHocAPPPqmXvLyoAAAAAAA==,dbs/LHocAA==/colls/LHocAPPPqmU=/docs/LHocAPPPqmXvLyoAAAAAAA==/,1745215438,26.2,2.98,1,false,,49,false,8c1f64ddb0000155-20250421055627777810,false,true,0,750,2025-04-21T05:56:27.777810Z,27.1,0,6,0,1,da8b1f31-b35d-4329-875c-d1e8c3f39f55,0.100,8c1f64ddb0000155,0
attachments/,"""0c005842-0000-0d00-0000-6805dfce0000""",LHocAPPPqmXwLyoAAAAAAA==,dbs/LHocAA==/colls/LHocAPPPqmU=/docs/LHocAPPPqmXwLyoAAAAAAA==/,1745215438,26.1,2.98,1,false,,49,false,8c1f64ddb0000155-20250421055857777810,false,true,0,750,2025-04-21T05:58:57.777810Z,27,0,6,0,1,da8b1f31-b35d-4329-875c-d1e8c3f39f55,0.100,8c1f64ddb0000155,0
attachments/,"""0c005b42-0000-0d00-0000-6805dfce0000""",LHocAPPPqmXxLyoAAAAAAA==,dbs/LHocAA==/colls/LHocAPPPqmU=/docs/LHocAPPPqmXxLyoAAAAAAA==/,1745215438,26.1,2.98,1,false,,49,false,8c1f64ddb0000155-20250421060127777810,false,true,0,750,2025-04-21T06:01:27.777810Z,26.9,0,6,0,1,da8b1f31-b35d-4329-875c-d1e8c3f39f55,0.0900,8c1f64ddb0000155,0
attachments/,"""0c005c42-0000-0d00-0000-6805dfce0000""",LHocAPPPqmXyLyoAAAAAAA==,dbs/LHocAA==/colls/LHocAPPPqmU=/docs/LHocAPPPqmXyLyoAAAAAAA==/,1745215438,26.1,2.98,1,false,29.1,50,false,8c1f64ddb0000155-20250421060357777810,false,true,0,750,2025-04-21T06:03:57.777810Z,26.8,0,6,0,1,da8b1f31-b35d-4329-875c-d1e8c3f39f55,0.0900,8c1f64ddb0000155,0
attachments/,"""0c00bd43-0000-0d00-0000-6805e2250000""",LHocAPPPqmV-MCoAAAAAAA==,dbs/LHocAA==/colls/LHocAPPPqmU=/docs/LHocAPPPqmV-MCoAAAAAAA==/,1745216037,26,,,false,,50,false,8c1f64ddb0000155-20250421061126978687,false,true,0,750,2025-04-21T06:11:26.978687Z,26.5,,6,0,1,da8b1f31-b35d-4329-875c-d1e8c3f39f55,0.0900,8c1f64ddb0000155,0
attachments/,"""0c00be43-0000-0d00-0000-6805e2250000""",LHocAPPPqmWAMCoAAAAAAA==,dbs/LHocAA==/colls/LHocAPPPqmU=/docs/LHocAPPPqmWAMCoAAAAAAA==/,1745216037,26.1,,,false,,50,false,8c1f64ddb0000155-20250421060626978687,false,true,0,750,2025-04-21T06:06:26.978687Z,26.7,,6,0,1,da8b1f31-b35d-4329-875c-d1e8c3f39f55,0.0900,8c1f64ddb0000155,0
attachments/,"""0c00bf43-0000-0d00-0000-6805e2250000""",LHocAPPPqmWBMCoAAAAAAA==,dbs/LHocAA==/colls/LHocAPPPqmU=/docs/LHocAPPPqmWBMCoAAAAAAA==/,1745216037,26,,,false,,50,false,8c1f64ddb0000155-20250421060856978687,false,true,0,750,2025-04-21T06:08:56.978687Z,26.6,,6,0,1,da8b1f31-b35d-4329-875c-d1e8c3f39f55,0.0900,8c1f64ddb0000155,0
attachments/,"""0c00c043-0000-0d00-0000-6805e2250000""",LHocAPPPqmWCMCoAAAAAAA==,dbs/LHocAA==/colls/LHocAPPPqmU=/docs/LHocAPPPqmWCMCoAAAAAAA==/,1745216037,26,,,false,28.6,51,false,8c1f64ddb0000155-20250421061356978687,false,true,0,750,2025-04-21T06:13:56.978687Z,26.4,,6,0,1,da8b1f31-b35d-4329-875c-d1e8c3f39f55,0.0900,8c1f64ddb0000155,0
attachments/,"""0c000745-0000-0d00-0000-6805e47b0000""",LHocAPPPqmUHMSoAAAAAAA==,dbs/LHocAA==/colls/LHocAPPPqmU=/docs/LHocAPPPqmUHMSoAAAAAAA==/,1745216635,25.9,,,false,,51,false,8c1f64ddb0000155-20250421062125509707,false,true,0,750,2025-04-21T06:21:25.509707Z,26.1,,6,0,1,da8b1f31-b35d-4329-875c-d1e8c3f39f55,0.0800,8c1f64ddb0000155,0
attachments/,"""0c000845-0000-0d00-0000-6805e47b0000""",LHocAPPPqmUIMSoAAAAAAA==,dbs/LHocAA==/colls/LHocAPPPqmU=/docs/LHocAPPPqmUIMSoAAAAAAA==/,1745216635,26,,,false,,51,false,8c1f64ddb0000155-20250421061625509707,false,true,0,750,2025-04-21T06:16:25.509707Z,26.3,,6,0,1,da8b1f31-b35d-4329-875c-d1e8c3f39f55,0.0800,8c1f64ddb0000155,0
attachments/,"""0c000945-0000-0d00-0000-6805e47c0000""",LHocAPPPqmUJMSoAAAAAAA==,dbs/LHocAA==/colls/LHocAPPPqmU=/docs/LHocAPPPqmUJMSoAAAAAAA==/,1745216636,25.9,,,false,,51,false,8c1f64ddb0000155-20250421061855509707,false,true,0,750,2025-04-21T06:18:55.509707Z,26.2,,6,0,1,da8b1f31-b35d-4329-875c-d1e8c3f39f55,0.0800,8c1f64ddb0000155,0
attachments/,"""0c000a45-0000-0d00-0000-6805e47c0000""",LHocAPPPqmUKMSoAAAAAAA==,dbs/LHocAA==/colls/LHocAPPPqmU=/docs/LHocAPPPqmUKMSoAAAAAAA==/,1745216636,25.9,,,false,28.1,52,false,8c1f64ddb0000155-20250421062355509707,false,true,0,750,2025-04-21T06:23:55.509707Z,26,,6,0,1,da8b1f31-b35d-4329-875c-d1e8c3f39f55,0.0800,8c1f64ddb0000155,0
attachments/,"""0c006e46-0000-0d00-0000-6805e6d60000""",LHocAPPPqmWbMSoAAAAAAA==,dbs/LHocAA==/colls/LHocAPPPqmU=/docs/LHocAPPPqmWbMSoAAAAAAA==/,1745217238,25.8,2.98,1,false,,52,false,8c1f64ddb0000155-20250421062627004080,false,true,0,750,2025-04-21T06:26:27.004080Z,25.9,0,6,0,1,da8b1f31-b35d-4329-875c-d1e8c3f39f55,0.0800,8c1f64ddb0000155,0
attachments/,"""0c006f46-0000-0d00-0000-6805e6d60000""",LHocAPPPqmWcMSoAAAAAAA==,dbs/LHocAA==/colls/LHocAPPPqmU=/docs/LHocAPPPqmWcMSoAAAAAAA==/,1745217238,25.8,2.98,1,false,,52,false,8c1f64ddb0000155-20250421062857004080,false,true,0,750,2025-04-21T06:28:57.004080Z,25.9,0,6,0,1,da8b1f31-b35d-4329-875c-d1e8c3f39f55,0.0800,8c1f64ddb0000155,0
attachments/,"""0c007046-0000-0d00-0000-6805e6d60000""",LHocAPPPqmWdMSoAAAAAAA==,dbs/LHocAA==/colls/LHocAPPPqmU=/docs/LHocAPPPqmWdMSoAAAAAAA==/,1745217238,25.8,2.98,1,false,,52,false,8c1f64ddb0000155-20250421063127004080,false,true,0,750,2025-04-21T06:31:27.004080Z,25.8,0,6,0,1,da8b1f31-b35d-4329-875c-d1e8c3f39f55,0.0800,8c1f64ddb0000155,0
attachments/,"""0c007146-0000-0d00-0000-6805e6d60000""",LHocAPPPqmWeMSoAAAAAAA==,dbs/LHocAA==/colls/LHocAPPPqmU=/docs/LHocAPPPqmWeMSoAAAAAAA==/,1745217238,25.7,2.98,1,false,27.6,53,false,8c1f64ddb0000155-20250421063357004080,false,true,0,750,2025-04-21T06:33:57.004080Z,25.7,0,6,0,1,da8b1f31-b35d-4329-875c-d1e8c3f39f55,0.0700,8c1f64ddb0000155,0
attachments/,"""0c00bf47-0000-0d00-0000-6805e92e0000""",LHocAPPPqmUrMioAAAAAAA==,dbs/LHocAA==/colls/LHocAPPPqmU=/docs/LHocAPPPqmUrMioAAAAAAA==/,1745217838,25.7,,,false,,53,false,8c1f64ddb0000155-20250421064128174982,false,true,0,750,2025-04-21T06:41:28.174982Z,25.5,,6,0,1,da8b1f31-b35d-4329-875c-d1e8c3f39f55,0.0700,8c1f64ddb0000155,0
attachments/,"""0c00c047-0000-0d00-0000-6805e92e0000""",LHocAPPPqmUsMioAAAAAAA==,dbs/LHocAA==/colls/LHocAPPPqmU=/docs/LHocAPPPqmUsMioAAAAAAA==/,1745217838,25.7,,,false,,53,false,8c1f64ddb0000155-20250421063628174982,false,true,0,750,2025-04-21T06:36:28.174982Z,25.7,,6,0,1,da8b1f31-b35d-4329-875c-d1e8c3f39f55,0.0700,8c1f64ddb0000155,0
attachments/,"""0c00c147-0000-0d00-0000-6805e92e0000""",LHocAPPPqmUtMioAAAAAAA==,dbs/LHocAA==/colls/LHocAPPPqmU=/docs/LHocAPPPqmUtMioAAAAAAA==/,1745217838,25.7,,,false,,53,false,8c1f64ddb0000155-20250421063858174982,false,true,0,750,2025-04-21T06:38:58.174982Z,25.6,,6,0,1,da8b1f31-b35d-4329-875c-d1e8c3f39f55,0.0700,8c1f64ddb0000155,0
attachments/,"""0c00c247-0000-0d00-0000-6805e92e0000""",LHocAPPPqmUuMioAAAAAAA==,dbs/LHocAA==/colls/LHocAPPPqmU=/docs/LHocAPPPqmUuMioAAAAAAA==/,1745217838,25.6,,,false,27.3,53,false,8c1f64ddb0000155-20250421064358174982,false,true,0,750,2025-04-21T06:43:58.174982Z,25.4,,6,0,1,da8b1f31-b35d-4329-875c-d1e8c3f39f55,0.0700,8c1f64ddb0000155,0
attachments/,"""0c00554a-0000-0d00-0000-6805eddd0000""",LHocAPPPqmVDMyoAAAAAAA==,dbs/LHocAA==/colls/LHocAPPPqmU=/docs/LHocAPPPqmVDMyoAAAAAAA==/,1745219037,25.5,2.98,1,false,,54,false,8c1f64ddb0000155-20250421065626724564,false,true,0,750,2025-04-21T06:56:26.724564Z,25.2,0,6,0,1,da8b1f31-b35d-4329-875c-d1e8c3f39f55,0.0600,8c1f64ddb0000155,0
attachments/,"""0c00564a-0000-0d00-0000-6805eddd0000""",LHocAPPPqmVEMyoAAAAAAA==,dbs/LHocAA==/colls/LHocAPPPqmU=/docs/LHocAPPPqmVEMyoAAAAAAA==/,1745219037,25.4,2.98,1,false,,54,false,8c1f64ddb0000155-20250421065856724564,false,true,0,750,2025-04-21T06:58:56.724564Z,25.1,0,6,0,1,da8b1f31-b35d-4329-875c-d1e8c3f39f55,0.0600,8c1f64ddb0000155,0
attachments/,"""0c00574a-0000-0d00-0000-6805eddd0000""",LHocAPPPqmVFMyoAAAAAAA==,dbs/LHocAA==/colls/LHocAPPPqmU=/docs/LHocAPPPqmVFMyoAAAAAAA==/,1745219037,25.4,2.98,1,false,,55,false,8c1f64ddb0000155-20250421070126724564,false,true,0,750,2025-04-21T07:01:26.724564Z,25.1,0,6,0,1,da8b1f31-b35d-4329-875c-d1e8c3f39f55,0.0600,8c1f64ddb0000155,0
attachments/,"""0c00584a-0000-0d00-0000-6805eddd0000""",LHocAPPPqmVGMyoAAAAAAA==,dbs/LHocAA==/colls/LHocAPPPqmU=/docs/LHocAPPPqmVGMyoAAAAAAA==/,1745219037,25.4,2.98,1,false,26.5,55,false,8c1f64ddb0000155-20250421070356724564,false,true,0,750,2025-04-21T07:03:56.724564Z,25,0,6,0,1,da8b1f31-b35d-4329-875c-d1e8c3f39f55,0.0600,8c1f64ddb0000155,0
attachments/,"""0c00b84b-0000-0d00-0000-6805f0360000""",LHocAPPPqmXTMyoAAAAAAA==,dbs/LHocAA==/colls/LHocAPPPqmU=/docs/LHocAPPPqmXTMyoAAAAAAA==/,1745219638,25.2,,,false,26.2,55,false,8c1f64ddb0000155-20250421071357735558,false,true,0,750,2025-04-21T07:13:57.735558Z,24.8,,6,0,1,da8b1f31-b35d-4329-875c-d1e8c3f39f55,0.0600,8c1f64ddb0000155,0
attachments/,"""0c00b94b-0000-0d00-0000-6805f0360000""",LHocAPPPqmXUMyoAAAAAAA==,dbs/LHocAA==/colls/LHocAPPPqmU=/docs/LHocAPPPqmXUMyoAAAAAAA==/,1745219638,25.3,,,false,,55,false,8c1f64ddb0000155-20250421070627735558,false,true,0,750,2025-04-21T07:06:27.735558Z,24.9,,6,0,1,da8b1f31-b35d-4329-875c-d1e8c3f39f55,0.0600,8c1f64ddb0000155,0
attachments/,"""0c00ba4b-0000-0d00-0000-6805f0360000""",LHocAPPPqmXVMyoAAAAAAA==,dbs/LHocAA==/colls/LHocAPPPqmU=/docs/LHocAPPPqmXVMyoAAAAAAA==/,1745219638,25.3,,,false,,55,false,8c1f64ddb0000155-20250421070857735558,false,true,0,750,2025-04-21T07:08:57.735558Z,24.9,,6,0,1,da8b1f31-b35d-4329-875c-d1e8c3f39f55,0.0600,8c1f64ddb0000155,0
attachments/,"""0c00bb4b-0000-0d00-0000-6805f0360000""",LHocAPPPqmXWMyoAAAAAAA==,dbs/LHocAA==/colls/LHocAPPPqmU=/docs/LHocAPPPqmXWMyoAAAAAAA==/,1745219638,25.3,,,false,,55,false,8c1f64ddb0000155-20250421071127735558,false,true,0,750,2025-04-21T07:11:27.735558Z,24.9,,6,0,1,da8b1f31-b35d-4329-875c-d1e8c3f39f55,0.0600,8c1f64ddb0000155,0
attachments/,"""0c00d74d-0000-0d00-0000-6805f28d0000""",LHocAPPPqmVjNCoAAAAAAA==,dbs/LHocAA==/colls/LHocAPPPqmU=/docs/LHocAPPPqmVjNCoAAAAAAA==/,1745220237,25.2,,,false,,55,false,8c1f64ddb0000155-20250421071627214742,false,true,0,750,2025-04-21T07:16:27.214742Z,24.8,,6,0,1,da8b1f31-b35d-4329-875c-d1e8c3f39f55,0.0500,8c1f64ddb0000155,0
attachments/,"""0c00d84d-0000-0d00-0000-6805f28d0000""",LHocAPPPqmVkNCoAAAAAAA==,dbs/LHocAA==/colls/LHocAPPPqmU=/docs/LHocAPPPqmVkNCoAAAAAAA==/,1745220237,25.2,,,false,,56,false,8c1f64ddb0000155-20250421071857214742,false,true,0,750,2025-04-21T07:18:57.214742Z,24.7,,6,0,1,da8b1f31-b35d-4329-875c-d1e8c3f39f55,0.0500,8c1f64ddb0000155,0
attachments/,"""0c00d94d-0000-0d00-0000-6805f28d0000""",LHocAPPPqmVlNCoAAAAAAA==,dbs/LHocAA==/colls/LHocAPPPqmU=/docs/LHocAPPPqmVlNCoAAAAAAA==/,1745220237,25.1,,,false,26.1,56,false,8c1f64ddb0000155-20250421072357214742,false,true,0,750,2025-04-21T07:23:57.214742Z,24.7,,6,0,1,da8b1f31-b35d-4329-875c-d1e8c3f39f55,0.0500,8c1f64ddb0000155,0
attachments/,"""0c00da4d-0000-0d00-0000-6805f28d0000""",LHocAPPPqmVmNCoAAAAAAA==,dbs/LHocAA==/colls/LHocAPPPqmU=/docs/LHocAPPPqmVmNCoAAAAAAA==/,1745220237,25.2,,,false,,56,false,8c1f64ddb0000155-20250421072127214742,false,true,0,750,2025-04-21T07:21:27.214742Z,24.7,,6,0,1,da8b1f31-b35d-4329-875c-d1e8c3f39f55,0.0500,8c1f64ddb0000155,0
attachments/,"""0c00244f-0000-0d00-0000-6805f4e50000""",LHocAPPPqmXzNCoAAAAAAA==,dbs/LHocAA==/colls/LHocAPPPqmU=/docs/LHocAPPPqmXzNCoAAAAAAA==/,1745220837,25.1,2.98,1,false,,56,false,8c1f64ddb0000155-20250421072626825176,false,true,0,750,2025-04-21T07:26:26.825176Z,24.7,0,6,0,1,da8b1f31-b35d-4329-875c-d1e8c3f39f55,0.0500,8c1f64ddb0000155,0
attachments/,"""0c00254f-0000-0d00-0000-6805f4e50000""",LHocAPPPqmX0NCoAAAAAAA==,dbs/LHocAA==/colls/LHocAPPPqmU=/docs/LHocAPPPqmX0NCoAAAAAAA==/,1745220837,25.1,2.98,1,false,,56,false,8c1f64ddb0000155-20250421072856825176,false,true,0,750,2025-04-21T07:28:56.825176Z,24.6,0,6,0,1,da8b1f31-b35d-4329-875c-d1e8c3f39f55,0.0500,8c1f64ddb0000155,0
attachments/,"""0c00274f-0000-0d00-0000-6805f4e50000""",LHocAPPPqmX1NCoAAAAAAA==,dbs/LHocAA==/colls/LHocAPPPqmU=/docs/LHocAPPPqmX1NCoAAAAAAA==/,1745220837,25,2.98,1,false,,56,false,8c1f64ddb0000155-20250421073126825176,false,true,0,750,2025-04-21T07:31:26.825176Z,24.6,0,6,0,1,da8b1f31-b35d-4329-875c-d1e8c3f39f55,0.0500,8c1f64ddb0000155,0
attachments/,"""0c00284f-0000-0d00-0000-6805f4e50000""",LHocAPPPqmX2NCoAAAAAAA==,dbs/LHocAA==/colls/LHocAPPPqmU=/docs/LHocAPPPqmX2NCoAAAAAAA==/,1745220837,25,2.98,1,false,26,56,false,8c1f64ddb0000155-20250421073356825176,false,true,0,750,2025-04-21T07:33:56.825176Z,24.6,0,6,0,1,da8b1f31-b35d-4329-875c-d1e8c3f39f55,0.0500,8c1f64ddb0000155,0
attachments/,"""0c008a50-0000-0d00-0000-6805f73c0000""",LHocAPPPqmV-NSoAAAAAAA==,dbs/LHocAA==/colls/LHocAPPPqmU=/docs/LHocAPPPqmV-NSoAAAAAAA==/,1745221436,24.9,,,false,,56,false,8c1f64ddb0000155-20250421074125947080,false,true,0,750,2025-04-21T07:41:25.947080Z,24.6,,6,0,1,da8b1f31-b35d-4329-875c-d1e8c3f39f55,0.0500,8c1f64ddb0000155,0
attachments/,"""0c008b50-0000-0d00-0000-6805f73c0000""",LHocAPPPqmWANSoAAAAAAA==,dbs/LHocAA==/colls/LHocAPPPqmU=/docs/LHocAPPPqmWANSoAAAAAAA==/,1745221436,24.9,,,false,25.9,56,false,8c1f64ddb0000155-20250421074355947080,false,true,0,750,2025-04-21T07:43:55.947080Z,24.6,,6,0,1,da8b1f31-b35d-4329-875c-d1e8c3f39f55,0.0500,8c1f64ddb0000155,0
attachments/,"""0c008c50-0000-0d00-0000-6805f73c0000""",LHocAPPPqmWBNSoAAAAAAA==,dbs/LHocAA==/colls/LHocAPPPqmU=/docs/LHocAPPPqmWBNSoAAAAAAA==/,1745221436,25,,,false,,56,false,8c1f64ddb0000155-20250421073625947080,false,true,0,750,2025-04-21T07:36:25.947080Z,24.6,,6,0,1,da8b1f31-b35d-4329-875c-d1e8c3f39f55,0.0500,8c1f64ddb0000155,0
attachments/,"""0c008d50-0000-0d00-0000-6805f73c0000""",LHocAPPPqmWCNSoAAAAAAA==,dbs/LHocAA==/colls/LHocAPPPqmU=/docs/LHocAPPPqmWCNSoAAAAAAA==/,1745221436,25,,,false,,56,false,8c1f64ddb0000155-20250421073855947080,false,true,0,750,2025-04-21T07:38:55.947080Z,24.6,,6,0,1,da8b1f31-b35d-4329-875c-d1e8c3f39f55,0.0500,8c1f64ddb0000155,0
attachments/,"""0c008f52-0000-0d00-0000-6805f9940000""",LHocAPPPqmUPNioAAAAAAA==,dbs/LHocAA==/colls/LHocAPPPqmU=/docs/LHocAPPPqmUPNioAAAAAAA==/,1745222036,24.9,,,false,,56,false,8c1f64ddb0000155-20250421074626421253,false,true,0,750,2025-04-21T07:46:26.421253Z,24.6,,6,0,1,da8b1f31-b35d-4329-875c-d1e8c3f39f55,0.0600,8c1f64ddb0000155,0
attachments/,"""0c009052-0000-0d00-0000-6805f9940000""",LHocAPPPqmUQNioAAAAAAA==,dbs/LHocAA==/colls/LHocAPPPqmU=/docs/LHocAPPPqmUQNioAAAAAAA==/,1745222036,24.9,,,false,,56,false,8c1f64ddb0000155-20250421074856421253,false,true,0,750,2025-04-21T07:48:56.421253Z,24.6,,6,0,1,da8b1f31-b35d-4329-875c-d1e8c3f39f55,0.0500,8c1f64ddb0000155,0
attachments/,"""0c009252-0000-0d00-0000-6805f9950000""",LHocAPPPqmURNioAAAAAAA==,dbs/LHocAA==/colls/LHocAPPPqmU=/docs/LHocAPPPqmURNioAAAAAAA==/,1745222037,24.8,,,false,,56,false,8c1f64ddb0000155-20250421075126421253,false,true,0,750,2025-04-21T07:51:26.421253Z,24.6,,6,0,1,da8b1f31-b35d-4329-875c-d1e8c3f39f55,0.0600,8c1f64ddb0000155,0
attachments/,"""0c009352-0000-0d00-0000-6805f9950000""",LHocAPPPqmUSNioAAAAAAA==,dbs/LHocAA==/colls/LHocAPPPqmU=/docs/LHocAPPPqmUSNioAAAAAAA==/,1745222037,24.8,,,false,26,56,false,8c1f64ddb0000155-20250421075356421253,false,true,0,750,2025-04-21T07:53:56.421253Z,24.6,,6,0,1,da8b1f31-b35d-4329-875c-d1e8c3f39f55,0.0600,8c1f64ddb0000155,0
attachments/,"""0c00d356-0000-0d00-0000-6805fbed0000""",LHocAPPPqmWhNioAAAAAAA==,dbs/LHocAA==/colls/LHocAPPPqmU=/docs/LHocAPPPqmWhNioAAAAAAA==/,1745222637,24.8,2.97,1,false,,56,false,8c1f64ddb0000155-20250421075627186652,false,true,0,750,2025-04-21T07:56:27.186652Z,24.6,0,6,0,1,da8b1f31-b35d-4329-875c-d1e8c3f39f55,0.0600,8c1f64ddb0000155,0
attachments/,"""0c00d456-0000-0d00-0000-6805fbed0000""",LHocAPPPqmWiNioAAAAAAA==,dbs/LHocAA==/colls/LHocAPPPqmU=/docs/LHocAPPPqmWiNioAAAAAAA==/,1745222637,24.8,2.97,1,false,,56,false,8c1f64ddb0000155-20250421080127186652,false,true,0,750,2025-04-21T08:01:27.186652Z,24.6,0,6,0,1,da8b1f31-b35d-4329-875c-d1e8c3f39f55,0.0600,8c1f64ddb0000155,0
attachments/,"""0c00d556-0000-0d00-0000-6805fbed0000""",LHocAPPPqmWjNioAAAAAAA==,dbs/LHocAA==/colls/LHocAPPPqmU=/docs/LHocAPPPqmWjNioAAAAAAA==/,1745222637,24.8,2.97,1,false,,56,false,8c1f64ddb0000155-20250421075857186652,false,true,0,750,2025-04-21T07:58:57.186652Z,24.6,0,6,0,1,da8b1f31-b35d-4329-875c-d1e8c3f39f55,0.0600,8c1f64ddb0000155,0
attachments/,"""0c00d656-0000-0d00-0000-6805fbed0000""",LHocAPPPqmWkNioAAAAAAA==,dbs/LHocAA==/colls/LHocAPPPqmU=/docs/LHocAPPPqmWkNioAAAAAAA==/,1745222637,24.7,2.97,1,false,26.2,56,false,8c1f64ddb0000155-20250421080357186652,false,true,0,750,2025-04-21T08:03:57.186652Z,24.7,0,6,0,1,da8b1f31-b35d-4329-875c-d1e8c3f39f55,0.0600,8c1f64ddb0000155,0
attachments/,"""0c003258-0000-0d00-0000-6805fe440000""",LHocAPPPqmUtNyoAAAAAAA==,dbs/LHocAA==/colls/LHocAPPPqmU=/docs/LHocAPPPqmUtNyoAAAAAAA==/,1745223236,24.7,,,false,,56,false,8c1f64ddb0000155-20250421080626095553,false,true,0,750,2025-04-21T08:06:26.095553Z,24.7,,6,0,1,da8b1f31-b35d-4329-875c-d1e8c3f39f55,0.0600,8c1f64ddb0000155,0
attachments/,"""0c003358-0000-0d00-0000-6805fe440000""",LHocAPPPqmUuNyoAAAAAAA==,dbs/LHocAA==/colls/LHocAPPPqmU=/docs/LHocAPPPqmUuNyoAAAAAAA==/,1745223236,24.7,,,false,,56,false,8c1f64ddb0000155-20250421080856095553,false,true,0,750,2025-04-21T08:08:56.095553Z,24.7,,6,0,1,da8b1f31-b35d-4329-875c-d1e8c3f39f55,0.0600,8c1f64ddb0000155,0
attachments/,"""0c003458-0000-0d00-0000-6805fe440000""",LHocAPPPqmUvNyoAAAAAAA==,dbs/LHocAA==/colls/LHocAPPPqmU=/docs/LHocAPPPqmUvNyoAAAAAAA==/,1745223236,24.7,,,false,,56,false,8c1f64ddb0000155-20250421081126095553,false,true,0,750,2025-04-21T08:11:26.095553Z,24.7,,6,0,1,da8b1f31-b35d-4329-875c-d1e8c3f39f55,0.0700,8c1f64ddb0000155,0
attachments/,"""0c003758-0000-0d00-0000-6805fe440000""",LHocAPPPqmUwNyoAAAAAAA==,dbs/LHocAA==/colls/LHocAPPPqmU=/docs/LHocAPPPqmUwNyoAAAAAAA==/,1745223236,24.7,,,false,26.3,56,false,8c1f64ddb0000155-20250421081356095553,false,true,0,750,2025-04-21T08:13:56.095553Z,24.7,,6,0,1,da8b1f31-b35d-4329-875c-d1e8c3f39f55,0.0700,8c1f64ddb0000155,0
attachments/,"""0c009959-0000-0d00-0000-6806009c0000""",LHocAPPPqmW+NyoAAAAAAA==,dbs/LHocAA==/colls/LHocAPPPqmU=/docs/LHocAPPPqmW+NyoAAAAAAA==/,1745223836,24.7,,,false,,56,false,8c1f64ddb0000155-20250421081626010662,false,true,0,750,2025-04-21T08:16:26.010662Z,24.7,,6,0,1,da8b1f31-b35d-4329-875c-d1e8c3f39f55,0.0700,8c1f64ddb0000155,0
attachments/,"""0c009a59-0000-0d00-0000-6806009c0000""",LHocAPPPqmW-NyoAAAAAAA==,dbs/LHocAA==/colls/LHocAPPPqmU=/docs/LHocAPPPqmW-NyoAAAAAAA==/,1745223836,24.6,,,false,,56,false,8c1f64ddb0000155-20250421082126010662,false,true,0,750,2025-04-21T08:21:26.010662Z,24.7,,6,0,1,da8b1f31-b35d-4329-875c-d1e8c3f39f55,0.0700,8c1f64ddb0000155,0
attachments/,"""0c009b59-0000-0d00-0000-6806009c0000""",LHocAPPPqmXANyoAAAAAAA==,dbs/LHocAA==/colls/LHocAPPPqmU=/docs/LHocAPPPqmXANyoAAAAAAA==/,1745223836,24.6,,,false,,56,false,8c1f64ddb0000155-20250421081856010662,false,true,0,750,2025-04-21T08:18:56.010662Z,24.7,,6,0,1,da8b1f31-b35d-4329-875c-d1e8c3f39f55,0.0700,8c1f64ddb0000155,0
attachments/,"""0c009c59-0000-0d00-0000-6806009c0000""",LHocAPPPqmXBNyoAAAAAAA==,dbs/LHocAA==/colls/LHocAPPPqmU=/docs/LHocAPPPqmXBNyoAAAAAAA==/,1745223836,24.6,,,false,26.4,56,false,8c1f64ddb0000155-20250421082356010662,false,true,0,750,2025-04-21T08:23:56.010662Z,24.7,,6,0,1,da8b1f31-b35d-4329-875c-d1e8c3f39f55,0.0700,8c1f64ddb0000155,0
attachments/,"""0c00005b-0000-0d00-0000-680602f40000""",LHocAPPPqmVLOCoAAAAAAA==,dbs/LHocAA==/colls/LHocAPPPqmU=/docs/LHocAPPPqmVLOCoAAAAAAA==/,1745224436,24.6,2.97,1,false,,56,false,8c1f64ddb0000155-20250421082855928082,false,true,8,750,2025-04-21T08:28:55.928082Z,24.8,0,6,0,1,da8b1f31-b35d-4329-875c-d1e8c3f39f55,0.0700,8c1f64ddb0000155,1
attachments/,"""0c00015b-0000-0d00-0000-680602f40000""",LHocAPPPqmVMOCoAAAAAAA==,dbs/LHocAA==/colls/LHocAPPPqmU=/docs/LHocAPPPqmVMOCoAAAAAAA==/,1745224436,24.6,2.97,1,false,,56,false,8c1f64ddb0000155-20250421083125928082,false,true,8,750,2025-04-21T08:31:25.928082Z,24.8,0,6,0,1,da8b1f31-b35d-4329-875c-d1e8c3f39f55,0.0700,8c1f64ddb0000155,1
attachments/,"""0c00025b-0000-0d00-0000-680602f40000""",LHocAPPPqmVNOCoAAAAAAA==,dbs/LHocAA==/colls/LHocAPPPqmU=/docs/LHocAPPPqmVNOCoAAAAAAA==/,1745224436,24.5,2.97,1,false,26.4,56,false,8c1f64ddb0000155-20250421083355928082,false,true,8,750,2025-04-21T08:33:55.928082Z,24.7,0,6,0,1,da8b1f31-b35d-4329-875c-d1e8c3f39f55,0.0700,8c1f64ddb0000155,1
attachments/,"""0c00035b-0000-0d00-0000-680602f40000""",LHocAPPPqmVOOCoAAAAAAA==,dbs/LHocAA==/colls/LHocAPPPqmU=/docs/LHocAPPPqmVOOCoAAAAAAA==/,1745224436,24.6,2.97,1,false,,56,false,8c1f64ddb0000155-20250421082625928082,false,true,8,750,2025-04-21T08:26:25.928082Z,24.7,0,6,0,1,da8b1f31-b35d-4329-875c-d1e8c3f39f55,0.0700,8c1f64ddb0000155,1
attachments/,"""0c004a5c-0000-0d00-0000-6806054e0000""",LHocAPPPqmXgOCoAAAAAAA==,dbs/LHocAA==/colls/LHocAPPPqmU=/docs/LHocAPPPqmXgOCoAAAAAAA==/,1745225038,24.5,,,false,,56,false,8c1f64ddb0000155-20250421083858261948,false,true,8,750,2025-04-21T08:38:58.261948Z,24.8,,6,0,1,da8b1f31-b35d-4329-875c-d1e8c3f39f55,0.0700,8c1f64ddb0000155,1
attachments/,"""0c004b5c-0000-0d00-0000-6806054e0000""",LHocAPPPqmXhOCoAAAAAAA==,dbs/LHocAA==/colls/LHocAPPPqmU=/docs/LHocAPPPqmXhOCoAAAAAAA==/,1745225038,24.5,,,false,,56,false,8c1f64ddb0000155-20250421083628261948,false,true,8,750,2025-04-21T08:36:28.261948Z,24.7,,6,0,1,da8b1f31-b35d-4329-875c-d1e8c3f39f55,0.0700,8c1f64ddb0000155,1
attachments/,"""0c004c5c-0000-0d00-0000-6806054e0000""",LHocAPPPqmXiOCoAAAAAAA==,dbs/LHocAA==/colls/LHocAPPPqmU=/docs/LHocAPPPqmXiOCoAAAAAAA==/,1745225038,24.5,,,false,,56,false,8c1f64ddb0000155-20250421084128261948,false,true,8,750,2025-04-21T08:41:28.261948Z,24.8,,6,0,1,da8b1f31-b35d-4329-875c-d1e8c3f39f55,0.0700,8c1f64ddb0000155,1
attachments/,"""0c004d5c-0000-0d00-0000-6806054e0000""",LHocAPPPqmXjOCoAAAAAAA==,dbs/LHocAA==/colls/LHocAPPPqmU=/docs/LHocAPPPqmXjOCoAAAAAAA==/,1745225038,24.5,,,false,26.5,56,false,8c1f64ddb0000155-20250421084358261948,false,true,8,750,2025-04-21T08:43:58.261948Z,24.8,,6,0,1,da8b1f31-b35d-4329-875c-d1e8c3f39f55,0.0700,8c1f64ddb0000155,1
attachments/,"""0c00b05d-0000-0d00-0000-680607a40000""",LHocAPPPqmVrOSoAAAAAAA==,dbs/LHocAA==/colls/LHocAPPPqmU=/docs/LHocAPPPqmVrOSoAAAAAAA==/,1745225636,24.5,,,false,,56,false,8c1f64ddb0000155-20250421084625989003,false,true,52,750,2025-04-21T08:46:25.989003Z,24.8,,6,0,1,da8b1f31-b35d-4329-875c-d1e8c3f39f55,0.0700,8c1f64ddb0000155,5
attachments/,"""0c00b25d-0000-0d00-0000-680607a40000""",LHocAPPPqmVtOSoAAAAAAA==,dbs/LHocAA==/colls/LHocAPPPqmU=/docs/LHocAPPPqmVtOSoAAAAAAA==/,1745225636,24.5,,,false,,56,false,8c1f64ddb0000155-20250421084855989003,false,true,52,750,2025-04-21T08:48:55.989003Z,24.8,,6,0,1,da8b1f31-b35d-4329-875c-d1e8c3f39f55,0.0700,8c1f64ddb0000155,5
attachments/,"""0c00b35d-0000-0d00-0000-680607a40000""",LHocAPPPqmVuOSoAAAAAAA==,dbs/LHocAA==/colls/LHocAPPPqmU=/docs/LHocAPPPqmVuOSoAAAAAAA==/,1745225636,24.4,,,false,,56,false,8c1f64ddb0000155-20250421085125989003,false,true,52,750,2025-04-21T08:51:25.989003Z,24.8,,6,0,1,da8b1f31-b35d-4329-875c-d1e8c3f39f55,0.0700,8c1f64ddb0000155,5
attachments/,"""0c00b45d-0000-0d00-0000-680607a40000""",LHocAPPPqmVvOSoAAAAAAA==,dbs/LHocAA==/colls/LHocAPPPqmU=/docs/LHocAPPPqmVvOSoAAAAAAA==/,1745225636,24.4,,,false,26.5,56,false,8c1f64ddb0000155-20250421085355989003,false,true,52,750,2025-04-21T08:53:55.989003Z,24.8,,6,0,1,da8b1f31-b35d-4329-875c-d1e8c3f39f55,0.0700,8c1f64ddb0000155,5
attachments/,"""0c001f5f-0000-0d00-0000-680609fc0000""",LHocAPPPqmX8OSoAAAAAAA==,dbs/LHocAA==/colls/LHocAPPPqmU=/docs/LHocAPPPqmX8OSoAAAAAAA==/,1745226236,24.4,2.97,1,false,,56,false,8c1f64ddb0000155-20250421090125655332,false,true,112,750,2025-04-21T09:01:25.655332Z,24.9,0,6,0,1,da8b1f31-b35d-4329-875c-d1e8c3f39f55,0.0700,8c1f64ddb0000155,11
attachments/,"""0c00205f-0000-0d00-0000-680609fc0000""",LHocAPPPqmX9OSoAAAAAAA==,dbs/LHocAA==/colls/LHocAPPPqmU=/docs/LHocAPPPqmX9OSoAAAAAAA==/,1745226236,24.4,2.97,1,false,,56,false,8c1f64ddb0000155-20250421085625655332,false,true,112,750,2025-04-21T08:56:25.655332Z,24.8,0,6,0,1,da8b1f31-b35d-4329-875c-d1e8c3f39f55,0.0700,8c1f64ddb0000155,11
attachments/,"""0c00215f-0000-0d00-0000-680609fc0000""",LHocAPPPqmX+OSoAAAAAAA==,dbs/LHocAA==/colls/LHocAPPPqmU=/docs/LHocAPPPqmX+OSoAAAAAAA==/,1745226236,24.4,2.97,1,false,26.6,56,false,8c1f64ddb0000155-20250421090355655332,false,true,112,750,2025-04-21T09:03:55.655332Z,24.9,0,6,0,1,da8b1f31-b35d-4329-875c-d1e8c3f39f55,0.0700,8c1f64ddb0000155,11
attachments/,"""0c00225f-0000-0d00-0000-680609fc0000""",LHocAPPPqmX-OSoAAAAAAA==,dbs/LHocAA==/colls/LHocAPPPqmU=/docs/LHocAPPPqmX-OSoAAAAAAA==/,1745226236,24.4,2.97,1,false,,56,false,8c1f64ddb0000155-20250421085855655332,false,true,112,750,2025-04-21T08:58:55.655332Z,24.8,0,6,0,1,da8b1f31-b35d-4329-875c-d1e8c3f39f55,0.0700,8c1f64ddb0000155,11
attachments/,"""0c00255f-0000-0d00-0000-68060a0c0000""",LHocAPPPqmUAOioAAAAAAA==,dbs/LHocAA==/colls/LHocAPPPqmU=/docs/LHocAPPPqmUAOioAAAAAAA==/,1745226252,,,,false,,,false,8c1f64ddb0000155-20250421090411272736,false,true,112,,2025-04-21T09:04:11.272736Z,,,6,0,1,da8b1f31-b35d-4329-875c-d1e8c3f39f55,,8c1f64ddb0000155,11
attachments/,"""0c00d562-0000-0d00-0000-68060c540000""",LHocAPPPqmWPOioAAAAAAA==,dbs/LHocAA==/colls/LHocAPPPqmU=/docs/LHocAPPPqmWPOioAAAAAAA==/,1745226836,24.4,,,false,,56,false,8c1f64ddb0000155-20250421090625896361,false,true,112,750,2025-04-21T09:06:25.896361Z,24.9,,6,0,1,da8b1f31-b35d-4329-875c-d1e8c3f39f55,0.0700,8c1f64ddb0000155,11
attachments/,"""0c00d662-0000-0d00-0000-68060c540000""",LHocAPPPqmWQOioAAAAAAA==,dbs/LHocAA==/colls/LHocAPPPqmU=/docs/LHocAPPPqmWQOioAAAAAAA==/,1745226836,24.3,,,false,,56,false,8c1f64ddb0000155-20250421091125896361,false,true,112,750,2025-04-21T09:11:25.896361Z,25,,6,0,1,da8b1f31-b35d-4329-875c-d1e8c3f39f55,0.0700,8c1f64ddb0000155,11
attachments/,"""0c00d762-0000-0d00-0000-68060c540000""",LHocAPPPqmWROioAAAAAAA==,dbs/LHocAA==/colls/LHocAPPPqmU=/docs/LHocAPPPqmWROioAAAAAAA==/,1745226836,24.4,,,false,,56,false,8c1f64ddb0000155-20250421090855896361,false,true,112,750,2025-04-21T09:08:55.896361Z,24.9,,6,0,1,da8b1f31-b35d-4329-875c-d1e8c3f39f55,0.0700,8c1f64ddb0000155,11
attachments/,"""0c00d862-0000-0d00-0000-68060c540000""",LHocAPPPqmWSOioAAAAAAA==,dbs/LHocAA==/colls/LHocAPPPqmU=/docs/LHocAPPPqmWSOioAAAAAAA==/,1745226836,24.3,,,false,26.6,56,false,8c1f64ddb0000155-20250421091355896361,false,true,112,750,2025-04-21T09:13:55.896361Z,25,,6,0,1,da8b1f31-b35d-4329-875c-d1e8c3f39f55,0.0700,8c1f64ddb0000155,11
attachments/,"""0c002b68-0000-0d00-0000-680611040000""",LHocAPPPqmWnOyoAAAAAAA==,dbs/LHocAA==/colls/LHocAPPPqmU=/docs/LHocAPPPqmWnOyoAAAAAAA==/,1745228036,24.3,2.97,0,false,,53,false,8c1f64ddb0000155-20250421092626283956,false,true,172,750,2025-04-21T09:26:26.283956Z,26.2,0,6,0,1,da8b1f31-b35d-4329-875c-d1e8c3f39f55,0.460,8c1f64ddb0000155,17
attachments/,"""0c002c68-0000-0d00-0000-680611040000""",LHocAPPPqmWoOyoAAAAAAA==,dbs/LHocAA==/colls/LHocAPPPqmU=/docs/LHocAPPPqmWoOyoAAAAAAA==/,1745228036,24.5,2.97,0,false,37,48,false,8c1f64ddb0000155-20250421093356283956,false,true,172,750,2025-04-21T09:33:56.283956Z,28.1,0,6,0,1,da8b1f31-b35d-4329-875c-d1e8c3f39f55,0.410,8c1f64ddb0000155,17
attachments/,"""0c002d68-0000-0d00-0000-680611040000""",LHocAPPPqmWpOyoAAAAAAA==,dbs/LHocAA==/colls/LHocAPPPqmU=/docs/LHocAPPPqmWpOyoAAAAAAA==/,1745228036,24.4,2.97,0,false,,51,false,8c1f64ddb0000155-20250421092856283956,false,true,172,750,2025-04-21T09:28:56.283956Z,26.9,0,6,0,1,da8b1f31-b35d-4329-875c-d1e8c3f39f55,0.440,8c1f64ddb0000155,17
attachments/,"""0c002e68-0000-0d00-0000-680611040000""",LHocAPPPqmWqOyoAAAAAAA==,dbs/LHocAA==/colls/LHocAPPPqmU=/docs/LHocAPPPqmWqOyoAAAAAAA==/,1745228036,24.4,2.97,0,false,,49,false,8c1f64ddb0000155-20250421093126283956,false,true,172,750,2025-04-21T09:31:26.283956Z,27.5,0,6,0,1,da8b1f31-b35d-4329-875c-d1e8c3f39f55,0.430,8c1f64ddb0000155,17
attachments/,"""0c00b069-0000-0d00-0000-6806135c0000""",LHocAPPPqmU3PCoAAAAAAA==,dbs/LHocAA==/colls/LHocAPPPqmU=/docs/LHocAPPPqmU3PCoAAAAAAA==/,1745228636,24.6,,,false,,46,false,8c1f64ddb0000155-20250421093856352116,false,true,172,750,2025-04-21T09:38:56.352116Z,29.1,,6,0,1,da8b1f31-b35d-4329-875c-d1e8c3f39f55,0.400,8c1f64ddb0000155,17
attachments/,"""0c00b169-0000-0d00-0000-6806135d0000""",LHocAPPPqmU4PCoAAAAAAA==,dbs/LHocAA==/colls/LHocAPPPqmU=/docs/LHocAPPPqmU4PCoAAAAAAA==/,1745228637,24.5,,,false,,47,false,8c1f64ddb0000155-20250421093626352116,false,true,172,750,2025-04-21T09:36:26.352116Z,28.6,,6,0,1,da8b1f31-b35d-4329-875c-d1e8c3f39f55,0.400,8c1f64ddb0000155,17
attachments/,"""0c00b269-0000-0d00-0000-6806135d0000""",LHocAPPPqmU5PCoAAAAAAA==,dbs/LHocAA==/colls/LHocAPPPqmU=/docs/LHocAPPPqmU5PCoAAAAAAA==/,1745228637,24.7,,,false,,45,false,8c1f64ddb0000155-20250421094126352116,false,true,172,750,2025-04-21T09:41:26.352116Z,29.4,,6,0,1,da8b1f31-b35d-4329-875c-d1e8c3f39f55,0.390,8c1f64ddb0000155,17
attachments/,"""0c00b369-0000-0d00-0000-6806135d0000""",LHocAPPPqmU6PCoAAAAAAA==,dbs/LHocAA==/colls/LHocAPPPqmU=/docs/LHocAPPPqmU6PCoAAAAAAA==/,1745228637,24.7,,,false,38.1,44,false,8c1f64ddb0000155-20250421094356352116,false,true,172,750,2025-04-21T09:43:56.352116Z,29.8,,6,0,1,da8b1f31-b35d-4329-875c-d1e8c3f39f55,0.380,8c1f64ddb0000155,17
attachments/,"""0c00046b-0000-0d00-0000-680615b50000""",LHocAPPPqmXIPCoAAAAAAA==,dbs/LHocAA==/colls/LHocAPPPqmU=/docs/LHocAPPPqmXIPCoAAAAAAA==/,1745229237,24.9,,,false,,43,false,8c1f64ddb0000155-20250421094857097762,false,true,120,750,2025-04-21T09:48:57.097762Z,30.3,,6,0,1,da8b1f31-b35d-4329-875c-d1e8c3f39f55,0.370,8c1f64ddb0000155,12
attachments/,"""0c00056b-0000-0d00-0000-680615b50000""",LHocAPPPqmXJPCoAAAAAAA==,dbs/LHocAA==/colls/LHocAPPPqmU=/docs/LHocAPPPqmXJPCoAAAAAAA==/,1745229237,24.8,,,false,,43,false,8c1f64ddb0000155-20250421094627097762,false,true,120,750,2025-04-21T09:46:27.097762Z,30.1,,6,0,1,da8b1f31-b35d-4329-875c-d1e8c3f39f55,0.380,8c1f64ddb0000155,12
attachments/,"""0c00066b-0000-0d00-0000-680615b50000""",LHocAPPPqmXKPCoAAAAAAA==,dbs/LHocAA==/colls/LHocAPPPqmU=/docs/LHocAPPPqmXKPCoAAAAAAA==/,1745229237,25,,,false,,43,false,8c1f64ddb0000155-20250421095127097762,false,true,120,750,2025-04-21T09:51:27.097762Z,30.5,,6,0,1,da8b1f31-b35d-4329-875c-d1e8c3f39f55,0.370,8c1f64ddb0000155,12
attachments/,"""0c00076b-0000-0d00-0000-680615b50000""",LHocAPPPqmXLPCoAAAAAAA==,dbs/LHocAA==/colls/LHocAPPPqmU=/docs/LHocAPPPqmXLPCoAAAAAAA==/,1745229237,25,,,false,37.7,42,false,8c1f64ddb0000155-20250421095357097762,false,true,120,750,2025-04-21T09:53:57.097762Z,30.7,,6,0,1,da8b1f31-b35d-4329-875c-d1e8c3f39f55,0.310,8c1f64ddb0000155,12
attachments/,"""0c00516c-0000-0d00-0000-6806180e0000""",LHocAPPPqmVZPSoAAAAAAA==,dbs/LHocAA==/colls/LHocAPPPqmU=/docs/LHocAPPPqmVZPSoAAAAAAA==/,1745229838,25,2.97,0,false,,42,false,8c1f64ddb0000155-20250421095628212208,false,true,120,750,2025-04-21T09:56:28.212208Z,30.8,0,6,0,1,da8b1f31-b35d-4329-875c-d1e8c3f39f55,0.260,8c1f64ddb0000155,12
attachments/,"""0c00526c-0000-0d00-0000-6806180e0000""",LHocAPPPqmVaPSoAAAAAAA==,dbs/LHocAA==/colls/LHocAPPPqmU=/docs/LHocAPPPqmVaPSoAAAAAAA==/,1745229838,25,2.97,0,false,,42,false,8c1f64ddb0000155-20250421095858212208,false,true,120,750,2025-04-21T09:58:58.212208Z,30.8,0,6,0,1,da8b1f31-b35d-4329-875c-d1e8c3f39f55,0.230,8c1f64ddb0000155,12
attachments/,"""0c00536c-0000-0d00-0000-6806180e0000""",LHocAPPPqmVbPSoAAAAAAA==,dbs/LHocAA==/colls/LHocAPPPqmU=/docs/LHocAPPPqmVbPSoAAAAAAA==/,1745229838,24.9,2.97,0,false,35,42,false,8c1f64ddb0000155-20250421100358212208,false,true,120,750,2025-04-21T10:03:58.212208Z,30.5,0,6,0,1,da8b1f31-b35d-4329-875c-d1e8c3f39f55,0.190,8c1f64ddb0000155,12
attachments/,"""0c00546c-0000-0d00-0000-6806180e0000""",LHocAPPPqmVcPSoAAAAAAA==,dbs/LHocAA==/colls/LHocAPPPqmU=/docs/LHocAPPPqmVcPSoAAAAAAA==/,1745229838,24.9,2.97,0,false,,42,false,8c1f64ddb0000155-20250421100128212208,false,true,120,750,2025-04-21T10:01:28.212208Z,30.6,0,6,0,1,da8b1f31-b35d-4329-875c-d1e8c3f39f55,0.210,8c1f64ddb0000155,12
attachments/,"""0c009b6d-0000-0d00-0000-68061a640000""",LHocAPPPqmXmPSoAAAAAAA==,dbs/LHocAA==/colls/LHocAPPPqmU=/docs/LHocAPPPqmXmPSoAAAAAAA==/,1745230436,24.9,,,false,,43,false,8c1f64ddb0000155-20250421100856277195,false,true,120,750,2025-04-21T10:08:56.277195Z,30,,6,0,1,da8b1f31-b35d-4329-875c-d1e8c3f39f55,0.160,8c1f64ddb0000155,12
attachments/,"""0c009c6d-0000-0d00-0000-68061a640000""",LHocAPPPqmXnPSoAAAAAAA==,dbs/LHocAA==/colls/LHocAPPPqmU=/docs/LHocAPPPqmXnPSoAAAAAAA==/,1745230436,24.9,,,false,,43,false,8c1f64ddb0000155-20250421100626277195,false,true,120,750,2025-04-21T10:06:26.277195Z,30.2,,6,0,1,da8b1f31-b35d-4329-875c-d1e8c3f39f55,0.170,8c1f64ddb0000155,12
attachments/,"""0c009d6d-0000-0d00-0000-68061a640000""",LHocAPPPqmXoPSoAAAAAAA==,dbs/LHocAA==/colls/LHocAPPPqmU=/docs/LHocAPPPqmXoPSoAAAAAAA==/,1745230436,24.8,,,false,33,44,false,8c1f64ddb0000155-20250421101356277195,false,true,120,750,2025-04-21T10:13:56.277195Z,29.6,,6,0,1,da8b1f31-b35d-4329-875c-d1e8c3f39f55,0.140,8c1f64ddb0000155,12
attachments/,"""0c009e6d-0000-0d00-0000-68061a640000""",LHocAPPPqmXpPSoAAAAAAA==,dbs/LHocAA==/colls/LHocAPPPqmU=/docs/LHocAPPPqmXpPSoAAAAAAA==/,1745230436,24.9,,,false,,44,false,8c1f64ddb0000155-20250421101126277195,false,true,120,750,2025-04-21T10:11:26.277195Z,29.8,,6,0,1,da8b1f31-b35d-4329-875c-d1e8c3f39f55,0.150,8c1f64ddb0000155,12
attachments/,"""0c00cd6e-0000-0d00-0000-68061cbd0000""",LHocAPPPqmVyPioAAAAAAA==,dbs/LHocAA==/colls/LHocAPPPqmU=/docs/LHocAPPPqmVyPioAAAAAAA==/,1745231037,24.8,,,false,,45,false,8c1f64ddb0000155-20250421101857121354,false,true,88,750,2025-04-21T10:18:57.121354Z,29.1,,6,0,1,da8b1f31-b35d-4329-875c-d1e8c3f39f55,0.130,8c1f64ddb0000155,9
attachments/,"""0c00ce6e-0000-0d00-0000-68061cbd0000""",LHocAPPPqmVzPioAAAAAAA==,dbs/LHocAA==/colls/LHocAPPPqmU=/docs/LHocAPPPqmVzPioAAAAAAA==/,1745231037,24.8,,,false,,46,false,8c1f64ddb0000155-20250421102127121354,false,true,88,750,2025-04-21T10:21:27.121354Z,29,,6,0,1,da8b1f31-b35d-4329-875c-d1e8c3f39f55,0.120,8c1f64ddb0000155,9
attachments/,"""0c00cf6e-0000-0d00-0000-68061cbd0000""",LHocAPPPqmV0PioAAAAAAA==,dbs/LHocAA==/colls/LHocAPPPqmU=/docs/LHocAPPPqmV0PioAAAAAAA==/,1745231037,24.8,,,false,,45,false,8c1f64ddb0000155-20250421101627121354,false,true,88,750,2025-04-21T10:16:27.121354Z,29.4,,6,0,1,da8b1f31-b35d-4329-875c-d1e8c3f39f55,0.140,8c1f64ddb0000155,9
attachments/,"""0c00d26e-0000-0d00-0000-68061cbd0000""",LHocAPPPqmV1PioAAAAAAA==,dbs/LHocAA==/colls/LHocAPPPqmU=/docs/LHocAPPPqmV1PioAAAAAAA==/,1745231037,24.7,,,false,31.4,46,false,8c1f64ddb0000155-20250421102357121354,false,true,88,750,2025-04-21T10:23:57.121354Z,28.8,,6,0,1,da8b1f31-b35d-4329-875c-d1e8c3f39f55,0.110,8c1f64ddb0000155,9
attachments/,"""0c001a70-0000-0d00-0000-68061f140000""",LHocAPPPqmUCPyoAAAAAAA==,dbs/LHocAA==/colls/LHocAPPPqmU=/docs/LHocAPPPqmUCPyoAAAAAAA==/,1745231636,24.7,2.97,0,false,,47,false,8c1f64ddb0000155-20250421102855712737,false,true,88,750,2025-04-21T10:28:55.712737Z,28.5,0,6,0,1,da8b1f31-b35d-4329-875c-d1e8c3f39f55,0.100,8c1f64ddb0000155,9
attachments/,"""0c001b70-0000-0d00-0000-68061f140000""",LHocAPPPqmUDPyoAAAAAAA==,dbs/LHocAA==/colls/LHocAPPPqmU=/docs/LHocAPPPqmUDPyoAAAAAAA==/,1745231636,24.7,2.97,0,false,,46,false,8c1f64ddb0000155-20250421102625712737,false,true,88,750,2025-04-21T10:26:25.712737Z,28.7,0,6,0,1,da8b1f31-b35d-4329-875c-d1e8c3f39f55,0.110,8c1f64ddb0000155,9
attachments/,"""0c001c70-0000-0d00-0000-68061f140000""",LHocAPPPqmUEPyoAAAAAAA==,dbs/LHocAA==/colls/LHocAPPPqmU=/docs/LHocAPPPqmUEPyoAAAAAAA==/,1745231636,24.7,2.97,0,false,30.3,48,false,8c1f64ddb0000155-20250421103355712737,false,true,88,750,2025-04-21T10:33:55.712737Z,28.2,0,6,0,1,da8b1f31-b35d-4329-875c-d1e8c3f39f55,0.0900,8c1f64ddb0000155,9
attachments/,"""0c001d70-0000-0d00-0000-68061f140000""",LHocAPPPqmUFPyoAAAAAAA==,dbs/LHocAA==/colls/LHocAPPPqmU=/docs/LHocAPPPqmUFPyoAAAAAAA==/,1745231636,24.7,2.97,0,false,,47,false,8c1f64ddb0000155-20250421103125712737,false,true,88,750,2025-04-21T10:31:25.712737Z,28.3,0,6,0,1,da8b1f31-b35d-4329-875c-d1e8c3f39f55,0.100,8c1f64ddb0000155,9
attachments/,"""0c007e71-0000-0d00-0000-6806216e0000""",LHocAPPPqmWOPyoAAAAAAA==,dbs/LHocAA==/colls/LHocAPPPqmU=/docs/LHocAPPPqmWOPyoAAAAAAA==/,1745232238,24.8,,,false,29.4,49,false,8c1f64ddb0000155-20250421104358253565,false,true,88,750,2025-04-21T10:43:58.253565Z,27.5,,6,0,1,da8b1f31-b35d-4329-875c-d1e8c3f39f55,0.0800,8c1f64ddb0000155,9
attachments/,"""0c007f71-0000-0d00-0000-6806216e0000""",LHocAPPPqmWPPyoAAAAAAA==,dbs/LHocAA==/colls/LHocAPPPqmU=/docs/LHocAPPPqmWPPyoAAAAAAA==/,1745232238,24.7,,,false,,48,false,8c1f64ddb0000155-20250421103628253565,false,true,88,750,2025-04-21T10:36:28.253565Z,28,,6,0,1,da8b1f31-b35d-4329-875c-d1e8c3f39f55,0.0900,8c1f64ddb0000155,9
attachments/,"""0c008071-0000-0d00-0000-6806216e0000""",LHocAPPPqmWQPyoAAAAAAA==,dbs/LHocAA==/colls/LHocAPPPqmU=/docs/LHocAPPPqmWQPyoAAAAAAA==/,1745232238,24.7,,,false,,48,false,8c1f64ddb0000155-20250421103858253565,false,true,88,750,2025-04-21T10:38:58.253565Z,27.8,,6,0,1,da8b1f31-b35d-4329-875c-d1e8c3f39f55,0.0900,8c1f64ddb0000155,9
attachments/,"""0c008171-0000-0d00-0000-6806216e0000""",LHocAPPPqmWRPyoAAAAAAA==,dbs/LHocAA==/colls/LHocAPPPqmU=/docs/LHocAPPPqmWRPyoAAAAAAA==/,1745232238,24.7,,,false,,49,false,8c1f64ddb0000155-20250421104128253565,false,true,88,750,2025-04-21T10:41:28.253565Z,27.7,,6,0,1,da8b1f31-b35d-4329-875c-d1e8c3f39f55,0.0800,8c1f64ddb0000155,9
attachments/,"""0c000873-0000-0d00-0000-680623c60000""",LHocAPPPqmUeQCoAAAAAAA==,dbs/LHocAA==/colls/LHocAPPPqmU=/docs/LHocAPPPqmUeQCoAAAAAAA==/,1745232838,24.8,,,false,,50,false,8c1f64ddb0000155-20250421104628207579,false,true,88,750,2025-04-21T10:46:28.207579Z,27.4,,6,0,1,da8b1f31-b35d-4329-875c-d1e8c3f39f55,0.0800,8c1f64ddb0000155,9
attachments/,"""0c000973-0000-0d00-0000-680623c60000""",LHocAPPPqmUfQCoAAAAAAA==,dbs/LHocAA==/colls/LHocAPPPqmU=/docs/LHocAPPPqmUfQCoAAAAAAA==/,1745232838,24.8,,,false,,50,false,8c1f64ddb0000155-20250421104858207579,false,true,88,750,2025-04-21T10:48:58.207579Z,27.3,,6,0,1,da8b1f31-b35d-4329-875c-d1e8c3f39f55,0.0800,8c1f64ddb0000155,9
attachments/,"""0c000a73-0000-0d00-0000-680623c60000""",LHocAPPPqmUgQCoAAAAAAA==,dbs/LHocAA==/colls/LHocAPPPqmU=/docs/LHocAPPPqmUgQCoAAAAAAA==/,1745232838,24.8,,,false,28.7,51,false,8c1f64ddb0000155-20250421105358207579,false,true,88,750,2025-04-21T10:53:58.207579Z,27,,6,0,1,da8b1f31-b35d-4329-875c-d1e8c3f39f55,0.0700,8c1f64ddb0000155,9
attachments/,"""0c000b73-0000-0d00-0000-680623c60000""",LHocAPPPqmUhQCoAAAAAAA==,dbs/LHocAA==/colls/LHocAPPPqmU=/docs/LHocAPPPqmUhQCoAAAAAAA==/,1745232838,24.8,,,false,,50,false,8c1f64ddb0000155-20250421105128207579,false,true,88,750,2025-04-21T10:51:28.207579Z,27.1,,6,0,1,da8b1f31-b35d-4329-875c-d1e8c3f39f55,0.0800,8c1f64ddb0000155,9
attachments/,"""0c007d74-0000-0d00-0000-6806261e0000""",LHocAPPPqmWtQCoAAAAAAA==,dbs/LHocAA==/colls/LHocAPPPqmU=/docs/LHocAPPPqmWtQCoAAAAAAA==/,1745233438,24.8,2.97,0,false,28.1,52,false,8c1f64ddb0000155-20250421110357976916,false,true,124,750,2025-04-21T11:03:57.976916Z,26.5,0,6,0,1,da8b1f31-b35d-4329-875c-d1e8c3f39f55,0.0700,8c1f64ddb0000155,12
attachments/,"""0c007e74-0000-0d00-0000-6806261e0000""",LHocAPPPqmWuQCoAAAAAAA==,dbs/LHocAA==/colls/LHocAPPPqmU=/docs/LHocAPPPqmWuQCoAAAAAAA==/,1745233438,24.8,2.97,0,false,,51,false,8c1f64ddb0000155-20250421105627976916,false,true,124,750,2025-04-21T10:56:27.976916Z,26.9,0,6,0,1,da8b1f31-b35d-4329-875c-d1e8c3f39f55,0.0700,8c1f64ddb0000155,12
attachments/,"""0c007f74-0000-0d00-0000-6806261e0000""",LHocAPPPqmWvQCoAAAAAAA==,dbs/LHocAA==/colls/LHocAPPPqmU=/docs/LHocAPPPqmWvQCoAAAAAAA==/,1745233438,24.8,2.97,0,false,,51,false,8c1f64ddb0000155-20250421105857976916,false,true,124,750,2025-04-21T10:58:57.976916Z,26.7,0,6,0,1,da8b1f31-b35d-4329-875c-d1e8c3f39f55,0.0700,8c1f64ddb0000155,12
attachments/,"""0c008074-0000-0d00-0000-6806261e0000""",LHocAPPPqmWwQCoAAAAAAA==,dbs/LHocAA==/colls/LHocAPPPqmU=/docs/LHocAPPPqmWwQCoAAAAAAA==/,1745233438,24.8,2.97,0,false,,52,false,8c1f64ddb0000155-20250421110127976916,false,true,124,750,2025-04-21T11:01:27.976916Z,26.6,0,6,0,1,da8b1f31-b35d-4329-875c-d1e8c3f39f55,0.0700,8c1f64ddb0000155,12
attachments/,"""0c00f975-0000-0d00-0000-680628750000""",LHocAPPPqmU5QSoAAAAAAA==,dbs/LHocAA==/colls/LHocAPPPqmU=/docs/LHocAPPPqmU5QSoAAAAAAA==/,1745234037,24.8,,,false,27.6,53,false,8c1f64ddb0000155-20250421111357124709,false,true,124,750,2025-04-21T11:13:57.124709Z,26.1,,6,0,1,da8b1f31-b35d-4329-875c-d1e8c3f39f55,0.0600,8c1f64ddb0000155,12
attachments/,"""0c00fa75-0000-0d00-0000-680628750000""",LHocAPPPqmU6QSoAAAAAAA==,dbs/LHocAA==/colls/LHocAPPPqmU=/docs/LHocAPPPqmU6QSoAAAAAAA==/,1745234037,24.8,,,false,,52,false,8c1f64ddb0000155-20250421110627124709,false,true,124,750,2025-04-21T11:06:27.124709Z,26.4,,6,0,1,da8b1f31-b35d-4329-875c-d1e8c3f39f55,0.0600,8c1f64ddb0000155,12
attachments/,"""0c00fb75-0000-0d00-0000-680628750000""",LHocAPPPqmU7QSoAAAAAAA==,dbs/LHocAA==/colls/LHocAPPPqmU=/docs/LHocAPPPqmU7QSoAAAAAAA==/,1745234037,24.8,,,false,,53,false,8c1f64ddb0000155-20250421110857124709,false,true,124,750,2025-04-21T11:08:57.124709Z,26.3,,6,0,1,da8b1f31-b35d-4329-875c-d1e8c3f39f55,0.0600,8c1f64ddb0000155,12
attachments/,"""0c00fc75-0000-0d00-0000-680628750000""",LHocAPPPqmU8QSoAAAAAAA==,dbs/LHocAA==/colls/LHocAPPPqmU=/docs/LHocAPPPqmU8QSoAAAAAAA==/,1745234037,24.8,,,false,,53,false,8c1f64ddb0000155-20250421111127124709,false,true,124,750,2025-04-21T11:11:27.124709Z,26.2,,6,0,1,da8b1f31-b35d-4329-875c-d1e8c3f39f55,0.0600,8c1f64ddb0000155,12
attachments/,"""0c004e77-0000-0d00-0000-68062ace0000""",LHocAPPPqmXFQSoAAAAAAA==,dbs/LHocAA==/colls/LHocAPPPqmU=/docs/LHocAPPPqmXFQSoAAAAAAA==/,1745234638,24.8,,,false,,54,false,8c1f64ddb0000155-20250421111627991811,false,true,184,750,2025-04-21T11:16:27.991811Z,26,,6,0,1,da8b1f31-b35d-4329-875c-d1e8c3f39f55,0.0600,8c1f64ddb0000155,18
attachments/,"""0c004f77-0000-0d00-0000-68062ace0000""",LHocAPPPqmXGQSoAAAAAAA==,dbs/LHocAA==/colls/LHocAPPPqmU=/docs/LHocAPPPqmXGQSoAAAAAAA==/,1745234638,24.8,,,false,,54,false,8c1f64ddb0000155-20250421111857991811,false,true,184,750,2025-04-21T11:18:57.991811Z,25.9,,6,0,1,da8b1f31-b35d-4329-875c-d1e8c3f39f55,0.0600,8c1f64ddb0000155,18
attachments/,"""0c005077-0000-0d00-0000-68062ace0000""",LHocAPPPqmXHQSoAAAAAAA==,dbs/LHocAA==/colls/LHocAPPPqmU=/docs/LHocAPPPqmXHQSoAAAAAAA==/,1745234638,24.8,,,false,,54,false,8c1f64ddb0000155-20250421112127991811,false,true,184,750,2025-04-21T11:21:27.991811Z,25.9,,6,0,1,da8b1f31-b35d-4329-875c-d1e8c3f39f55,0.0600,8c1f64ddb0000155,18
attachments/,"""0c005177-0000-0d00-0000-68062ace0000""",LHocAPPPqmXIQSoAAAAAAA==,dbs/LHocAA==/colls/LHocAPPPqmU=/docs/LHocAPPPqmXIQSoAAAAAAA==/,1745234638,24.8,,,false,27.2,54,false,8c1f64ddb0000155-20250421112357991811,false,true,184,750,2025-04-21T11:23:57.991811Z,25.8,,6,0,1,da8b1f31-b35d-4329-875c-d1e8c3f39f55,0.0600,8c1f64ddb0000155,18
attachments/,"""0c00c878-0000-0d00-0000-68062d240000""",LHocAPPPqmVVQioAAAAAAA==,dbs/LHocAA==/colls/LHocAPPPqmU=/docs/LHocAPPPqmVVQioAAAAAAA==/,1745235236,24.8,2.97,0,false,,54,false,8c1f64ddb0000155-20250421112626411215,false,true,244,750,2025-04-21T11:26:26.411215Z,25.7,0,6,0,1,da8b1f31-b35d-4329-875c-d1e8c3f39f55,0.0600,8c1f64ddb0000155,24
attachments/,"""0c00c978-0000-0d00-0000-68062d240000""",LHocAPPPqmVWQioAAAAAAA==,dbs/LHocAA==/colls/LHocAPPPqmU=/docs/LHocAPPPqmVWQioAAAAAAA==/,1745235236,24.8,2.97,0,false,,55,false,8c1f64ddb0000155-20250421112856411215,false,true,244,750,2025-04-21T11:28:56.411215Z,25.7,0,6,0,1,da8b1f31-b35d-4329-875c-d1e8c3f39f55,0.0600,8c1f64ddb0000155,24
attachments/,"""0c00ca78-0000-0d00-0000-68062d250000""",LHocAPPPqmVXQioAAAAAAA==,dbs/LHocAA==/colls/LHocAPPPqmU=/docs/LHocAPPPqmVXQioAAAAAAA==/,1745235237,24.8,2.97,0,false,,55,false,8c1f64ddb0000155-20250421113126411215,false,true,244,750,2025-04-21T11:31:26.411215Z,25.6,0,6,0,1,da8b1f31-b35d-4329-875c-d1e8c3f39f55,0.0600,8c1f64ddb0000155,24
attachments/,"""0c00cb78-0000-0d00-0000-68062d250000""",LHocAPPPqmVYQioAAAAAAA==,dbs/LHocAA==/colls/LHocAPPPqmU=/docs/LHocAPPPqmVYQioAAAAAAA==/,1745235237,24.8,2.97,0,false,26.9,55,false,8c1f64ddb0000155-20250421113356411215,false,true,244,750,2025-04-21T11:33:56.411215Z,25.5,0,6,0,1,da8b1f31-b35d-4329-875c-d1e8c3f39f55,0.0600,8c1f64ddb0000155,24
attachments/,"""0c00237a-0000-0d00-0000-68062f7c0000""",LHocAPPPqmXpQioAAAAAAA==,dbs/LHocAA==/colls/LHocAPPPqmU=/docs/LHocAPPPqmXpQioAAAAAAA==/,1745235836,24.8,,,false,,56,false,8c1f64ddb0000155-20250421113855640962,false,true,244,750,2025-04-21T11:38:55.640962Z,25.5,,6,0,1,da8b1f31-b35d-4329-875c-d1e8c3f39f55,0.0600,8c1f64ddb0000155,24
attachments/,"""0c00247a-0000-0d00-0000-68062f7c0000""",LHocAPPPqmXqQioAAAAAAA==,dbs/LHocAA==/colls/LHocAPPPqmU=/docs/LHocAPPPqmXqQioAAAAAAA==/,1745235836,24.8,,,false,,55,false,8c1f64ddb0000155-20250421113625640962,false,true,244,750,2025-04-21T11:36:25.640962Z,25.5,,6,0,1,da8b1f31-b35d-4329-875c-d1e8c3f39f55,0.0600,8c1f64ddb0000155,24
attachments/,"""0c00257a-0000-0d00-0000-68062f7c0000""",LHocAPPPqmXrQioAAAAAAA==,dbs/LHocAA==/colls/LHocAPPPqmU=/docs/LHocAPPPqmXrQioAAAAAAA==/,1745235836,24.8,,,false,26.8,56,false,8c1f64ddb0000155-20250421114355640962,false,true,244,750,2025-04-21T11:43:55.640962Z,25.4,,6,0,1,da8b1f31-b35d-4329-875c-d1e8c3f39f55,0.0600,8c1f64ddb0000155,24
attachments/,"""0c00267a-0000-0d00-0000-68062f7c0000""",LHocAPPPqmXsQioAAAAAAA==,dbs/LHocAA==/colls/LHocAPPPqmU=/docs/LHocAPPPqmXsQioAAAAAAA==/,1745235836,24.8,,,false,,56,false,8c1f64ddb0000155-20250421114125640962,false,true,244,750,2025-04-21T11:41:25.640962Z,25.4,,6,0,1,da8b1f31-b35d-4329-875c-d1e8c3f39f55,0.0600,8c1f64ddb0000155,24
attachments/,"""0c007b7b-0000-0d00-0000-680631d40000""",LHocAPPPqmV5QyoAAAAAAA==,dbs/LHocAA==/colls/LHocAPPPqmU=/docs/LHocAPPPqmV5QyoAAAAAAA==/,1745236436,24.7,,,false,,56,false,8c1f64ddb0000155-20250421115126034091,false,true,304,750,2025-04-21T11:51:26.034091Z,25.3,,6,0,1,da8b1f31-b35d-4329-875c-d1e8c3f39f55,0.0700,8c1f64ddb0000155,30
attachments/,"""0c007c7b-0000-0d00-0000-680631d40000""",LHocAPPPqmV6QyoAAAAAAA==,dbs/LHocAA==/colls/LHocAPPPqmU=/docs/LHocAPPPqmV6QyoAAAAAAA==/,1745236436,24.7,,,false,,56,false,8c1f64ddb0000155-20250421114626034091,false,true,304,750,2025-04-21T11:46:26.034091Z,25.3,,6,0,1,da8b1f31-b35d-4329-875c-d1e8c3f39f55,0.0600,8c1f64ddb0000155,30
attachments/,"""0c007d7b-0000-0d00-0000-680631d40000""",LHocAPPPqmV7QyoAAAAAAA==,dbs/LHocAA==/colls/LHocAPPPqmU=/docs/LHocAPPPqmV7QyoAAAAAAA==/,1745236436,24.7,,,false,27,56,false,8c1f64ddb0000155-20250421115356034091,false,true,304,750,2025-04-21T11:53:56.034091Z,25.3,,6,0,1,da8b1f31-b35d-4329-875c-d1e8c3f39f55,0.0700,8c1f64ddb0000155,30
attachments/,"""0c007e7b-0000-0d00-0000-680631d40000""",LHocAPPPqmV8QyoAAAAAAA==,dbs/LHocAA==/colls/LHocAPPPqmU=/docs/LHocAPPPqmV8QyoAAAAAAA==/,1745236436,24.7,,,false,,56,false,8c1f64ddb0000155-20250421114856034091,false,true,304,750,2025-04-21T11:48:56.034091Z,25.3,,6,0,1,da8b1f31-b35d-4329-875c-d1e8c3f39f55,0.0600,8c1f64ddb0000155,30
attachments/,"""0c00f47c-0000-0d00-0000-6806342e0000""",LHocAPPPqmUKRCoAAAAAAA==,dbs/LHocAA==/colls/LHocAPPPqmU=/docs/LHocAPPPqmUKRCoAAAAAAA==/,1745237038,24.7,2.97,0,false,,56,false,8c1f64ddb0000155-20250421115627901369,false,true,364,750,2025-04-21T11:56:27.901369Z,25.3,0,6,0,1,da8b1f31-b35d-4329-875c-d1e8c3f39f55,0.0800,8c1f64ddb0000155,36
attachments/,"""0c00f57c-0000-0d00-0000-6806342e0000""",LHocAPPPqmULRCoAAAAAAA==,dbs/LHocAA==/colls/LHocAPPPqmU=/docs/LHocAPPPqmULRCoAAAAAAA==/,1745237038,24.7,2.97,0,false,,56,false,8c1f64ddb0000155-20250421115857901369,false,true,364,750,2025-04-21T11:58:57.901369Z,25.3,0,6,0,1,da8b1f31-b35d-4329-875c-d1e8c3f39f55,0.0800,8c1f64ddb0000155,36
attachments/,"""0c00f67c-0000-0d00-0000-6806342e0000""",LHocAPPPqmUMRCoAAAAAAA==,dbs/LHocAA==/colls/LHocAPPPqmU=/docs/LHocAPPPqmUMRCoAAAAAAA==/,1745237038,24.7,2.97,0,false,,56,false,8c1f64ddb0000155-20250421120127901369,false,true,364,750,2025-04-21T12:01:27.901369Z,25.3,0,6,0,1,da8b1f31-b35d-4329-875c-d1e8c3f39f55,0.0900,8c1f64ddb0000155,36
attachments/,"""0c00f77c-0000-0d00-0000-6806342e0000""",LHocAPPPqmUNRCoAAAAAAA==,dbs/LHocAA==/colls/LHocAPPPqmU=/docs/LHocAPPPqmUNRCoAAAAAAA==/,1745237038,24.7,2.97,0,false,27.4,56,false,8c1f64ddb0000155-20250421120357901369,false,true,364,750,2025-04-21T12:03:57.901369Z,25.3,0,6,0,1,da8b1f31-b35d-4329-875c-d1e8c3f39f55,0.0900,8c1f64ddb0000155,36
attachments/,"""0c004d7e-0000-0d00-0000-680636840000""",LHocAPPPqmWaRCoAAAAAAA==,dbs/LHocAA==/colls/LHocAPPPqmU=/docs/LHocAPPPqmWaRCoAAAAAAA==/,1745237636,24.7,,,false,28,56,false,8c1f64ddb0000155-20250421121356335192,false,true,364,750,2025-04-21T12:13:56.335192Z,25.5,,6,0,1,da8b1f31-b35d-4329-875c-d1e8c3f39f55,0.110,8c1f64ddb0000155,36
attachments/,"""0c004e7e-0000-0d00-0000-680636840000""",LHocAPPPqmWbRCoAAAAAAA==,dbs/LHocAA==/colls/LHocAPPPqmU=/docs/LHocAPPPqmWbRCoAAAAAAA==/,1745237636,24.7,,,false,,56,false,8c1f64ddb0000155-20250421120626335192,false,true,364,750,2025-04-21T12:06:26.335192Z,25.4,,6,0,1,da8b1f31-b35d-4329-875c-d1e8c3f39f55,0.0900,8c1f64ddb0000155,36
attachments/,"""0c00507e-0000-0d00-0000-680636840000""",LHocAPPPqmWcRCoAAAAAAA==,dbs/LHocAA==/colls/LHocAPPPqmU=/docs/LHocAPPPqmWcRCoAAAAAAA==/,1745237636,24.7,,,false,,56,false,8c1f64ddb0000155-20250421120856335192,false,true,364,750,2025-04-21T12:08:56.335192Z,25.4,,6,0,1,da8b1f31-b35d-4329-875c-d1e8c3f39f55,0.100,8c1f64ddb0000155,36
attachments/,"""0c00517e-0000-0d00-0000-680636850000""",LHocAPPPqmWdRCoAAAAAAA==,dbs/LHocAA==/colls/LHocAPPPqmU=/docs/LHocAPPPqmWdRCoAAAAAAA==/,1745237637,24.7,,,false,,56,false,8c1f64ddb0000155-20250421121126335192,false,true,364,750,2025-04-21T12:11:26.335192Z,25.5,,6,0,1,da8b1f31-b35d-4329-875c-d1e8c3f39f55,0.110,8c1f64ddb0000155,36
attachments/,"""0c00927f-0000-0d00-0000-680638de0000""",LHocAPPPqmUmRSoAAAAAAA==,dbs/LHocAA==/colls/LHocAPPPqmU=/docs/LHocAPPPqmUmRSoAAAAAAA==/,1745238238,24.7,,,false,,56,false,8c1f64ddb0000155-20250421121857956245,false,true,400,750,2025-04-21T12:18:57.956245Z,25.6,,6,0,1,da8b1f31-b35d-4329-875c-d1e8c3f39f55,0.120,8c1f64ddb0000155,40
attachments/,"""0c00937f-0000-0d00-0000-680638de0000""",LHocAPPPqmUnRSoAAAAAAA==,dbs/LHocAA==/colls/LHocAPPPqmU=/docs/LHocAPPPqmUnRSoAAAAAAA==/,1745238238,24.7,,,false,,56,false,8c1f64ddb0000155-20250421121627956245,false,true,400,750,2025-04-21T12:16:27.956245Z,25.6,,6,0,1,da8b1f31-b35d-4329-875c-d1e8c3f39f55,0.120,8c1f64ddb0000155,40
attachments/,"""0c00947f-0000-0d00-0000-680638de0000""",LHocAPPPqmUoRSoAAAAAAA==,dbs/LHocAA==/colls/LHocAPPPqmU=/docs/LHocAPPPqmUoRSoAAAAAAA==/,1745238238,24.7,,,false,,55,false,8c1f64ddb0000155-20250421122127956245,false,true,400,750,2025-04-21T12:21:27.956245Z,25.7,,6,0,1,da8b1f31-b35d-4329-875c-d1e8c3f39f55,0.120,8c1f64ddb0000155,40
attachments/,"""0c00957f-0000-0d00-0000-680638de0000""",LHocAPPPqmUpRSoAAAAAAA==,dbs/LHocAA==/colls/LHocAPPPqmU=/docs/LHocAPPPqmUpRSoAAAAAAA==/,1745238238,24.7,,,false,28.7,55,false,8c1f64ddb0000155-20250421122357956245,false,true,400,750,2025-04-21T12:23:57.956245Z,25.7,,6,0,1,da8b1f31-b35d-4329-875c-d1e8c3f39f55,0.130,8c1f64ddb0000155,40
attachments/,"""0c00da80-0000-0d00-0000-68063b350000""",LHocAPPPqmW2RSoAAAAAAA==,dbs/LHocAA==/colls/LHocAPPPqmU=/docs/LHocAPPPqmW2RSoAAAAAAA==/,1745238837,24.7,2.96,0,false,29.1,55,false,8c1f64ddb0000155-20250421123356835533,false,true,400,750,2025-04-21T12:33:56.835533Z,26,0,6,0,1,da8b1f31-b35d-4329-875c-d1e8c3f39f55,0.140,8c1f64ddb0000155,40
attachments/,"""0c00dd80-0000-0d00-0000-68063b350000""",LHocAPPPqmW3RSoAAAAAAA==,dbs/LHocAA==/colls/LHocAPPPqmU=/docs/LHocAPPPqmW3RSoAAAAAAA==/,1745238837,24.7,2.96,0,false,,55,false,8c1f64ddb0000155-20250421122626835533,false,true,400,750,2025-04-21T12:26:26.835533Z,25.8,0,6,0,1,da8b1f31-b35d-4329-875c-d1e8c3f39f55,0.130,8c1f64ddb0000155,40
attachments/,"""0c00de80-0000-0d00-0000-68063b350000""",LHocAPPPqmW4RSoAAAAAAA==,dbs/LHocAA==/colls/LHocAPPPqmU=/docs/LHocAPPPqmW4RSoAAAAAAA==/,1745238837,24.7,2.96,0,false,,55,false,8c1f64ddb0000155-20250421122856835533,false,true,400,750,2025-04-21T12:28:56.835533Z,25.9,0,6,0,1,da8b1f31-b35d-4329-875c-d1e8c3f39f55,0.130,8c1f64ddb0000155,40
attachments/,"""0c00df80-0000-0d00-0000-68063b350000""",LHocAPPPqmW5RSoAAAAAAA==,dbs/LHocAA==/colls/LHocAPPPqmU=/docs/LHocAPPPqmW5RSoAAAAAAA==/,1745238837,24.7,2.96,0,false,,55,false,8c1f64ddb0000155-20250421123126835533,false,true,400,750,2025-04-21T12:31:26.835533Z,25.9,0,6,0,1,da8b1f31-b35d-4329-875c-d1e8c3f39f55,0.140,8c1f64ddb0000155,40
attachments/,"""0c003782-0000-0d00-0000-68063d8d0000""",LHocAPPPqmVGRioAAAAAAA==,dbs/LHocAA==/colls/LHocAPPPqmU=/docs/LHocAPPPqmVGRioAAAAAAA==/,1745239437,24.7,,,false,,54,false,8c1f64ddb0000155-20250421124126938371,false,true,400,750,2025-04-21T12:41:26.938371Z,26.2,,6,0,1,da8b1f31-b35d-4329-875c-d1e8c3f39f55,0.140,8c1f64ddb0000155,40
attachments/,"""0c003882-0000-0d00-0000-68063d8d0000""",LHocAPPPqmVHRioAAAAAAA==,dbs/LHocAA==/colls/LHocAPPPqmU=/docs/LHocAPPPqmVHRioAAAAAAA==/,1745239437,24.7,,,false,,55,false,8c1f64ddb0000155-20250421123626938371,false,true,400,750,2025-04-21T12:36:26.938371Z,26,,6,0,1,da8b1f31-b35d-4329-875c-d1e8c3f39f55,0.140,8c1f64ddb0000155,40
attachments/,"""0c003982-0000-0d00-0000-68063d8d0000""",LHocAPPPqmVIRioAAAAAAA==,dbs/LHocAA==/colls/LHocAPPPqmU=/docs/LHocAPPPqmVIRioAAAAAAA==/,1745239437,24.7,,,false,29.5,54,false,8c1f64ddb0000155-20250421124356938371,false,true,400,750,2025-04-21T12:43:56.938371Z,26.2,,6,0,1,da8b1f31-b35d-4329-875c-d1e8c3f39f55,0.140,8c1f64ddb0000155,40
attachments/,"""0c003a82-0000-0d00-0000-68063d8d0000""",LHocAPPPqmVJRioAAAAAAA==,dbs/LHocAA==/colls/LHocAPPPqmU=/docs/LHocAPPPqmVJRioAAAAAAA==/,1745239437,24.7,,,false,,54,false,8c1f64ddb0000155-20250421123856938371,false,true,400,750,2025-04-21T12:38:56.938371Z,26.1,,6,0,1,da8b1f31-b35d-4329-875c-d1e8c3f39f55,0.140,8c1f64ddb0000155,40
attachments/,"""0c008783-0000-0d00-0000-68063fe50000""",LHocAPPPqmXSRioAAAAAAA==,dbs/LHocAA==/colls/LHocAPPPqmU=/docs/LHocAPPPqmXSRioAAAAAAA==/,1745240037,24.7,,,false,,54,false,8c1f64ddb0000155-20250421124857163341,false,true,400,750,2025-04-21T12:48:57.163341Z,26.3,,6,0,1,da8b1f31-b35d-4329-875c-d1e8c3f39f55,0.150,8c1f64ddb0000155,40
attachments/,"""0c008883-0000-0d00-0000-68063fe50000""",LHocAPPPqmXTRioAAAAAAA==,dbs/LHocAA==/colls/LHocAPPPqmU=/docs/LHocAPPPqmXTRioAAAAAAA==/,1745240037,24.7,,,false,,54,false,8c1f64ddb0000155-20250421124627163341,false,true,400,750,2025-04-21T12:46:27.163341Z,26.3,,6,0,1,da8b1f31-b35d-4329-875c-d1e8c3f39f55,0.150,8c1f64ddb0000155,40
attachments/,"""0c008983-0000-0d00-0000-68063fe50000""",LHocAPPPqmXURioAAAAAAA==,dbs/LHocAA==/colls/LHocAPPPqmU=/docs/LHocAPPPqmXURioAAAAAAA==/,1745240037,24.7,,,false,,54,false,8c1f64ddb0000155-20250421125127163341,false,true,400,750,2025-04-21T12:51:27.163341Z,26.3,,6,0,1,da8b1f31-b35d-4329-875c-d1e8c3f39f55,0.140,8c1f64ddb0000155,40
attachments/,"""0c008a83-0000-0d00-0000-68063fe50000""",LHocAPPPqmXVRioAAAAAAA==,dbs/LHocAA==/colls/LHocAPPPqmU=/docs/LHocAPPPqmXVRioAAAAAAA==/,1745240037,24.7,,,false,29.8,53,false,8c1f64ddb0000155-20250421125357163341,false,true,400,750,2025-04-21T12:53:57.163341Z,26.4,,6,0,1,da8b1f31-b35d-4329-875c-d1e8c3f39f55,0.140,8c1f64ddb0000155,40
attachments/,"""0c00e584-0000-0d00-0000-6806423e0000""",LHocAPPPqmViRyoAAAAAAA==,dbs/LHocAA==/colls/LHocAPPPqmU=/docs/LHocAPPPqmViRyoAAAAAAA==/,1745240638,24.7,2.96,0,false,,53,false,8c1f64ddb0000155-20250421130128255596,false,true,400,750,2025-04-21T13:01:28.255596Z,26.5,0,6,0,1,da8b1f31-b35d-4329-875c-d1e8c3f39f55,0.140,8c1f64ddb0000155,40
attachments/,"""0c00e684-0000-0d00-0000-6806423e0000""",LHocAPPPqmVjRyoAAAAAAA==,dbs/LHocAA==/colls/LHocAPPPqmU=/docs/LHocAPPPqmVjRyoAAAAAAA==/,1745240638,24.7,2.96,0,false,,53,false,8c1f64ddb0000155-20250421125628255596,false,true,400,750,2025-04-21T12:56:28.255596Z,26.4,0,6,0,1,da8b1f31-b35d-4329-875c-d1e8c3f39f55,0.140,8c1f64ddb0000155,40
attachments/,"""0c00e784-0000-0d00-0000-6806423e0000""",LHocAPPPqmVkRyoAAAAAAA==,dbs/LHocAA==/colls/LHocAPPPqmU=/docs/LHocAPPPqmVkRyoAAAAAAA==/,1745240638,24.7,2.96,0,false,,53,false,8c1f64ddb0000155-20250421125858255596,false,true,400,750,2025-04-21T12:58:58.255596Z,26.5,0,6,0,1,da8b1f31-b35d-4329-875c-d1e8c3f39f55,0.140,8c1f64ddb0000155,40
attachments/,"""0c00e884-0000-0d00-0000-6806423e0000""",LHocAPPPqmVlRyoAAAAAAA==,dbs/LHocAA==/colls/LHocAPPPqmU=/docs/LHocAPPPqmVlRyoAAAAAAA==/,1745240638,24.6,2.96,0,false,29.8,53,false,8c1f64ddb0000155-20250421130358255596,false,true,400,750,2025-04-21T13:03:58.255596Z,26.5,0,6,0,1,da8b1f31-b35d-4329-875c-d1e8c3f39f55,0.140,8c1f64ddb0000155,40
attachments/,"""0c003b86-0000-0d00-0000-680644940000""",LHocAPPPqmXyRyoAAAAAAA==,dbs/LHocAA==/colls/LHocAPPPqmU=/docs/LHocAPPPqmXyRyoAAAAAAA==/,1745241236,24.6,,,false,,53,false,8c1f64ddb0000155-20250421130626450362,false,true,400,750,2025-04-21T13:06:26.450362Z,26.6,,6,0,1,da8b1f31-b35d-4329-875c-d1e8c3f39f55,0.140,8c1f64ddb0000155,40
attachments/,"""0c003c86-0000-0d00-0000-680644940000""",LHocAPPPqmXzRyoAAAAAAA==,dbs/LHocAA==/colls/LHocAPPPqmU=/docs/LHocAPPPqmXzRyoAAAAAAA==/,1745241236,24.6,,,false,,53,false,8c1f64ddb0000155-20250421130856450362,false,true,400,750,2025-04-21T13:08:56.450362Z,26.6,,6,0,1,da8b1f31-b35d-4329-875c-d1e8c3f39f55,0.140,8c1f64ddb0000155,40
attachments/,"""0c003d86-0000-0d00-0000-680644950000""",LHocAPPPqmX0RyoAAAAAAA==,dbs/LHocAA==/colls/LHocAPPPqmU=/docs/LHocAPPPqmX0RyoAAAAAAA==/,1745241237,24.6,,,false,,53,false,8c1f64ddb0000155-20250421131126450362,false,true,400,750,2025-04-21T13:11:26.450362Z,26.6,,6,0,1,da8b1f31-b35d-4329-875c-d1e8c3f39f55,0.140,8c1f64ddb0000155,40
attachments/,"""0c003e86-0000-0d00-0000-680644950000""",LHocAPPPqmX1RyoAAAAAAA==,dbs/LHocAA==/colls/LHocAPPPqmU=/docs/LHocAPPPqmX1RyoAAAAAAA==/,1745241237,24.6,,,false,29.9,53,false,8c1f64ddb0000155-20250421131356450362,false,true,400,750,2025-04-21T13:13:56.450362Z,26.6,,6,0,1,da8b1f31-b35d-4329-875c-d1e8c3f39f55,0.140,8c1f64ddb0000155,40
attachments/,"""0c00aa87-0000-0d00-0000-680646ec0000""",LHocAPPPqmWCSCoAAAAAAA==,dbs/LHocAA==/colls/LHocAPPPqmU=/docs/LHocAPPPqmWCSCoAAAAAAA==/,1745241836,24.6,,,false,,53,false,8c1f64ddb0000155-20250421131626042281,false,true,400,750,2025-04-21T13:16:26.042281Z,26.6,,6,0,1,da8b1f31-b35d-4329-875c-d1e8c3f39f55,0.140,8c1f64ddb0000155,40
attachments/,"""0c00ab87-0000-0d00-0000-680646ec0000""",LHocAPPPqmWDSCoAAAAAAA==,dbs/LHocAA==/colls/LHocAPPPqmU=/docs/LHocAPPPqmWDSCoAAAAAAA==/,1745241836,24.6,,,false,,53,false,8c1f64ddb0000155-20250421132126042281,false,true,400,750,2025-04-21T13:21:26.042281Z,26.6,,6,0,1,da8b1f31-b35d-4329-875c-d1e8c3f39f55,0.140,8c1f64ddb0000155,40
attachments/,"""0c00ac87-0000-0d00-0000-680646ec0000""",LHocAPPPqmWESCoAAAAAAA==,dbs/LHocAA==/colls/LHocAPPPqmU=/docs/LHocAPPPqmWESCoAAAAAAA==/,1745241836,24.6,,,false,,53,false,8c1f64ddb0000155-20250421131856042281,false,true,400,750,2025-04-21T13:18:56.042281Z,26.6,,6,0,1,da8b1f31-b35d-4329-875c-d1e8c3f39f55,0.140,8c1f64ddb0000155,40
attachments/,"""0c00ad87-0000-0d00-0000-680646ec0000""",LHocAPPPqmWFSCoAAAAAAA==,dbs/LHocAA==/colls/LHocAPPPqmU=/docs/LHocAPPPqmWFSCoAAAAAAA==/,1745241836,24.6,,,false,29.8,53,false,8c1f64ddb0000155-20250421132356042281,false,true,400,750,2025-04-21T13:23:56.042281Z,26.6,,6,0,1,da8b1f31-b35d-4329-875c-d1e8c3f39f55,0.140,8c1f64ddb0000155,40
attachments/,"""0c00fb88-0000-0d00-0000-680649440000""",LHocAPPPqmUSSSoAAAAAAA==,dbs/LHocAA==/colls/LHocAPPPqmU=/docs/LHocAPPPqmUSSSoAAAAAAA==/,1745242436,24.6,2.96,0,false,,53,false,8c1f64ddb0000155-20250421132625958380,false,true,400,750,2025-04-21T13:26:25.958380Z,26.6,0,6,0,1,da8b1f31-b35d-4329-875c-d1e8c3f39f55,0.140,8c1f64ddb0000155,40
attachments/,"""0c00fc88-0000-0d00-0000-680649440000""",LHocAPPPqmUTSSoAAAAAAA==,dbs/LHocAA==/colls/LHocAPPPqmU=/docs/LHocAPPPqmUTSSoAAAAAAA==/,1745242436,24.6,2.96,0,false,,53,false,8c1f64ddb0000155-20250421132855958380,false,true,400,750,2025-04-21T13:28:55.958380Z,26.6,0,6,0,1,da8b1f31-b35d-4329-875c-d1e8c3f39f55,0.140,8c1f64ddb0000155,40
attachments/,"""0c00fd88-0000-0d00-0000-680649440000""",LHocAPPPqmUUSSoAAAAAAA==,dbs/LHocAA==/colls/LHocAPPPqmU=/docs/LHocAPPPqmUUSSoAAAAAAA==/,1745242436,24.6,2.96,0,false,,53,false,8c1f64ddb0000155-20250421133125958380,false,true,400,750,2025-04-21T13:31:25.958380Z,26.6,0,6,0,1,da8b1f31-b35d-4329-875c-d1e8c3f39f55,0.140,8c1f64ddb0000155,40
attachments/,"""0c00fe88-0000-0d00-0000-680649440000""",LHocAPPPqmUVSSoAAAAAAA==,dbs/LHocAA==/colls/LHocAPPPqmU=/docs/LHocAPPPqmUVSSoAAAAAAA==/,1745242436,24.6,2.96,0,false,29.8,53,false,8c1f64ddb0000155-20250421133355958380,false,true,400,750,2025-04-21T13:33:55.958380Z,26.6,0,6,0,1,da8b1f31-b35d-4329-875c-d1e8c3f39f55,0.140,8c1f64ddb0000155,40
attachments/,"""0c00818a-0000-0d00-0000-68064b9d0000""",LHocAPPPqmWiSSoAAAAAAA==,dbs/LHocAA==/colls/LHocAPPPqmU=/docs/LHocAPPPqmWiSSoAAAAAAA==/,1745243037,24.6,,,false,,53,false,8c1f64ddb0000155-20250421133627054014,false,true,400,750,2025-04-21T13:36:27.054014Z,26.6,,6,0,1,da8b1f31-b35d-4329-875c-d1e8c3f39f55,0.140,8c1f64ddb0000155,40
attachments/,"""0c00828a-0000-0d00-0000-68064b9d0000""",LHocAPPPqmWjSSoAAAAAAA==,dbs/LHocAA==/colls/LHocAPPPqmU=/docs/LHocAPPPqmWjSSoAAAAAAA==/,1745243037,24.6,,,false,,53,false,8c1f64ddb0000155-20250421134127054014,false,true,400,750,2025-04-21T13:41:27.054014Z,26.6,,6,0,1,da8b1f31-b35d-4329-875c-d1e8c3f39f55,0.140,8c1f64ddb0000155,40
attachments/,"""0c00838a-0000-0d00-0000-68064b9d0000""",LHocAPPPqmWkSSoAAAAAAA==,dbs/LHocAA==/colls/LHocAPPPqmU=/docs/LHocAPPPqmWkSSoAAAAAAA==/,1745243037,24.6,,,false,,53,false,8c1f64ddb0000155-20250421133857054014,false,true,400,750,2025-04-21T13:38:57.054014Z,26.6,,6,0,1,da8b1f31-b35d-4329-875c-d1e8c3f39f55,0.140,8c1f64ddb0000155,40
attachments/,"""0c00848a-0000-0d00-0000-68064b9d0000""",LHocAPPPqmWlSSoAAAAAAA==,dbs/LHocAA==/colls/LHocAPPPqmU=/docs/LHocAPPPqmWlSSoAAAAAAA==/,1745243037,24.6,,,false,29.7,53,false,8c1f64ddb0000155-20250421134357054014,false,true,400,750,2025-04-21T13:43:57.054014Z,26.6,,6,0,1,da8b1f31-b35d-4329-875c-d1e8c3f39f55,0.140,8c1f64ddb0000155,40
attachments/,"""0c00ed8b-0000-0d00-0000-68064df40000""",LHocAPPPqmUuSioAAAAAAA==,dbs/LHocAA==/colls/LHocAPPPqmU=/docs/LHocAPPPqmUuSioAAAAAAA==/,1745243636,24.6,,,false,29.7,53,false,8c1f64ddb0000155-20250421135356336919,false,true,400,750,2025-04-21T13:53:56.336919Z,26.6,,6,0,1,da8b1f31-b35d-4329-875c-d1e8c3f39f55,0.130,8c1f64ddb0000155,40
attachments/,"""0c00ee8b-0000-0d00-0000-68064df40000""",LHocAPPPqmUvSioAAAAAAA==,dbs/LHocAA==/colls/LHocAPPPqmU=/docs/LHocAPPPqmUvSioAAAAAAA==/,1745243636,24.6,,,false,,53,false,8c1f64ddb0000155-20250421134626336919,false,true,400,750,2025-04-21T13:46:26.336919Z,26.6,,6,0,1,da8b1f31-b35d-4329-875c-d1e8c3f39f55,0.140,8c1f64ddb0000155,40
attachments/,"""0c00ef8b-0000-0d00-0000-68064df40000""",LHocAPPPqmUwSioAAAAAAA==,dbs/LHocAA==/colls/LHocAPPPqmU=/docs/LHocAPPPqmUwSioAAAAAAA==/,1745243636,24.6,,,false,,53,false,8c1f64ddb0000155-20250421134856336919,false,true,400,750,2025-04-21T13:48:56.336919Z,26.6,,6,0,1,da8b1f31-b35d-4329-875c-d1e8c3f39f55,0.140,8c1f64ddb0000155,40
attachments/,"""0c00f08b-0000-0d00-0000-68064df40000""",LHocAPPPqmUxSioAAAAAAA==,dbs/LHocAA==/colls/LHocAPPPqmU=/docs/LHocAPPPqmUxSioAAAAAAA==/,1745243636,24.6,,,false,,53,false,8c1f64ddb0000155-20250421135126336919,false,true,400,750,2025-04-21T13:51:26.336919Z,26.6,,6,0,1,da8b1f31-b35d-4329-875c-d1e8c3f39f55,0.140,8c1f64ddb0000155,40
attachments/,"""0c00728d-0000-0d00-0000-6806504c0000""",LHocAPPPqmXCSioAAAAAAA==,dbs/LHocAA==/colls/LHocAPPPqmU=/docs/LHocAPPPqmXCSioAAAAAAA==/,1745244236,24.6,2.96,0,false,,53,false,8c1f64ddb0000155-20250421135626399078,false,true,400,750,2025-04-21T13:56:26.399078Z,26.6,0,6,0,1,da8b1f31-b35d-4329-875c-d1e8c3f39f55,0.130,8c1f64ddb0000155,40
attachments/,"""0c00738d-0000-0d00-0000-6806504c0000""",LHocAPPPqmXDSioAAAAAAA==,dbs/LHocAA==/colls/LHocAPPPqmU=/docs/LHocAPPPqmXDSioAAAAAAA==/,1745244236,24.6,2.96,0,false,,53,false,8c1f64ddb0000155-20250421135856399078,false,true,400,750,2025-04-21T13:58:56.399078Z,26.6,0,6,0,1,da8b1f31-b35d-4329-875c-d1e8c3f39f55,0.130,8c1f64ddb0000155,40
attachments/,"""0c00748d-0000-0d00-0000-6806504c0000""",LHocAPPPqmXESioAAAAAAA==,dbs/LHocAA==/colls/LHocAPPPqmU=/docs/LHocAPPPqmXESioAAAAAAA==/,1745244236,24.6,2.96,0,false,,53,false,8c1f64ddb0000155-20250421140126399078,false,true,400,750,2025-04-21T14:01:26.399078Z,26.6,0,6,0,1,da8b1f31-b35d-4329-875c-d1e8c3f39f55,0.130,8c1f64ddb0000155,40
attachments/,"""0c00758d-0000-0d00-0000-6806504d0000""",LHocAPPPqmXFSioAAAAAAA==,dbs/LHocAA==/colls/LHocAPPPqmU=/docs/LHocAPPPqmXFSioAAAAAAA==/,1745244237,24.6,2.96,0,false,29.7,53,false,8c1f64ddb0000155-20250421140356399078,false,true,400,750,2025-04-21T14:03:56.399078Z,26.6,0,6,0,1,da8b1f31-b35d-4329-875c-d1e8c3f39f55,0.130,8c1f64ddb0000155,40
attachments/,"""0c008b8f-0000-0d00-0000-680652a40000""",LHocAPPPqmVSSyoAAAAAAA==,dbs/LHocAA==/colls/LHocAPPPqmU=/docs/LHocAPPPqmVSSyoAAAAAAA==/,1745244836,24.6,,,false,,53,false,8c1f64ddb0000155-20250421140856377651,false,true,400,750,2025-04-21T14:08:56.377651Z,26.6,,6,0,1,da8b1f31-b35d-4329-875c-d1e8c3f39f55,0.130,8c1f64ddb0000155,40
attachments/,"""0c008c8f-0000-0d00-0000-680652a40000""",LHocAPPPqmVTSyoAAAAAAA==,dbs/LHocAA==/colls/LHocAPPPqmU=/docs/LHocAPPPqmVTSyoAAAAAAA==/,1745244836,24.6,,,false,,53,false,8c1f64ddb0000155-20250421140626377651,false,true,400,750,2025-04-21T14:06:26.377651Z,26.6,,6,0,1,da8b1f31-b35d-4329-875c-d1e8c3f39f55,0.130,8c1f64ddb0000155,40
attachments/,"""0c008d8f-0000-0d00-0000-680652a40000""",LHocAPPPqmVUSyoAAAAAAA==,dbs/LHocAA==/colls/LHocAPPPqmU=/docs/LHocAPPPqmVUSyoAAAAAAA==/,1745244836,24.6,,,false,,53,false,8c1f64ddb0000155-20250421141126377651,false,true,400,750,2025-04-21T14:11:26.377651Z,26.6,,6,0,1,da8b1f31-b35d-4329-875c-d1e8c3f39f55,0.130,8c1f64ddb0000155,40
attachments/,"""0c008e8f-0000-0d00-0000-680652a40000""",LHocAPPPqmVVSyoAAAAAAA==,dbs/LHocAA==/colls/LHocAPPPqmU=/docs/LHocAPPPqmVVSyoAAAAAAA==/,1745244836,24.6,,,false,29.5,53,false,8c1f64ddb0000155-20250421141356377651,false,true,400,750,2025-04-21T14:13:56.377651Z,26.6,,6,0,1,da8b1f31-b35d-4329-875c-d1e8c3f39f55,0.120,8c1f64ddb0000155,40
attachments/,"""0c00fe90-0000-0d00-0000-680654fd0000""",LHocAPPPqmXiSyoAAAAAAA==,dbs/LHocAA==/colls/LHocAPPPqmU=/docs/LHocAPPPqmXiSyoAAAAAAA==/,1745245437,24.6,,,false,,53,false,8c1f64ddb0000155-20250421141627017592,false,true,400,750,2025-04-21T14:16:27.017592Z,26.5,,6,0,1,da8b1f31-b35d-4329-875c-d1e8c3f39f55,0.130,8c1f64ddb0000155,40
attachments/,"""0c00ff90-0000-0d00-0000-680654fd0000""",LHocAPPPqmXjSyoAAAAAAA==,dbs/LHocAA==/colls/LHocAPPPqmU=/docs/LHocAPPPqmXjSyoAAAAAAA==/,1745245437,24.6,,,false,,53,false,8c1f64ddb0000155-20250421142127017592,false,true,400,750,2025-04-21T14:21:27.017592Z,26.5,,6,0,1,da8b1f31-b35d-4329-875c-d1e8c3f39f55,0.130,8c1f64ddb0000155,40
attachments/,"""0c000091-0000-0d00-0000-680654fd0000""",LHocAPPPqmXkSyoAAAAAAA==,dbs/LHocAA==/colls/LHocAPPPqmU=/docs/LHocAPPPqmXkSyoAAAAAAA==/,1745245437,24.6,,,false,,53,false,8c1f64ddb0000155-20250421141857017592,false,true,400,750,2025-04-21T14:18:57.017592Z,26.5,,6,0,1,da8b1f31-b35d-4329-875c-d1e8c3f39f55,0.130,8c1f64ddb0000155,40
attachments/,"""0c000191-0000-0d00-0000-680654fd0000""",LHocAPPPqmXlSyoAAAAAAA==,dbs/LHocAA==/colls/LHocAPPPqmU=/docs/LHocAPPPqmXlSyoAAAAAAA==/,1745245437,24.6,,,false,29.5,53,false,8c1f64ddb0000155-20250421142357017592,false,true,400,750,2025-04-21T14:23:57.017592Z,26.5,,6,0,1,da8b1f31-b35d-4329-875c-d1e8c3f39f55,0.130,8c1f64ddb0000155,40
attachments/,"""0c004e92-0000-0d00-0000-680657560000""",LHocAPPPqmVqTCoAAAAAAA==,dbs/LHocAA==/colls/LHocAPPPqmU=/docs/LHocAPPPqmVqTCoAAAAAAA==/,1745246038,24.5,2.96,0,false,,53,false,8c1f64ddb0000155-20250421142857432759,false,true,400,750,2025-04-21T14:28:57.432759Z,26.5,0,6,0,1,da8b1f31-b35d-4329-875c-d1e8c3f39f55,0.120,8c1f64ddb0000155,40
attachments/,"""0c004f92-0000-0d00-0000-680657560000""",LHocAPPPqmVrTCoAAAAAAA==,dbs/LHocAA==/colls/LHocAPPPqmU=/docs/LHocAPPPqmVrTCoAAAAAAA==/,1745246038,24.6,2.96,0,false,,53,false,8c1f64ddb0000155-20250421142627432759,false,true,400,750,2025-04-21T14:26:27.432759Z,26.5,0,6,0,1,da8b1f31-b35d-4329-875c-d1e8c3f39f55,0.120,8c1f64ddb0000155,40
attachments/,"""0c005092-0000-0d00-0000-680657560000""",LHocAPPPqmVsTCoAAAAAAA==,dbs/LHocAA==/colls/LHocAPPPqmU=/docs/LHocAPPPqmVsTCoAAAAAAA==/,1745246038,24.5,2.96,0,false,29.4,53,false,8c1f64ddb0000155-20250421143357432759,false,true,400,750,2025-04-21T14:33:57.432759Z,26.5,0,6,0,1,da8b1f31-b35d-4329-875c-d1e8c3f39f55,0.120,8c1f64ddb0000155,40
attachments/,"""0c005192-0000-0d00-0000-680657560000""",LHocAPPPqmVtTCoAAAAAAA==,dbs/LHocAA==/colls/LHocAPPPqmU=/docs/LHocAPPPqmVtTCoAAAAAAA==/,1745246038,24.5,2.96,0,false,,53,false,8c1f64ddb0000155-20250421143127432759,false,true,400,750,2025-04-21T14:31:27.432759Z,26.5,0,6,0,1,da8b1f31-b35d-4329-875c-d1e8c3f39f55,0.120,8c1f64ddb0000155,40
attachments/,"""0c00a293-0000-0d00-0000-680659ad0000""",LHocAPPPqmX2TCoAAAAAAA==,dbs/LHocAA==/colls/LHocAPPPqmU=/docs/LHocAPPPqmX2TCoAAAAAAA==/,1745246637,24.5,,,false,,53,false,8c1f64ddb0000155-20250421143856886429,false,true,400,750,2025-04-21T14:38:56.886429Z,26.5,,6,0,1,da8b1f31-b35d-4329-875c-d1e8c3f39f55,0.120,8c1f64ddb0000155,40
attachments/,"""0c00a393-0000-0d00-0000-680659ad0000""",LHocAPPPqmX3TCoAAAAAAA==,dbs/LHocAA==/colls/LHocAPPPqmU=/docs/LHocAPPPqmX3TCoAAAAAAA==/,1745246637,24.5,,,false,,53,false,8c1f64ddb0000155-20250421143626886429,false,true,400,750,2025-04-21T14:36:26.886429Z,26.5,,6,0,1,da8b1f31-b35d-4329-875c-d1e8c3f39f55,0.120,8c1f64ddb0000155,40
attachments/,"""0c00a493-0000-0d00-0000-680659ad0000""",LHocAPPPqmX4TCoAAAAAAA==,dbs/LHocAA==/colls/LHocAPPPqmU=/docs/LHocAPPPqmX4TCoAAAAAAA==/,1745246637,24.5,,,false,,53,false,8c1f64ddb0000155-20250421144126886429,false,true,400,750,2025-04-21T14:41:26.886429Z,26.4,,6,0,1,da8b1f31-b35d-4329-875c-d1e8c3f39f55,0.120,8c1f64ddb0000155,40
attachments/,"""0c00a593-0000-0d00-0000-680659ad0000""",LHocAPPPqmX5TCoAAAAAAA==,dbs/LHocAA==/colls/LHocAPPPqmU=/docs/LHocAPPPqmX5TCoAAAAAAA==/,1745246637,24.5,,,false,29.2,53,false,8c1f64ddb0000155-20250421144356886429,false,true,400,750,2025-04-21T14:43:56.886429Z,26.4,,6,0,1,da8b1f31-b35d-4329-875c-d1e8c3f39f55,0.120,8c1f64ddb0000155,40
attachments/,"""0c00fd94-0000-0d00-0000-68065c060000""",LHocAPPPqmWDTSoAAAAAAA==,dbs/LHocAA==/colls/LHocAPPPqmU=/docs/LHocAPPPqmWDTSoAAAAAAA==/,1745247238,24.5,,,false,,53,false,8c1f64ddb0000155-20250421144628313382,false,true,400,750,2025-04-21T14:46:28.313382Z,26.4,,6,0,1,da8b1f31-b35d-4329-875c-d1e8c3f39f55,0.110,8c1f64ddb0000155,40
attachments/,"""0c00fe94-0000-0d00-0000-68065c060000""",LHocAPPPqmWETSoAAAAAAA==,dbs/LHocAA==/colls/LHocAPPPqmU=/docs/LHocAPPPqmWETSoAAAAAAA==/,1745247238,24.5,,,false,29,54,false,8c1f64ddb0000155-20250421145358313382,false,true,400,750,2025-04-21T14:53:58.313382Z,26.3,,6,0,1,da8b1f31-b35d-4329-875c-d1e8c3f39f55,0.110,8c1f64ddb0000155,40
attachments/,"""0c00ff94-0000-0d00-0000-68065c060000""",LHocAPPPqmWFTSoAAAAAAA==,dbs/LHocAA==/colls/LHocAPPPqmU=/docs/LHocAPPPqmWFTSoAAAAAAA==/,1745247238,24.5,,,false,,53,false,8c1f64ddb0000155-20250421144858313382,false,true,400,750,2025-04-21T14:48:58.313382Z,26.3,,6,0,1,da8b1f31-b35d-4329-875c-d1e8c3f39f55,0.110,8c1f64ddb0000155,40
attachments/,"""0c000095-0000-0d00-0000-68065c060000""",LHocAPPPqmWGTSoAAAAAAA==,dbs/LHocAA==/colls/LHocAPPPqmU=/docs/LHocAPPPqmWGTSoAAAAAAA==/,1745247238,24.5,,,false,,53,false,8c1f64ddb0000155-20250421145128313382,false,true,400,750,2025-04-21T14:51:28.313382Z,26.4,,6,0,1,da8b1f31-b35d-4329-875c-d1e8c3f39f55,0.110,8c1f64ddb0000155,40
attachments/,"""0c004496-0000-0d00-0000-68065e5c0000""",LHocAPPPqmUTTioAAAAAAA==,dbs/LHocAA==/colls/LHocAPPPqmU=/docs/LHocAPPPqmUTTioAAAAAAA==/,1745247836,24.5,2.95,0,false,,54,false,8c1f64ddb0000155-20250421145625961569,false,true,400,750,2025-04-21T14:56:25.961569Z,26.3,0,6,0,1,da8b1f31-b35d-4329-875c-d1e8c3f39f55,0.110,8c1f64ddb0000155,40
attachments/,"""0c004596-0000-0d00-0000-68065e5c0000""",LHocAPPPqmUUTioAAAAAAA==,dbs/LHocAA==/colls/LHocAPPPqmU=/docs/LHocAPPPqmUUTioAAAAAAA==/,1745247836,24.5,2.95,0,false,,54,false,8c1f64ddb0000155-20250421145855961569,false,true,400,750,2025-04-21T14:58:55.961569Z,26.3,0,6,0,1,da8b1f31-b35d-4329-875c-d1e8c3f39f55,0.110,8c1f64ddb0000155,40
attachments/,"""0c004696-0000-0d00-0000-68065e5c0000""",LHocAPPPqmUVTioAAAAAAA==,dbs/LHocAA==/colls/LHocAPPPqmU=/docs/LHocAPPPqmUVTioAAAAAAA==/,1745247836,24.5,2.95,0,false,,54,false,8c1f64ddb0000155-20250421150125961569,false,true,400,750,2025-04-21T15:01:25.961569Z,26.2,0,6,0,1,da8b1f31-b35d-4329-875c-d1e8c3f39f55,0.110,8c1f64ddb0000155,40
attachments/,"""0c004796-0000-0d00-0000-68065e5c0000""",LHocAPPPqmUWTioAAAAAAA==,dbs/LHocAA==/colls/LHocAPPPqmU=/docs/LHocAPPPqmUWTioAAAAAAA==/,1745247836,24.5,2.95,0,false,28.7,54,false,8c1f64ddb0000155-20250421150355961569,false,true,400,750,2025-04-21T15:03:55.961569Z,26.2,0,6,0,1,da8b1f31-b35d-4329-875c-d1e8c3f39f55,0.110,8c1f64ddb0000155,40
attachments/,"""0c009997-0000-0d00-0000-680660b40000""",LHocAPPPqmWfTioAAAAAAA==,dbs/LHocAA==/colls/LHocAPPPqmU=/docs/LHocAPPPqmWfTioAAAAAAA==/,1745248436,24.5,,,false,,54,false,8c1f64ddb0000155-20250421150626268385,false,true,400,750,2025-04-21T15:06:26.268385Z,26.1,,6,0,1,da8b1f31-b35d-4329-875c-d1e8c3f39f55,0.100,8c1f64ddb0000155,40
attachments/,"""0c009a97-0000-0d00-0000-680660b40000""",LHocAPPPqmWgTioAAAAAAA==,dbs/LHocAA==/colls/LHocAPPPqmU=/docs/LHocAPPPqmWgTioAAAAAAA==/,1745248436,24.5,,,false,,54,false,8c1f64ddb0000155-20250421150856268385,false,true,400,750,2025-04-21T15:08:56.268385Z,26.1,,6,0,1,da8b1f31-b35d-4329-875c-d1e8c3f39f55,0.100,8c1f64ddb0000155,40
attachments/,"""0c009b97-0000-0d00-0000-680660b40000""",LHocAPPPqmWhTioAAAAAAA==,dbs/LHocAA==/colls/LHocAPPPqmU=/docs/LHocAPPPqmWhTioAAAAAAA==/,1745248436,24.5,,,false,,54,false,8c1f64ddb0000155-20250421151126268385,false,true,400,750,2025-04-21T15:11:26.268385Z,26.1,,6,0,1,da8b1f31-b35d-4329-875c-d1e8c3f39f55,0.100,8c1f64ddb0000155,40
attachments/,"""0c009c97-0000-0d00-0000-680660b40000""",LHocAPPPqmWiTioAAAAAAA==,dbs/LHocAA==/colls/LHocAPPPqmU=/docs/LHocAPPPqmWiTioAAAAAAA==/,1745248436,24.5,,,false,28.4,54,false,8c1f64ddb0000155-20250421151356268385,false,true,400,750,2025-04-21T15:13:56.268385Z,26.1,,6,0,1,da8b1f31-b35d-4329-875c-d1e8c3f39f55,0.100,8c1f64ddb0000155,40
attachments/,"""0c00f398-0000-0d00-0000-6806630d0000""",LHocAPPPqmU0TyoAAAAAAA==,dbs/LHocAA==/colls/LHocAPPPqmU=/docs/LHocAPPPqmU0TyoAAAAAAA==/,1745249037,24.5,,,false,,54,false,8c1f64ddb0000155-20250421151857104469,false,true,400,750,2025-04-21T15:18:57.104469Z,26,,6,0,1,da8b1f31-b35d-4329-875c-d1e8c3f39f55,0.100,8c1f64ddb0000155,40
attachments/,"""0c00f498-0000-0d00-0000-6806630d0000""",LHocAPPPqmU1TyoAAAAAAA==,dbs/LHocAA==/colls/LHocAPPPqmU=/docs/LHocAPPPqmU1TyoAAAAAAA==/,1745249037,24.5,,,false,28.2,55,false,8c1f64ddb0000155-20250421152357104469,false,true,400,750,2025-04-21T15:23:57.104469Z,25.9,,6,0,1,da8b1f31-b35d-4329-875c-d1e8c3f39f55,0.0900,8c1f64ddb0000155,40
attachments/,"""0c00f598-0000-0d00-0000-6806630d0000""",LHocAPPPqmU2TyoAAAAAAA==,dbs/LHocAA==/colls/LHocAPPPqmU=/docs/LHocAPPPqmU2TyoAAAAAAA==/,1745249037,24.5,,,false,,54,false,8c1f64ddb0000155-20250421151627104469,false,true,400,750,2025-04-21T15:16:27.104469Z,26,,6,0,1,da8b1f31-b35d-4329-875c-d1e8c3f39f55,0.100,8c1f64ddb0000155,40
attachments/,"""0c00f698-0000-0d00-0000-6806630d0000""",LHocAPPPqmU3TyoAAAAAAA==,dbs/LHocAA==/colls/LHocAPPPqmU=/docs/LHocAPPPqmU3TyoAAAAAAA==/,1745249037,24.5,,,false,,55,false,8c1f64ddb0000155-20250421152127104469,false,true,400,750,2025-04-21T15:21:27.104469Z,25.9,,6,0,1,da8b1f31-b35d-4329-875c-d1e8c3f39f55,0.100,8c1f64ddb0000155,40
attachments/,"""0c003f9a-0000-0d00-0000-680665660000""",LHocAPPPqmXETyoAAAAAAA==,dbs/LHocAA==/colls/LHocAPPPqmU=/docs/LHocAPPPqmXETyoAAAAAAA==/,1745249638,24.5,2.95,0,false,,55,false,8c1f64ddb0000155-20250421153127729808,false,true,400,750,2025-04-21T15:31:27.729808Z,25.8,0,6,0,1,da8b1f31-b35d-4329-875c-d1e8c3f39f55,0.0900,8c1f64ddb0000155,40
attachments/,"""0c00409a-0000-0d00-0000-680665660000""",LHocAPPPqmXFTyoAAAAAAA==,dbs/LHocAA==/colls/LHocAPPPqmU=/docs/LHocAPPPqmXFTyoAAAAAAA==/,1745249638,24.5,2.95,0,false,,55,false,8c1f64ddb0000155-20250421152627729808,false,true,400,750,2025-04-21T15:26:27.729808Z,25.9,0,6,0,1,da8b1f31-b35d-4329-875c-d1e8c3f39f55,0.0900,8c1f64ddb0000155,40
attachments/,"""0c00419a-0000-0d00-0000-680665660000""",LHocAPPPqmXGTyoAAAAAAA==,dbs/LHocAA==/colls/LHocAPPPqmU=/docs/LHocAPPPqmXGTyoAAAAAAA==/,1745249638,24.5,2.95,0,false,28,55,false,8c1f64ddb0000155-20250421153357729808,false,true,400,750,2025-04-21T15:33:57.729808Z,25.8,0,6,0,1,da8b1f31-b35d-4329-875c-d1e8c3f39f55,0.0900,8c1f64ddb0000155,40
attachments/,"""0c00429a-0000-0d00-0000-680665660000""",LHocAPPPqmXHTyoAAAAAAA==,dbs/LHocAA==/colls/LHocAPPPqmU=/docs/LHocAPPPqmXHTyoAAAAAAA==/,1745249638,24.5,2.95,0,false,,55,false,8c1f64ddb0000155-20250421152857729808,false,true,400,750,2025-04-21T15:28:57.729808Z,25.8,0,6,0,1,da8b1f31-b35d-4329-875c-d1e8c3f39f55,0.0900,8c1f64ddb0000155,40
attachments/,"""0c00839b-0000-0d00-0000-680667be0000""",LHocAPPPqmVUUCoAAAAAAA==,dbs/LHocAA==/colls/LHocAPPPqmU=/docs/LHocAPPPqmVUUCoAAAAAAA==/,1745250238,24.4,,,false,,55,false,8c1f64ddb0000155-20250421153857867667,false,true,400,750,2025-04-21T15:38:57.867667Z,25.7,,6,0,1,da8b1f31-b35d-4329-875c-d1e8c3f39f55,0.0900,8c1f64ddb0000155,40
attachments/,"""0c00849b-0000-0d00-0000-680667be0000""",LHocAPPPqmVVUCoAAAAAAA==,dbs/LHocAA==/colls/LHocAPPPqmU=/docs/LHocAPPPqmVVUCoAAAAAAA==/,1745250238,24.4,,,false,,55,false,8c1f64ddb0000155-20250421153627867667,false,true,400,750,2025-04-21T15:36:27.867667Z,25.7,,6,0,1,da8b1f31-b35d-4329-875c-d1e8c3f39f55,0.0900,8c1f64ddb0000155,40
attachments/,"""0c00859b-0000-0d00-0000-680667be0000""",LHocAPPPqmVWUCoAAAAAAA==,dbs/LHocAA==/colls/LHocAPPPqmU=/docs/LHocAPPPqmVWUCoAAAAAAA==/,1745250238,24.4,,,false,,55,false,8c1f64ddb0000155-20250421154127867667,false,true,400,750,2025-04-21T15:41:27.867667Z,25.6,,6,0,1,da8b1f31-b35d-4329-875c-d1e8c3f39f55,0.0800,8c1f64ddb0000155,40
attachments/,"""0c00869b-0000-0d00-0000-680667be0000""",LHocAPPPqmVXUCoAAAAAAA==,dbs/LHocAA==/colls/LHocAPPPqmU=/docs/LHocAPPPqmVXUCoAAAAAAA==/,1745250238,24.4,,,false,27.7,56,false,8c1f64ddb0000155-20250421154357867667,false,true,400,750,2025-04-21T15:43:57.867667Z,25.6,,6,0,1,da8b1f31-b35d-4329-875c-d1e8c3f39f55,0.0800,8c1f64ddb0000155,40
attachments/,"""0c00d59c-0000-0d00-0000-68066a160000""",LHocAPPPqmXkUCoAAAAAAA==,dbs/LHocAA==/colls/LHocAPPPqmU=/docs/LHocAPPPqmXkUCoAAAAAAA==/,1745250838,24.4,,,false,,56,false,8c1f64ddb0000155-20250421155127939770,false,true,400,750,2025-04-21T15:51:27.939770Z,25.5,,6,0,1,da8b1f31-b35d-4329-875c-d1e8c3f39f55,0.0800,8c1f64ddb0000155,40
attachments/,"""0c00d69c-0000-0d00-0000-68066a160000""",LHocAPPPqmXlUCoAAAAAAA==,dbs/LHocAA==/colls/LHocAPPPqmU=/docs/LHocAPPPqmXlUCoAAAAAAA==/,1745250838,24.4,,,false,,56,false,8c1f64ddb0000155-20250421154627939770,false,true,400,750,2025-04-21T15:46:27.939770Z,25.6,,6,0,1,da8b1f31-b35d-4329-875c-d1e8c3f39f55,0.0800,8c1f64ddb0000155,40
attachments/,"""0c00d79c-0000-0d00-0000-68066a160000""",LHocAPPPqmXmUCoAAAAAAA==,dbs/LHocAA==/colls/LHocAPPPqmU=/docs/LHocAPPPqmXmUCoAAAAAAA==/,1745250838,24.4,,,false,,56,false,8c1f64ddb0000155-20250421154857939770,false,true,400,750,2025-04-21T15:48:57.939770Z,25.5,,6,0,1,da8b1f31-b35d-4329-875c-d1e8c3f39f55,0.0800,8c1f64ddb0000155,40
attachments/,"""0c00d89c-0000-0d00-0000-68066a160000""",LHocAPPPqmXnUCoAAAAAAA==,dbs/LHocAA==/colls/LHocAPPPqmU=/docs/LHocAPPPqmXnUCoAAAAAAA==/,1745250838,24.4,,,false,27.5,56,false,8c1f64ddb0000155-20250421155357939770,false,true,400,750,2025-04-21T15:53:57.939770Z,25.4,,6,0,1,da8b1f31-b35d-4329-875c-d1e8c3f39f55,0.0800,8c1f64ddb0000155,40
attachments/,"""0c00209e-0000-0d00-0000-68066c6d0000""",LHocAPPPqmV1USoAAAAAAA==,dbs/LHocAA==/colls/LHocAPPPqmU=/docs/LHocAPPPqmV1USoAAAAAAA==/,1745251437,24.4,2.95,0,false,,56,false,8c1f64ddb0000155-20250421155627210143,false,true,400,750,2025-04-21T15:56:27.210143Z,25.4,0,6,0,1,da8b1f31-b35d-4329-875c-d1e8c3f39f55,0.0800,8c1f64ddb0000155,40
attachments/,"""0c00219e-0000-0d00-0000-68066c6d0000""",LHocAPPPqmV2USoAAAAAAA==,dbs/LHocAA==/colls/LHocAPPPqmU=/docs/LHocAPPPqmV2USoAAAAAAA==/,1745251437,24.4,2.95,0,false,,56,false,8c1f64ddb0000155-20250421160127210143,false,true,400,750,2025-04-21T16:01:27.210143Z,25.3,0,6,0,1,da8b1f31-b35d-4329-875c-d1e8c3f39f55,0.0800,8c1f64ddb0000155,40
attachments/,"""0c00229e-0000-0d00-0000-68066c6d0000""",LHocAPPPqmV3USoAAAAAAA==,dbs/LHocAA==/colls/LHocAPPPqmU=/docs/LHocAPPPqmV3USoAAAAAAA==/,1745251437,24.4,2.95,0,false,,56,false,8c1f64ddb0000155-20250421155857210143,false,true,400,750,2025-04-21T15:58:57.210143Z,25.4,0,6,0,1,da8b1f31-b35d-4329-875c-d1e8c3f39f55,0.0800,8c1f64ddb0000155,40
attachments/,"""0c00239e-0000-0d00-0000-68066c6d0000""",LHocAPPPqmV4USoAAAAAAA==,dbs/LHocAA==/colls/LHocAPPPqmU=/docs/LHocAPPPqmV4USoAAAAAAA==/,1745251437,24.4,2.95,0,false,27.2,57,false,8c1f64ddb0000155-20250421160357210143,false,true,400,750,2025-04-21T16:03:57.210143Z,25.3,0,6,0,1,da8b1f31-b35d-4329-875c-d1e8c3f39f55,0.0700,8c1f64ddb0000155,40
attachments/,"""0c007a9f-0000-0d00-0000-68066ec40000""",LHocAPPPqmUHUioAAAAAAA==,dbs/LHocAA==/colls/LHocAPPPqmU=/docs/LHocAPPPqmUHUioAAAAAAA==/,1745252036,24.3,,,false,,57,false,8c1f64ddb0000155-20250421160626157045,false,true,400,750,2025-04-21T16:06:26.157045Z,25.2,,6,0,1,da8b1f31-b35d-4329-875c-d1e8c3f39f55,0.0700,8c1f64ddb0000155,40
attachments/,"""0c007b9f-0000-0d00-0000-68066ec40000""",LHocAPPPqmUIUioAAAAAAA==,dbs/LHocAA==/colls/LHocAPPPqmU=/docs/LHocAPPPqmUIUioAAAAAAA==/,1745252036,24.3,,,false,,57,false,8c1f64ddb0000155-20250421160856157045,false,true,400,750,2025-04-21T16:08:56.157045Z,25.2,,6,0,1,da8b1f31-b35d-4329-875c-d1e8c3f39f55,0.0700,8c1f64ddb0000155,40
attachments/,"""0c007c9f-0000-0d00-0000-68066ec40000""",LHocAPPPqmUJUioAAAAAAA==,dbs/LHocAA==/colls/LHocAPPPqmU=/docs/LHocAPPPqmUJUioAAAAAAA==/,1745252036,24.3,,,false,,57,false,8c1f64ddb0000155-20250421161126157045,false,true,400,750,2025-04-21T16:11:26.157045Z,25.2,,6,0,1,da8b1f31-b35d-4329-875c-d1e8c3f39f55,0.0700,8c1f64ddb0000155,40
attachments/,"""0c007d9f-0000-0d00-0000-68066ec40000""",LHocAPPPqmUKUioAAAAAAA==,dbs/LHocAA==/colls/LHocAPPPqmU=/docs/LHocAPPPqmUKUioAAAAAAA==/,1745252036,24.3,,,false,26.9,57,false,8c1f64ddb0000155-20250421161356157045,false,true,400,750,2025-04-21T16:13:56.157045Z,25.1,,6,0,1,da8b1f31-b35d-4329-875c-d1e8c3f39f55,0.0700,8c1f64ddb0000155,40
attachments/,"""0c00c1a0-0000-0d00-0000-6806711c0000""",LHocAPPPqmWXUioAAAAAAA==,dbs/LHocAA==/colls/LHocAPPPqmU=/docs/LHocAPPPqmWXUioAAAAAAA==/,1745252636,24.3,,,false,,57,false,8c1f64ddb0000155-20250421162126399250,false,true,400,750,2025-04-21T16:21:26.399250Z,25,,6,0,1,da8b1f31-b35d-4329-875c-d1e8c3f39f55,0.0700,8c1f64ddb0000155,40
attachments/,"""0c00c2a0-0000-0d00-0000-6806711c0000""",LHocAPPPqmWYUioAAAAAAA==,dbs/LHocAA==/colls/LHocAPPPqmU=/docs/LHocAPPPqmWYUioAAAAAAA==/,1745252636,24.3,,,false,,57,false,8c1f64ddb0000155-20250421161626399250,false,true,400,750,2025-04-21T16:16:26.399250Z,25,,6,0,1,da8b1f31-b35d-4329-875c-d1e8c3f39f55,0.0700,8c1f64ddb0000155,40
attachments/,"""0c00c3a0-0000-0d00-0000-6806711c0000""",LHocAPPPqmWZUioAAAAAAA==,dbs/LHocAA==/colls/LHocAPPPqmU=/docs/LHocAPPPqmWZUioAAAAAAA==/,1745252636,24.3,,,false,,57,false,8c1f64ddb0000155-20250421161856399250,false,true,400,750,2025-04-21T16:18:56.399250Z,25,,6,0,1,da8b1f31-b35d-4329-875c-d1e8c3f39f55,0.0700,8c1f64ddb0000155,40
attachments/,"""0c00c4a0-0000-0d00-0000-6806711d0000""",LHocAPPPqmWaUioAAAAAAA==,dbs/LHocAA==/colls/LHocAPPPqmU=/docs/LHocAPPPqmWaUioAAAAAAA==/,1745252637,24.3,,,false,26.6,57,false,8c1f64ddb0000155-20250421162356399250,false,true,400,750,2025-04-21T16:23:56.399250Z,25,,6,0,1,da8b1f31-b35d-4329-875c-d1e8c3f39f55,0.0600,8c1f64ddb0000155,40
attachments/,"""0c00b4a2-0000-0d00-0000-680673750000""",LHocAPPPqmUfUyoAAAAAAA==,dbs/LHocAA==/colls/LHocAPPPqmU=/docs/LHocAPPPqmUfUyoAAAAAAA==/,1745253237,24.3,2.95,0,false,,58,false,8c1f64ddb0000155-20250421162627519616,false,true,400,750,2025-04-21T16:26:27.519616Z,24.9,0,6,0,1,da8b1f31-b35d-4329-875c-d1e8c3f39f55,0.0600,8c1f64ddb0000155,40
attachments/,"""0c00b5a2-0000-0d00-0000-680673750000""",LHocAPPPqmUgUyoAAAAAAA==,dbs/LHocAA==/colls/LHocAPPPqmU=/docs/LHocAPPPqmUgUyoAAAAAAA==/,1745253237,24.2,2.95,0,false,,58,false,8c1f64ddb0000155-20250421162857519616,false,true,400,750,2025-04-21T16:28:57.519616Z,24.9,0,6,0,1,da8b1f31-b35d-4329-875c-d1e8c3f39f55,0.0600,8c1f64ddb0000155,40
attachments/,"""0c00b6a2-0000-0d00-0000-680673750000""",LHocAPPPqmUhUyoAAAAAAA==,dbs/LHocAA==/colls/LHocAPPPqmU=/docs/LHocAPPPqmUhUyoAAAAAAA==/,1745253237,24.2,2.95,0,false,,58,false,8c1f64ddb0000155-20250421163127519616,false,true,400,750,2025-04-21T16:31:27.519616Z,24.8,0,6,0,1,da8b1f31-b35d-4329-875c-d1e8c3f39f55,0.0600,8c1f64ddb0000155,40
attachments/,"""0c00b7a2-0000-0d00-0000-680673760000""",LHocAPPPqmUiUyoAAAAAAA==,dbs/LHocAA==/colls/LHocAPPPqmU=/docs/LHocAPPPqmUiUyoAAAAAAA==/,1745253238,24.2,2.95,0,false,26.4,58,false,8c1f64ddb0000155-20250421163357519616,false,true,400,750,2025-04-21T16:33:57.519616Z,24.8,0,6,0,1,da8b1f31-b35d-4329-875c-d1e8c3f39f55,0.0600,8c1f64ddb0000155,40
attachments/,"""0c00fca3-0000-0d00-0000-680675cd0000""",LHocAPPPqmWrUyoAAAAAAA==,dbs/LHocAA==/colls/LHocAPPPqmU=/docs/LHocAPPPqmWrUyoAAAAAAA==/,1745253837,24.2,,,false,,58,false,8c1f64ddb0000155-20250421163857386653,false,true,400,750,2025-04-21T16:38:57.386653Z,24.7,,6,0,1,da8b1f31-b35d-4329-875c-d1e8c3f39f55,0.0600,8c1f64ddb0000155,40
attachments/,"""0c00fda3-0000-0d00-0000-680675cd0000""",LHocAPPPqmWsUyoAAAAAAA==,dbs/LHocAA==/colls/LHocAPPPqmU=/docs/LHocAPPPqmWsUyoAAAAAAA==/,1745253837,24.2,,,false,,58,false,8c1f64ddb0000155-20250421163627386653,false,true,400,750,2025-04-21T16:36:27.386653Z,24.8,,6,0,1,da8b1f31-b35d-4329-875c-d1e8c3f39f55,0.0600,8c1f64ddb0000155,40
attachments/,"""0c00fea3-0000-0d00-0000-680675cd0000""",LHocAPPPqmWtUyoAAAAAAA==,dbs/LHocAA==/colls/LHocAPPPqmU=/docs/LHocAPPPqmWtUyoAAAAAAA==/,1745253837,24.2,,,false,,58,false,8c1f64ddb0000155-20250421164127386653,false,true,400,750,2025-04-21T16:41:27.386653Z,24.7,,6,0,1,da8b1f31-b35d-4329-875c-d1e8c3f39f55,0.0600,8c1f64ddb0000155,40
attachments/,"""0c00ffa3-0000-0d00-0000-680675cd0000""",LHocAPPPqmWuUyoAAAAAAA==,dbs/LHocAA==/colls/LHocAPPPqmU=/docs/LHocAPPPqmWuUyoAAAAAAA==/,1745253837,24.2,,,false,26.2,58,false,8c1f64ddb0000155-20250421164357386653,false,true,400,750,2025-04-21T16:43:57.386653Z,24.7,,6,0,1,da8b1f31-b35d-4329-875c-d1e8c3f39f55,0.0600,8c1f64ddb0000155,40
attachments/,"""0c005ea5-0000-0d00-0000-680678260000""",LHocAPPPqmU8VCoAAAAAAA==,dbs/LHocAA==/colls/LHocAPPPqmU=/docs/LHocAPPPqmU8VCoAAAAAAA==/,1745254438,24.2,,,false,,58,false,8c1f64ddb0000155-20250421164628357978,false,true,400,750,2025-04-21T16:46:28.357978Z,24.6,,6,0,1,da8b1f31-b35d-4329-875c-d1e8c3f39f55,0.0600,8c1f64ddb0000155,40
attachments/,"""0c005fa5-0000-0d00-0000-680678260000""",LHocAPPPqmU9VCoAAAAAAA==,dbs/LHocAA==/colls/LHocAPPPqmU=/docs/LHocAPPPqmU9VCoAAAAAAA==/,1745254438,24.1,,,false,,59,false,8c1f64ddb0000155-20250421164858357978,false,true,400,750,2025-04-21T16:48:58.357978Z,24.6,,6,0,1,da8b1f31-b35d-4329-875c-d1e8c3f39f55,0.0600,8c1f64ddb0000155,40
attachments/,"""0c0060a5-0000-0d00-0000-680678260000""",LHocAPPPqmU+VCoAAAAAAA==,dbs/LHocAA==/colls/LHocAPPPqmU=/docs/LHocAPPPqmU+VCoAAAAAAA==/,1745254438,24.1,,,false,,59,false,8c1f64ddb0000155-20250421165128357978,false,true,400,750,2025-04-21T16:51:28.357978Z,24.6,,6,0,1,da8b1f31-b35d-4329-875c-d1e8c3f39f55,0.0600,8c1f64ddb0000155,40
attachments/,"""0c0061a5-0000-0d00-0000-680678270000""",LHocAPPPqmU-VCoAAAAAAA==,dbs/LHocAA==/colls/LHocAPPPqmU=/docs/LHocAPPPqmU-VCoAAAAAAA==/,1745254439,24.1,,,false,26,59,false,8c1f64ddb0000155-20250421165358357978,false,true,400,750,2025-04-21T16:53:58.357978Z,24.5,,6,0,1,da8b1f31-b35d-4329-875c-d1e8c3f39f55,0.0500,8c1f64ddb0000155,40
attachments/,"""0c00e3a6-0000-0d00-0000-68067a7d0000""",LHocAPPPqmXJVCoAAAAAAA==,dbs/LHocAA==/colls/LHocAPPPqmU=/docs/LHocAPPPqmXJVCoAAAAAAA==/,1745255037,24.1,2.95,0,false,,59,false,8c1f64ddb0000155-20250421165857415560,false,true,400,750,2025-04-21T16:58:57.415560Z,24.4,0,6,0,1,da8b1f31-b35d-4329-875c-d1e8c3f39f55,0.0500,8c1f64ddb0000155,40
attachments/,"""0c00e4a6-0000-0d00-0000-68067a7d0000""",LHocAPPPqmXKVCoAAAAAAA==,dbs/LHocAA==/colls/LHocAPPPqmU=/docs/LHocAPPPqmXKVCoAAAAAAA==/,1745255037,24.1,2.95,0,false,,59,false,8c1f64ddb0000155-20250421165627415560,false,true,400,750,2025-04-21T16:56:27.415560Z,24.5,0,6,0,1,da8b1f31-b35d-4329-875c-d1e8c3f39f55,0.0500,8c1f64ddb0000155,40
attachments/,"""0c00e5a6-0000-0d00-0000-68067a7d0000""",LHocAPPPqmXLVCoAAAAAAA==,dbs/LHocAA==/colls/LHocAPPPqmU=/docs/LHocAPPPqmXLVCoAAAAAAA==/,1745255037,24.1,2.95,0,false,25.8,59,false,8c1f64ddb0000155-20250421170357415560,false,true,400,750,2025-04-21T17:03:57.415560Z,24.4,0,6,0,1,da8b1f31-b35d-4329-875c-d1e8c3f39f55,0.0500,8c1f64ddb0000155,40
attachments/,"""0c00e6a6-0000-0d00-0000-68067a7d0000""",LHocAPPPqmXMVCoAAAAAAA==,dbs/LHocAA==/colls/LHocAPPPqmU=/docs/LHocAPPPqmXMVCoAAAAAAA==/,1745255037,24.1,2.95,0,false,,59,false,8c1f64ddb0000155-20250421170127415560,false,true,400,750,2025-04-21T17:01:27.415560Z,24.4,0,6,0,1,da8b1f31-b35d-4329-875c-d1e8c3f39f55,0.0500,8c1f64ddb0000155,40
attachments/,"""0c004ca8-0000-0d00-0000-68067cd80000""",LHocAPPPqmVZVSoAAAAAAA==,dbs/LHocAA==/colls/LHocAPPPqmU=/docs/LHocAPPPqmVZVSoAAAAAAA==/,1745255640,24,,,false,,59,false,8c1f64ddb0000155-20250421170858280576,false,true,400,750,2025-04-21T17:08:58.280576Z,24.3,,6,0,1,da8b1f31-b35d-4329-875c-d1e8c3f39f55,0.0500,8c1f64ddb0000155,40
attachments/,"""0c004da8-0000-0d00-0000-68067cd80000""",LHocAPPPqmVaVSoAAAAAAA==,dbs/LHocAA==/colls/LHocAPPPqmU=/docs/LHocAPPPqmVaVSoAAAAAAA==/,1745255640,24.1,,,false,,59,false,8c1f64ddb0000155-20250421170628280576,false,true,400,750,2025-04-21T17:06:28.280576Z,24.3,,6,0,1,da8b1f31-b35d-4329-875c-d1e8c3f39f55,0.0500,8c1f64ddb0000155,40
attachments/,"""0c004ea8-0000-0d00-0000-68067cd80000""",LHocAPPPqmVbVSoAAAAAAA==,dbs/LHocAA==/colls/LHocAPPPqmU=/docs/LHocAPPPqmVbVSoAAAAAAA==/,1745255640,24,,,false,,59,false,8c1f64ddb0000155-20250421171128280576,false,true,400,750,2025-04-21T17:11:28.280576Z,24.3,,6,0,1,da8b1f31-b35d-4329-875c-d1e8c3f39f55,0.0500,8c1f64ddb0000155,40
attachments/,"""0c004fa8-0000-0d00-0000-68067cd80000""",LHocAPPPqmVcVSoAAAAAAA==,dbs/LHocAA==/colls/LHocAPPPqmU=/docs/LHocAPPPqmVcVSoAAAAAAA==/,1745255640,24,,,false,25.6,60,false,8c1f64ddb0000155-20250421171358280576,false,true,400,750,2025-04-21T17:13:58.280576Z,24.3,,6,0,1,da8b1f31-b35d-4329-875c-d1e8c3f39f55,0.0500,8c1f64ddb0000155,40
attachments/,"""0c00e4a9-0000-0d00-0000-68067f2c0000""",LHocAPPPqmXmVSoAAAAAAA==,dbs/LHocAA==/colls/LHocAPPPqmU=/docs/LHocAPPPqmXmVSoAAAAAAA==/,1745256236,24,,,false,,60,false,8c1f64ddb0000155-20250421172126364940,false,true,400,750,2025-04-21T17:21:26.364940Z,24.1,,6,0,1,da8b1f31-b35d-4329-875c-d1e8c3f39f55,0.0500,8c1f64ddb0000155,40
attachments/,"""0c00e5a9-0000-0d00-0000-68067f2c0000""",LHocAPPPqmXnVSoAAAAAAA==,dbs/LHocAA==/colls/LHocAPPPqmU=/docs/LHocAPPPqmXnVSoAAAAAAA==/,1745256236,24,,,false,,60,false,8c1f64ddb0000155-20250421171626364940,false,true,400,750,2025-04-21T17:16:26.364940Z,24.2,,6,0,1,da8b1f31-b35d-4329-875c-d1e8c3f39f55,0.0500,8c1f64ddb0000155,40
attachments/,"""0c00e6a9-0000-0d00-0000-68067f2c0000""",LHocAPPPqmXoVSoAAAAAAA==,dbs/LHocAA==/colls/LHocAPPPqmU=/docs/LHocAPPPqmXoVSoAAAAAAA==/,1745256236,24,,,false,,60,false,8c1f64ddb0000155-20250421171856364940,false,true,400,750,2025-04-21T17:18:56.364940Z,24.2,,6,0,1,da8b1f31-b35d-4329-875c-d1e8c3f39f55,0.0500,8c1f64ddb0000155,40
attachments/,"""0c00e7a9-0000-0d00-0000-68067f2d0000""",LHocAPPPqmXpVSoAAAAAAA==,dbs/LHocAA==/colls/LHocAPPPqmU=/docs/LHocAPPPqmXpVSoAAAAAAA==/,1745256237,24,,,false,25.4,60,false,8c1f64ddb0000155-20250421172356364940,false,true,400,750,2025-04-21T17:23:56.364940Z,24.1,,6,0,1,da8b1f31-b35d-4329-875c-d1e8c3f39f55,0.0400,8c1f64ddb0000155,40
attachments/,"""0c0039ab-0000-0d00-0000-680681840000""",LHocAPPPqmV3VioAAAAAAA==,dbs/LHocAA==/colls/LHocAPPPqmU=/docs/LHocAPPPqmV3VioAAAAAAA==/,1745256836,23.9,2.95,0,false,,60,false,8c1f64ddb0000155-20250421172626183513,false,true,400,750,2025-04-21T17:26:26.183513Z,24.1,0,6,0,1,da8b1f31-b35d-4329-875c-d1e8c3f39f55,0.0500,8c1f64ddb0000155,40
attachments/,"""0c003aab-0000-0d00-0000-680681840000""",LHocAPPPqmV4VioAAAAAAA==,dbs/LHocAA==/colls/LHocAPPPqmU=/docs/LHocAPPPqmV4VioAAAAAAA==/,1745256836,23.9,2.95,0,false,,60,false,8c1f64ddb0000155-20250421173126183513,false,true,400,750,2025-04-21T17:31:26.183513Z,24,0,6,0,1,da8b1f31-b35d-4329-875c-d1e8c3f39f55,0.0400,8c1f64ddb0000155,40
attachments/,"""0c003bab-0000-0d00-0000-680681840000""",LHocAPPPqmV5VioAAAAAAA==,dbs/LHocAA==/colls/LHocAPPPqmU=/docs/LHocAPPPqmV5VioAAAAAAA==/,1745256836,23.9,2.95,0,false,,60,false,8c1f64ddb0000155-20250421172856183513,false,true,400,750,2025-04-21T17:28:56.183513Z,24,0,6,0,1,da8b1f31-b35d-4329-875c-d1e8c3f39f55,0.0500,8c1f64ddb0000155,40
attachments/,"""0c003cab-0000-0d00-0000-680681840000""",LHocAPPPqmV6VioAAAAAAA==,dbs/LHocAA==/colls/LHocAPPPqmU=/docs/LHocAPPPqmV6VioAAAAAAA==/,1745256836,23.9,2.95,0,false,25.2,61,false,8c1f64ddb0000155-20250421173356183513,false,true,400,750,2025-04-21T17:33:56.183513Z,24,0,6,0,1,da8b1f31-b35d-4329-875c-d1e8c3f39f55,0.0400,8c1f64ddb0000155,40
attachments/,"""0c00a9ac-0000-0d00-0000-680683de0000""",LHocAPPPqmULVyoAAAAAAA==,dbs/LHocAA==/colls/LHocAPPPqmU=/docs/LHocAPPPqmULVyoAAAAAAA==/,1745257438,23.9,,,false,,61,false,8c1f64ddb0000155-20250421173628408679,false,true,400,750,2025-04-21T17:36:28.408679Z,24,,6,0,1,da8b1f31-b35d-4329-875c-d1e8c3f39f55,0.0400,8c1f64ddb0000155,40
attachments/,"""0c00aaac-0000-0d00-0000-680683de0000""",LHocAPPPqmUMVyoAAAAAAA==,dbs/LHocAA==/colls/LHocAPPPqmU=/docs/LHocAPPPqmUMVyoAAAAAAA==/,1745257438,23.8,,,false,,61,false,8c1f64ddb0000155-20250421174128408679,false,true,400,750,2025-04-21T17:41:28.408679Z,23.9,,6,0,1,da8b1f31-b35d-4329-875c-d1e8c3f39f55,0.0400,8c1f64ddb0000155,40
attachments/,"""0c00abac-0000-0d00-0000-680683de0000""",LHocAPPPqmUNVyoAAAAAAA==,dbs/LHocAA==/colls/LHocAPPPqmU=/docs/LHocAPPPqmUNVyoAAAAAAA==/,1745257438,23.9,,,false,,61,false,8c1f64ddb0000155-20250421173858408679,false,true,400,750,2025-04-21T17:38:58.408679Z,23.9,,6,0,1,da8b1f31-b35d-4329-875c-d1e8c3f39f55,0.0400,8c1f64ddb0000155,40
attachments/,"""0c00acac-0000-0d00-0000-680683de0000""",LHocAPPPqmUOVyoAAAAAAA==,dbs/LHocAA==/colls/LHocAPPPqmU=/docs/LHocAPPPqmUOVyoAAAAAAA==/,1745257438,23.8,,,false,25.1,61,false,8c1f64ddb0000155-20250421174358408679,false,true,400,750,2025-04-21T17:43:58.408679Z,23.9,,6,0,1,da8b1f31-b35d-4329-875c-d1e8c3f39f55,0.0400,8c1f64ddb0000155,40
attachments/,"""0c00fead-0000-0d00-0000-680686350000""",LHocAPPPqmWbVyoAAAAAAA==,dbs/LHocAA==/colls/LHocAPPPqmU=/docs/LHocAPPPqmWbVyoAAAAAAA==/,1745258037,23.8,,,false,,61,false,8c1f64ddb0000155-20250421174627016093,false,true,400,750,2025-04-21T17:46:27.016093Z,23.8,,6,0,1,da8b1f31-b35d-4329-875c-d1e8c3f39f55,0.0400,8c1f64ddb0000155,40
attachments/,"""0c00ffad-0000-0d00-0000-680686350000""",LHocAPPPqmWcVyoAAAAAAA==,dbs/LHocAA==/colls/LHocAPPPqmU=/docs/LHocAPPPqmWcVyoAAAAAAA==/,1745258037,23.8,,,false,,61,false,8c1f64ddb0000155-20250421175127016093,false,true,400,750,2025-04-21T17:51:27.016093Z,23.8,,6,0,1,da8b1f31-b35d-4329-875c-d1e8c3f39f55,0.0400,8c1f64ddb0000155,40
attachments/,"""0c0000ae-0000-0d00-0000-680686350000""",LHocAPPPqmWdVyoAAAAAAA==,dbs/LHocAA==/colls/LHocAPPPqmU=/docs/LHocAPPPqmWdVyoAAAAAAA==/,1745258037,23.8,,,false,,61,false,8c1f64ddb0000155-20250421174857016093,false,true,400,750,2025-04-21T17:48:57.016093Z,23.8,,6,0,1,da8b1f31-b35d-4329-875c-d1e8c3f39f55,0.0400,8c1f64ddb0000155,40
attachments/,"""0c0001ae-0000-0d00-0000-680686350000""",LHocAPPPqmWeVyoAAAAAAA==,dbs/LHocAA==/colls/LHocAPPPqmU=/docs/LHocAPPPqmWeVyoAAAAAAA==/,1745258037,23.8,,,false,24.9,61,false,8c1f64ddb0000155-20250421175357016093,false,true,400,750,2025-04-21T17:53:57.016093Z,23.7,,6,0,1,da8b1f31-b35d-4329-875c-d1e8c3f39f55,0.0400,8c1f64ddb0000155,40
attachments/,"""0c009caf-0000-0d00-0000-6806888d0000""",LHocAPPPqmUqWCoAAAAAAA==,dbs/LHocAA==/colls/LHocAPPPqmU=/docs/LHocAPPPqmUqWCoAAAAAAA==/,1745258637,23.8,2.94,0,false,,61,false,8c1f64ddb0000155-20250421175627556814,false,true,400,750,2025-04-21T17:56:27.556814Z,23.7,0,6,0,1,da8b1f31-b35d-4329-875c-d1e8c3f39f55,0.0400,8c1f64ddb0000155,40
attachments/,"""0c009daf-0000-0d00-0000-6806888e0000""",LHocAPPPqmUrWCoAAAAAAA==,dbs/LHocAA==/colls/LHocAPPPqmU=/docs/LHocAPPPqmUrWCoAAAAAAA==/,1745258638,23.7,2.94,0,false,24.7,62,false,8c1f64ddb0000155-20250421180357556814,false,true,400,750,2025-04-21T18:03:57.556814Z,23.7,0,6,0,1,da8b1f31-b35d-4329-875c-d1e8c3f39f55,0.0400,8c1f64ddb0000155,40
attachments/,"""0c009eaf-0000-0d00-0000-6806888e0000""",LHocAPPPqmUsWCoAAAAAAA==,dbs/LHocAA==/colls/LHocAPPPqmU=/docs/LHocAPPPqmUsWCoAAAAAAA==/,1745258638,23.7,2.94,0,false,,61,false,8c1f64ddb0000155-20250421175857556814,false,true,400,750,2025-04-21T17:58:57.556814Z,23.7,0,6,0,1,da8b1f31-b35d-4329-875c-d1e8c3f39f55,0.0400,8c1f64ddb0000155,40
attachments/,"""0c009faf-0000-0d00-0000-6806888e0000""",LHocAPPPqmUtWCoAAAAAAA==,dbs/LHocAA==/colls/LHocAPPPqmU=/docs/LHocAPPPqmUtWCoAAAAAAA==/,1745258638,23.7,2.94,0,false,,61,false,8c1f64ddb0000155-20250421180127556814,false,true,400,750,2025-04-21T18:01:27.556814Z,23.7,0,6,0,1,da8b1f31-b35d-4329-875c-d1e8c3f39f55,0.0400,8c1f64ddb0000155,40
attachments/,"""0c00e9b0-0000-0d00-0000-68068ae50000""",LHocAPPPqmWyWCoAAAAAAA==,dbs/LHocAA==/colls/LHocAPPPqmU=/docs/LHocAPPPqmWyWCoAAAAAAA==/,1745259237,23.7,,,false,,62,false,8c1f64ddb0000155-20250421180627005967,false,true,400,750,2025-04-21T18:06:27.005967Z,23.6,,6,0,1,da8b1f31-b35d-4329-875c-d1e8c3f39f55,0.0300,8c1f64ddb0000155,40
attachments/,"""0c00eab0-0000-0d00-0000-68068ae50000""",LHocAPPPqmWzWCoAAAAAAA==,dbs/LHocAA==/colls/LHocAPPPqmU=/docs/LHocAPPPqmWzWCoAAAAAAA==/,1745259237,23.7,,,false,,62,false,8c1f64ddb0000155-20250421180857005967,false,true,400,750,2025-04-21T18:08:57.005967Z,23.6,,6,0,1,da8b1f31-b35d-4329-875c-d1e8c3f39f55,0.0400,8c1f64ddb0000155,40
attachments/,"""0c00ebb0-0000-0d00-0000-68068ae50000""",LHocAPPPqmW0WCoAAAAAAA==,dbs/LHocAA==/colls/LHocAPPPqmU=/docs/LHocAPPPqmW0WCoAAAAAAA==/,1745259237,23.7,,,false,,62,false,8c1f64ddb0000155-20250421181127005967,false,true,400,750,2025-04-21T18:11:27.005967Z,23.6,,6,0,1,da8b1f31-b35d-4329-875c-d1e8c3f39f55,0.0300,8c1f64ddb0000155,40
attachments/,"""0c00edb0-0000-0d00-0000-68068ae50000""",LHocAPPPqmW2WCoAAAAAAA==,dbs/LHocAA==/colls/LHocAPPPqmU=/docs/LHocAPPPqmW2WCoAAAAAAA==/,1745259237,23.6,,,false,24.6,62,false,8c1f64ddb0000155-20250421181357005967,false,true,400,750,2025-04-21T18:13:57.005967Z,23.5,,6,0,1,da8b1f31-b35d-4329-875c-d1e8c3f39f55,0.0300,8c1f64ddb0000155,40
attachments/,"""0c003eb2-0000-0d00-0000-68068d3e0000""",LHocAPPPqmVLWSoAAAAAAA==,dbs/LHocAA==/colls/LHocAPPPqmU=/docs/LHocAPPPqmVLWSoAAAAAAA==/,1745259838,23.6,,,false,,62,false,8c1f64ddb0000155-20250421181627781354,false,true,400,750,2025-04-21T18:16:27.781354Z,23.5,,6,0,1,da8b1f31-b35d-4329-875c-d1e8c3f39f55,0.0300,8c1f64ddb0000155,40
attachments/,"""0c003fb2-0000-0d00-0000-68068d3e0000""",LHocAPPPqmVMWSoAAAAAAA==,dbs/LHocAA==/colls/LHocAPPPqmU=/docs/LHocAPPPqmVMWSoAAAAAAA==/,1745259838,23.6,,,false,,62,false,8c1f64ddb0000155-20250421182127781354,false,true,400,750,2025-04-21T18:21:27.781354Z,23.5,,6,0,1,da8b1f31-b35d-4329-875c-d1e8c3f39f55,0.0300,8c1f64ddb0000155,40
attachments/,"""0c0040b2-0000-0d00-0000-68068d3e0000""",LHocAPPPqmVNWSoAAAAAAA==,dbs/LHocAA==/colls/LHocAPPPqmU=/docs/LHocAPPPqmVNWSoAAAAAAA==/,1745259838,23.6,,,false,,62,false,8c1f64ddb0000155-20250421181857781354,false,true,400,750,2025-04-21T18:18:57.781354Z,23.5,,6,0,1,da8b1f31-b35d-4329-875c-d1e8c3f39f55,0.0300,8c1f64ddb0000155,40
attachments/,"""0c0041b2-0000-0d00-0000-68068d3e0000""",LHocAPPPqmVOWSoAAAAAAA==,dbs/LHocAA==/colls/LHocAPPPqmU=/docs/LHocAPPPqmVOWSoAAAAAAA==/,1745259838,23.6,,,false,24.4,62,false,8c1f64ddb0000155-20250421182357781354,false,true,400,750,2025-04-21T18:23:57.781354Z,23.5,,6,0,1,da8b1f31-b35d-4329-875c-d1e8c3f39f55,0.0300,8c1f64ddb0000155,40
attachments/,"""0c007ab3-0000-0d00-0000-68068f960000""",LHocAPPPqmXTWSoAAAAAAA==,dbs/LHocAA==/colls/LHocAPPPqmU=/docs/LHocAPPPqmXTWSoAAAAAAA==/,1745260438,23.6,2.94,0,false,,62,false,8c1f64ddb0000155-20250421182628034053,false,true,400,750,2025-04-21T18:26:28.034053Z,23.4,0,6,0,1,da8b1f31-b35d-4329-875c-d1e8c3f39f55,0.0300,8c1f64ddb0000155,40
attachments/,"""0c007bb3-0000-0d00-0000-68068f960000""",LHocAPPPqmXUWSoAAAAAAA==,dbs/LHocAA==/colls/LHocAPPPqmU=/docs/LHocAPPPqmXUWSoAAAAAAA==/,1745260438,23.6,2.94,0,false,,62,false,8c1f64ddb0000155-20250421182858034053,false,true,400,750,2025-04-21T18:28:58.034053Z,23.4,0,6,0,1,da8b1f31-b35d-4329-875c-d1e8c3f39f55,0.0300,8c1f64ddb0000155,40
attachments/,"""0c007cb3-0000-0d00-0000-68068f960000""",LHocAPPPqmXVWSoAAAAAAA==,dbs/LHocAA==/colls/LHocAPPPqmU=/docs/LHocAPPPqmXVWSoAAAAAAA==/,1745260438,23.5,2.94,0,false,,62,false,8c1f64ddb0000155-20250421183128034053,false,true,400,750,2025-04-21T18:31:28.034053Z,23.4,0,6,0,1,da8b1f31-b35d-4329-875c-d1e8c3f39f55,0.0300,8c1f64ddb0000155,40
attachments/,"""0c007db3-0000-0d00-0000-68068f960000""",LHocAPPPqmXWWSoAAAAAAA==,dbs/LHocAA==/colls/LHocAPPPqmU=/docs/LHocAPPPqmXWWSoAAAAAAA==/,1745260438,23.5,2.94,0,false,24.3,62,false,8c1f64ddb0000155-20250421183358034053,false,true,400,750,2025-04-21T18:33:58.034053Z,23.4,0,6,0,1,da8b1f31-b35d-4329-875c-d1e8c3f39f55,0.0300,8c1f64ddb0000155,40
attachments/,"""0c00bbb4-0000-0d00-0000-680691ed0000""",LHocAPPPqmVjWioAAAAAAA==,dbs/LHocAA==/colls/LHocAPPPqmU=/docs/LHocAPPPqmVjWioAAAAAAA==/,1745261037,23.5,,,false,,63,false,8c1f64ddb0000155-20250421183857084286,false,true,400,750,2025-04-21T18:38:57.084286Z,23.3,,6,0,1,da8b1f31-b35d-4329-875c-d1e8c3f39f55,0.0300,8c1f64ddb0000155,40
attachments/,"""0c00bcb4-0000-0d00-0000-680691ed0000""",LHocAPPPqmVkWioAAAAAAA==,dbs/LHocAA==/colls/LHocAPPPqmU=/docs/LHocAPPPqmVkWioAAAAAAA==/,1745261037,23.5,,,false,,62,false,8c1f64ddb0000155-20250421183627084286,false,true,400,750,2025-04-21T18:36:27.084286Z,23.3,,6,0,1,da8b1f31-b35d-4329-875c-d1e8c3f39f55,0.0300,8c1f64ddb0000155,40
attachments/,"""0c00bdb4-0000-0d00-0000-680691ed0000""",LHocAPPPqmVlWioAAAAAAA==,dbs/LHocAA==/colls/LHocAPPPqmU=/docs/LHocAPPPqmVlWioAAAAAAA==/,1745261037,23.5,,,false,,63,false,8c1f64ddb0000155-20250421184127084286,false,true,400,750,2025-04-21T18:41:27.084286Z,23.3,,6,0,1,da8b1f31-b35d-4329-875c-d1e8c3f39f55,0.0300,8c1f64ddb0000155,40
attachments/,"""0c00beb4-0000-0d00-0000-680691ed0000""",LHocAPPPqmVmWioAAAAAAA==,dbs/LHocAA==/colls/LHocAPPPqmU=/docs/LHocAPPPqmVmWioAAAAAAA==/,1745261037,23.5,,,false,24.2,63,false,8c1f64ddb0000155-20250421184357084286,false,true,400,750,2025-04-21T18:43:57.084286Z,23.3,,6,0,1,da8b1f31-b35d-4329-875c-d1e8c3f39f55,0.0300,8c1f64ddb0000155,40
attachments/,"""0c0012b6-0000-0d00-0000-680694450000""",LHocAPPPqmXzWioAAAAAAA==,dbs/LHocAA==/colls/LHocAPPPqmU=/docs/LHocAPPPqmXzWioAAAAAAA==/,1745261637,23.4,,,false,,63,false,8c1f64ddb0000155-20250421184857059830,false,true,400,750,2025-04-21T18:48:57.059830Z,23.2,,6,0,1,da8b1f31-b35d-4329-875c-d1e8c3f39f55,0.0300,8c1f64ddb0000155,40
attachments/,"""0c0013b6-0000-0d00-0000-680694450000""",LHocAPPPqmX0WioAAAAAAA==,dbs/LHocAA==/colls/LHocAPPPqmU=/docs/LHocAPPPqmX0WioAAAAAAA==/,1745261637,23.4,,,false,,63,false,8c1f64ddb0000155-20250421184627059830,false,true,400,750,2025-04-21T18:46:27.059830Z,23.2,,6,0,1,da8b1f31-b35d-4329-875c-d1e8c3f39f55,0.0300,8c1f64ddb0000155,40
attachments/,"""0c0014b6-0000-0d00-0000-680694450000""",LHocAPPPqmX1WioAAAAAAA==,dbs/LHocAA==/colls/LHocAPPPqmU=/docs/LHocAPPPqmX1WioAAAAAAA==/,1745261637,23.4,,,false,,63,false,8c1f64ddb0000155-20250421185127059830,false,true,400,750,2025-04-21T18:51:27.059830Z,23.2,,6,0,1,da8b1f31-b35d-4329-875c-d1e8c3f39f55,0.0300,8c1f64ddb0000155,40
attachments/,"""0c0015b6-0000-0d00-0000-680694450000""",LHocAPPPqmX2WioAAAAAAA==,dbs/LHocAA==/colls/LHocAPPPqmU=/docs/LHocAPPPqmX2WioAAAAAAA==/,1745261637,23.4,,,false,24.1,63,false,8c1f64ddb0000155-20250421185357059830,false,true,400,750,2025-04-21T18:53:57.059830Z,23.2,,6,0,1,da8b1f31-b35d-4329-875c-d1e8c3f39f55,0.0300,8c1f64ddb0000155,40
attachments/,"""0c005db7-0000-0d00-0000-6806969e0000""",LHocAPPPqmWDWyoAAAAAAA==,dbs/LHocAA==/colls/LHocAPPPqmU=/docs/LHocAPPPqmWDWyoAAAAAAA==/,1745262238,23.3,2.94,0,false,23.9,63,false,8c1f64ddb0000155-20250421190358431530,false,true,400,750,2025-04-21T19:03:58.431530Z,23.1,0,6,0,1,da8b1f31-b35d-4329-875c-d1e8c3f39f55,0.0200,8c1f64ddb0000155,40
attachments/,"""0c005eb7-0000-0d00-0000-6806969e0000""",LHocAPPPqmWEWyoAAAAAAA==,dbs/LHocAA==/colls/LHocAPPPqmU=/docs/LHocAPPPqmWEWyoAAAAAAA==/,1745262238,23.4,2.94,0,false,,63,false,8c1f64ddb0000155-20250421185628431530,false,true,400,750,2025-04-21T18:56:28.431530Z,23.1,0,6,0,1,da8b1f31-b35d-4329-875c-d1e8c3f39f55,0.0200,8c1f64ddb0000155,40
attachments/,"""0c005fb7-0000-0d00-0000-6806969e0000""",LHocAPPPqmWFWyoAAAAAAA==,dbs/LHocAA==/colls/LHocAPPPqmU=/docs/LHocAPPPqmWFWyoAAAAAAA==/,1745262238,23.4,2.94,0,false,,63,false,8c1f64ddb0000155-20250421185858431530,false,true,400,750,2025-04-21T18:58:58.431530Z,23.1,0,6,0,1,da8b1f31-b35d-4329-875c-d1e8c3f39f55,0.0200,8c1f64ddb0000155,40
attachments/,"""0c0060b7-0000-0d00-0000-6806969f0000""",LHocAPPPqmWGWyoAAAAAAA==,dbs/LHocAA==/colls/LHocAPPPqmU=/docs/LHocAPPPqmWGWyoAAAAAAA==/,1745262239,23.4,2.94,0,false,,63,false,8c1f64ddb0000155-20250421190128431530,false,true,400,750,2025-04-21T19:01:28.431530Z,23.1,0,6,0,1,da8b1f31-b35d-4329-875c-d1e8c3f39f55,0.0200,8c1f64ddb0000155,40
attachments/,"""0c00b5b8-0000-0d00-0000-680698f50000""",LHocAPPPqmUVXCoAAAAAAA==,dbs/LHocAA==/colls/LHocAPPPqmU=/docs/LHocAPPPqmUVXCoAAAAAAA==/,1745262837,23.3,,,false,,63,false,8c1f64ddb0000155-20250421190857305769,false,true,400,750,2025-04-21T19:08:57.305769Z,23,,6,0,1,da8b1f31-b35d-4329-875c-d1e8c3f39f55,0.0200,8c1f64ddb0000155,40
attachments/,"""0c00b6b8-0000-0d00-0000-680698f50000""",LHocAPPPqmUWXCoAAAAAAA==,dbs/LHocAA==/colls/LHocAPPPqmU=/docs/LHocAPPPqmUWXCoAAAAAAA==/,1745262837,23.3,,,false,,63,false,8c1f64ddb0000155-20250421190627305769,false,true,400,750,2025-04-21T19:06:27.305769Z,23.1,,6,0,1,da8b1f31-b35d-4329-875c-d1e8c3f39f55,0.0200,8c1f64ddb0000155,40
attachments/,"""0c00b7b8-0000-0d00-0000-680698f50000""",LHocAPPPqmUXXCoAAAAAAA==,dbs/LHocAA==/colls/LHocAPPPqmU=/docs/LHocAPPPqmUXXCoAAAAAAA==/,1745262837,23.3,,,false,,63,false,8c1f64ddb0000155-20250421191127305769,false,true,400,750,2025-04-21T19:11:27.305769Z,23,,6,0,1,da8b1f31-b35d-4329-875c-d1e8c3f39f55,0.0200,8c1f64ddb0000155,40
attachments/,"""0c00b8b8-0000-0d00-0000-680698f50000""",LHocAPPPqmUYXCoAAAAAAA==,dbs/LHocAA==/colls/LHocAPPPqmU=/docs/LHocAPPPqmUYXCoAAAAAAA==/,1745262837,23.3,,,false,23.8,64,false,8c1f64ddb0000155-20250421191357305769,false,true,400,750,2025-04-21T19:13:57.305769Z,23,,6,0,1,da8b1f31-b35d-4329-875c-d1e8c3f39f55,0.0200,8c1f64ddb0000155,40
attachments/,"""0c00ceba-0000-0d00-0000-68069b4d0000""",LHocAPPPqmWlXCoAAAAAAA==,dbs/LHocAA==/colls/LHocAPPPqmU=/docs/LHocAPPPqmWlXCoAAAAAAA==/,1745263437,23.3,,,false,,64,false,8c1f64ddb0000155-20250421191626951230,false,true,400,750,2025-04-21T19:16:26.951230Z,23,,6,0,1,da8b1f31-b35d-4329-875c-d1e8c3f39f55,0.0200,8c1f64ddb0000155,40
attachments/,"""0c00cfba-0000-0d00-0000-68069b4d0000""",LHocAPPPqmWmXCoAAAAAAA==,dbs/LHocAA==/colls/LHocAPPPqmU=/docs/LHocAPPPqmWmXCoAAAAAAA==/,1745263437,23.2,,,false,,64,false,8c1f64ddb0000155-20250421191856951230,false,true,400,750,2025-04-21T19:18:56.951230Z,23,,6,0,1,da8b1f31-b35d-4329-875c-d1e8c3f39f55,0.0200,8c1f64ddb0000155,40
attachments/,"""0c00d0ba-0000-0d00-0000-68069b4d0000""",LHocAPPPqmWnXCoAAAAAAA==,dbs/LHocAA==/colls/LHocAPPPqmU=/docs/LHocAPPPqmWnXCoAAAAAAA==/,1745263437,23.2,,,false,23.7,64,false,8c1f64ddb0000155-20250421192356951230,false,true,400,750,2025-04-21T19:23:56.951230Z,22.9,,6,0,1,da8b1f31-b35d-4329-875c-d1e8c3f39f55,0.0200,8c1f64ddb0000155,40
attachments/,"""0c00d1ba-0000-0d00-0000-68069b4d0000""",LHocAPPPqmWoXCoAAAAAAA==,dbs/LHocAA==/colls/LHocAPPPqmU=/docs/LHocAPPPqmWoXCoAAAAAAA==/,1745263437,23.2,,,false,,64,false,8c1f64ddb0000155-20250421192126951230,false,true,400,750,2025-04-21T19:21:26.951230Z,22.9,,6,0,1,da8b1f31-b35d-4329-875c-d1e8c3f39f55,0.0200,8c1f64ddb0000155,40
attachments/,"""0c001bbc-0000-0d00-0000-68069da50000""",LHocAPPPqmU1XSoAAAAAAA==,dbs/LHocAA==/colls/LHocAPPPqmU=/docs/LHocAPPPqmU1XSoAAAAAAA==/,1745264037,23.2,2.94,0,false,,64,false,8c1f64ddb0000155-20250421192626871960,false,true,400,750,2025-04-21T19:26:26.871960Z,22.9,0,6,0,1,da8b1f31-b35d-4329-875c-d1e8c3f39f55,0.0200,8c1f64ddb0000155,40
attachments/,"""0c001cbc-0000-0d00-0000-68069da50000""",LHocAPPPqmU2XSoAAAAAAA==,dbs/LHocAA==/colls/LHocAPPPqmU=/docs/LHocAPPPqmU2XSoAAAAAAA==/,1745264037,23.2,2.94,0,false,,64,false,8c1f64ddb0000155-20250421192856871960,false,true,400,750,2025-04-21T19:28:56.871960Z,22.9,0,6,0,1,da8b1f31-b35d-4329-875c-d1e8c3f39f55,0.0200,8c1f64ddb0000155,40
attachments/,"""0c001dbc-0000-0d00-0000-68069da50000""",LHocAPPPqmU3XSoAAAAAAA==,dbs/LHocAA==/colls/LHocAPPPqmU=/docs/LHocAPPPqmU3XSoAAAAAAA==/,1745264037,23.2,2.94,0,false,,64,false,8c1f64ddb0000155-20250421193126871960,false,true,400,750,2025-04-21T19:31:26.871960Z,22.9,0,6,0,1,da8b1f31-b35d-4329-875c-d1e8c3f39f55,0.0200,8c1f64ddb0000155,40
attachments/,"""0c001ebc-0000-0d00-0000-68069da50000""",LHocAPPPqmU4XSoAAAAAAA==,dbs/LHocAA==/colls/LHocAPPPqmU=/docs/LHocAPPPqmU4XSoAAAAAAA==/,1745264037,23.2,2.94,0,false,23.6,64,false,8c1f64ddb0000155-20250421193356871960,false,true,400,750,2025-04-21T19:33:56.871960Z,22.8,0,6,0,1,da8b1f31-b35d-4329-875c-d1e8c3f39f55,0.0200,8c1f64ddb0000155,40
attachments/,"""0c006bbd-0000-0d00-0000-68069ffe0000""",LHocAPPPqmXFXSoAAAAAAA==,dbs/LHocAA==/colls/LHocAPPPqmU=/docs/LHocAPPPqmXFXSoAAAAAAA==/,1745264638,23.1,,,false,,64,false,8c1f64ddb0000155-20250421193627871218,false,true,400,750,2025-04-21T19:36:27.871218Z,22.8,,6,0,1,da8b1f31-b35d-4329-875c-d1e8c3f39f55,0.0200,8c1f64ddb0000155,40
attachments/,"""0c006cbd-0000-0d00-0000-68069ffe0000""",LHocAPPPqmXGXSoAAAAAAA==,dbs/LHocAA==/colls/LHocAPPPqmU=/docs/LHocAPPPqmXGXSoAAAAAAA==/,1745264638,23.1,,,false,,64,false,8c1f64ddb0000155-20250421193857871218,false,true,400,750,2025-04-21T19:38:57.871218Z,22.8,,6,0,1,da8b1f31-b35d-4329-875c-d1e8c3f39f55,0.0200,8c1f64ddb0000155,40
attachments/,"""0c006dbd-0000-0d00-0000-68069ffe0000""",LHocAPPPqmXHXSoAAAAAAA==,dbs/LHocAA==/colls/LHocAPPPqmU=/docs/LHocAPPPqmXHXSoAAAAAAA==/,1745264638,23.1,,,false,,64,false,8c1f64ddb0000155-20250421194127871218,false,true,400,750,2025-04-21T19:41:27.871218Z,22.8,,6,0,1,da8b1f31-b35d-4329-875c-d1e8c3f39f55,0.0200,8c1f64ddb0000155,40
attachments/,"""0c006ebd-0000-0d00-0000-68069ffe0000""",LHocAPPPqmXIXSoAAAAAAA==,dbs/LHocAA==/colls/LHocAPPPqmU=/docs/LHocAPPPqmXIXSoAAAAAAA==/,1745264638,23.1,,,false,23.5,64,false,8c1f64ddb0000155-20250421194357871218,false,true,400,750,2025-04-21T19:43:57.871218Z,22.8,,6,0,1,da8b1f31-b35d-4329-875c-d1e8c3f39f55,0.0200,8c1f64ddb0000155,40
attachments/,"""0c00bdbe-0000-0d00-0000-6806a2540000""",LHocAPPPqmVRXioAAAAAAA==,dbs/LHocAA==/colls/LHocAPPPqmU=/docs/LHocAPPPqmVRXioAAAAAAA==/,1745265236,23.1,,,false,,64,false,8c1f64ddb0000155-20250421195125897682,false,true,400,750,2025-04-21T19:51:25.897682Z,22.7,,6,0,1,da8b1f31-b35d-4329-875c-d1e8c3f39f55,0.0200,8c1f64ddb0000155,40
attachments/,"""0c00bebe-0000-0d00-0000-6806a2540000""",LHocAPPPqmVSXioAAAAAAA==,dbs/LHocAA==/colls/LHocAPPPqmU=/docs/LHocAPPPqmVSXioAAAAAAA==/,1745265236,23.1,,,false,,64,false,8c1f64ddb0000155-20250421194625897682,false,true,400,750,2025-04-21T19:46:25.897682Z,22.7,,6,0,1,da8b1f31-b35d-4329-875c-d1e8c3f39f55,0.0200,8c1f64ddb0000155,40
attachments/,"""0c00bfbe-0000-0d00-0000-6806a2540000""",LHocAPPPqmVTXioAAAAAAA==,dbs/LHocAA==/colls/LHocAPPPqmU=/docs/LHocAPPPqmVTXioAAAAAAA==/,1745265236,23.1,,,false,,64,false,8c1f64ddb0000155-20250421194855897682,false,true,400,750,2025-04-21T19:48:55.897682Z,22.7,,6,0,1,da8b1f31-b35d-4329-875c-d1e8c3f39f55,0.0200,8c1f64ddb0000155,40
attachments/,"""0c00c0be-0000-0d00-0000-6806a2540000""",LHocAPPPqmVUXioAAAAAAA==,dbs/LHocAA==/colls/LHocAPPPqmU=/docs/LHocAPPPqmVUXioAAAAAAA==/,1745265236,23,,,false,23.5,64,false,8c1f64ddb0000155-20250421195355897682,false,true,400,750,2025-04-21T19:53:55.897682Z,22.7,,6,0,1,da8b1f31-b35d-4329-875c-d1e8c3f39f55,0.0200,8c1f64ddb0000155,40
attachments/,"""0c00f4bf-0000-0d00-0000-6806a4ad0000""",LHocAPPPqmXdXioAAAAAAA==,dbs/LHocAA==/colls/LHocAPPPqmU=/docs/LHocAPPPqmXdXioAAAAAAA==/,1745265837,23,2.94,0,false,,65,false,8c1f64ddb0000155-20250421195856732372,false,true,400,750,2025-04-21T19:58:56.732372Z,22.7,0,6,0,1,da8b1f31-b35d-4329-875c-d1e8c3f39f55,0.0200,8c1f64ddb0000155,40
attachments/,"""0c00f5bf-0000-0d00-0000-6806a4ad0000""",LHocAPPPqmXeXioAAAAAAA==,dbs/LHocAA==/colls/LHocAPPPqmU=/docs/LHocAPPPqmXeXioAAAAAAA==/,1745265837,23,2.94,0,false,,64,false,8c1f64ddb0000155-20250421195626732372,false,true,400,750,2025-04-21T19:56:26.732372Z,22.7,0,6,0,1,da8b1f31-b35d-4329-875c-d1e8c3f39f55,0.0200,8c1f64ddb0000155,40
attachments/,"""0c00f6bf-0000-0d00-0000-6806a4ad0000""",LHocAPPPqmXfXioAAAAAAA==,dbs/LHocAA==/colls/LHocAPPPqmU=/docs/LHocAPPPqmXfXioAAAAAAA==/,1745265837,23,2.94,0,false,23.4,65,false,8c1f64ddb0000155-20250421200356732372,false,true,400,750,2025-04-21T20:03:56.732372Z,22.7,0,6,0,1,da8b1f31-b35d-4329-875c-d1e8c3f39f55,0.0200,8c1f64ddb0000155,40
attachments/,"""0c00f7bf-0000-0d00-0000-6806a4ad0000""",LHocAPPPqmXgXioAAAAAAA==,dbs/LHocAA==/colls/LHocAPPPqmU=/docs/LHocAPPPqmXgXioAAAAAAA==/,1745265837,23,2.94,0,false,,65,false,8c1f64ddb0000155-20250421200126732372,false,true,400,750,2025-04-21T20:01:26.732372Z,22.7,0,6,0,1,da8b1f31-b35d-4329-875c-d1e8c3f39f55,0.0200,8c1f64ddb0000155,40
attachments/,"""0c005ac1-0000-0d00-0000-6806a7050000""",LHocAPPPqmVtXyoAAAAAAA==,dbs/LHocAA==/colls/LHocAPPPqmU=/docs/LHocAPPPqmVtXyoAAAAAAA==/,1745266437,23,,,false,,65,false,8c1f64ddb0000155-20250421200627069645,false,true,400,750,2025-04-21T20:06:27.069645Z,22.6,,6,0,1,da8b1f31-b35d-4329-875c-d1e8c3f39f55,0.0200,8c1f64ddb0000155,40
attachments/,"""0c005bc1-0000-0d00-0000-6806a7050000""",LHocAPPPqmVuXyoAAAAAAA==,dbs/LHocAA==/colls/LHocAPPPqmU=/docs/LHocAPPPqmVuXyoAAAAAAA==/,1745266437,23,,,false,,65,false,8c1f64ddb0000155-20250421200857069645,false,true,400,750,2025-04-21T20:08:57.069645Z,22.6,,6,0,1,da8b1f31-b35d-4329-875c-d1e8c3f39f55,0.0200,8c1f64ddb0000155,40
attachments/,"""0c005cc1-0000-0d00-0000-6806a7050000""",LHocAPPPqmVvXyoAAAAAAA==,dbs/LHocAA==/colls/LHocAPPPqmU=/docs/LHocAPPPqmVvXyoAAAAAAA==/,1745266437,22.9,,,false,,65,false,8c1f64ddb0000155-20250421201127069645,false,true,400,750,2025-04-21T20:11:27.069645Z,22.6,,6,0,1,da8b1f31-b35d-4329-875c-d1e8c3f39f55,0.0200,8c1f64ddb0000155,40
attachments/,"""0c005dc1-0000-0d00-0000-6806a7050000""",LHocAPPPqmVwXyoAAAAAAA==,dbs/LHocAA==/colls/LHocAPPPqmU=/docs/LHocAPPPqmVwXyoAAAAAAA==/,1745266437,22.9,,,false,23.3,65,false,8c1f64ddb0000155-20250421201357069645,false,true,400,750,2025-04-21T20:13:57.069645Z,22.6,,6,0,1,da8b1f31-b35d-4329-875c-d1e8c3f39f55,0.0100,8c1f64ddb0000155,40
attachments/,"""0c009ec2-0000-0d00-0000-6806a95c0000""",LHocAPPPqmX9XyoAAAAAAA==,dbs/LHocAA==/colls/LHocAPPPqmU=/docs/LHocAPPPqmX9XyoAAAAAAA==/,1745267036,22.9,,,false,,65,false,8c1f64ddb0000155-20250421201856455144,false,true,400,750,2025-04-21T20:18:56.455144Z,22.6,,6,0,1,da8b1f31-b35d-4329-875c-d1e8c3f39f55,0.0100,8c1f64ddb0000155,40
attachments/,"""0c009fc2-0000-0d00-0000-6806a95d0000""",LHocAPPPqmX+XyoAAAAAAA==,dbs/LHocAA==/colls/LHocAPPPqmU=/docs/LHocAPPPqmX+XyoAAAAAAA==/,1745267037,22.9,,,false,,65,false,8c1f64ddb0000155-20250421202126455144,false,true,400,750,2025-04-21T20:21:26.455144Z,22.6,,6,0,1,da8b1f31-b35d-4329-875c-d1e8c3f39f55,0.0100,8c1f64ddb0000155,40
attachments/,"""0c00a0c2-0000-0d00-0000-6806a95d0000""",LHocAPPPqmX-XyoAAAAAAA==,dbs/LHocAA==/colls/LHocAPPPqmU=/docs/LHocAPPPqmX-XyoAAAAAAA==/,1745267037,22.9,,,false,,65,false,8c1f64ddb0000155-20250421201626455144,false,true,400,750,2025-04-21T20:16:26.455144Z,22.6,,6,0,1,da8b1f31-b35d-4329-875c-d1e8c3f39f55,0.0100,8c1f64ddb0000155,40
attachments/,"""0c00a1c2-0000-0d00-0000-6806a95d0000""",LHocAPPPqmUAYCoAAAAAAA==,dbs/LHocAA==/colls/LHocAPPPqmU=/docs/LHocAPPPqmUAYCoAAAAAAA==/,1745267037,22.9,,,false,23.2,65,false,8c1f64ddb0000155-20250421202356455144,false,true,400,750,2025-04-21T20:23:56.455144Z,22.5,,6,0,1,da8b1f31-b35d-4329-875c-d1e8c3f39f55,0.0100,8c1f64ddb0000155,40
attachments/,"""0c00fcc3-0000-0d00-0000-6806abb60000""",LHocAPPPqmWNYCoAAAAAAA==,dbs/LHocAA==/colls/LHocAPPPqmU=/docs/LHocAPPPqmWNYCoAAAAAAA==/,1745267638,22.9,2.93,0,false,,65,false,8c1f64ddb0000155-20250421202628006915,false,true,400,750,2025-04-21T20:26:28.006915Z,22.5,0,6,0,1,da8b1f31-b35d-4329-875c-d1e8c3f39f55,0.0100,8c1f64ddb0000155,40
attachments/,"""0c00fdc3-0000-0d00-0000-6806abb60000""",LHocAPPPqmWOYCoAAAAAAA==,dbs/LHocAA==/colls/LHocAPPPqmU=/docs/LHocAPPPqmWOYCoAAAAAAA==/,1745267638,22.9,2.93,0,false,,65,false,8c1f64ddb0000155-20250421202858006915,false,true,400,750,2025-04-21T20:28:58.006915Z,22.5,0,6,0,1,da8b1f31-b35d-4329-875c-d1e8c3f39f55,0.0100,8c1f64ddb0000155,40
attachments/,"""0c00fec3-0000-0d00-0000-6806abb60000""",LHocAPPPqmWPYCoAAAAAAA==,dbs/LHocAA==/colls/LHocAPPPqmU=/docs/LHocAPPPqmWPYCoAAAAAAA==/,1745267638,22.8,2.93,0,false,,65,false,8c1f64ddb0000155-20250421203128006915,false,true,400,750,2025-04-21T20:31:28.006915Z,22.5,0,6,0,1,da8b1f31-b35d-4329-875c-d1e8c3f39f55,0.0100,8c1f64ddb0000155,40
attachments/,"""0c00ffc3-0000-0d00-0000-6806abb60000""",LHocAPPPqmWQYCoAAAAAAA==,dbs/LHocAA==/colls/LHocAPPPqmU=/docs/LHocAPPPqmWQYCoAAAAAAA==/,1745267638,22.8,2.93,0,false,23.1,65,false,8c1f64ddb0000155-20250421203358006915,false,true,400,750,2025-04-21T20:33:58.006915Z,22.5,0,6,0,1,da8b1f31-b35d-4329-875c-d1e8c3f39f55,0.0100,8c1f64ddb0000155,40
attachments/,"""0c004dc5-0000-0d00-0000-6806ae0e0000""",LHocAPPPqmUdYSoAAAAAAA==,dbs/LHocAA==/colls/LHocAPPPqmU=/docs/LHocAPPPqmUdYSoAAAAAAA==/,1745268238,22.8,,,false,,65,false,8c1f64ddb0000155-20250421203628292308,false,true,400,750,2025-04-21T20:36:28.292308Z,22.5,,6,0,1,da8b1f31-b35d-4329-875c-d1e8c3f39f55,0.0100,8c1f64ddb0000155,40
attachments/,"""0c004ec5-0000-0d00-0000-6806ae0e0000""",LHocAPPPqmUeYSoAAAAAAA==,dbs/LHocAA==/colls/LHocAPPPqmU=/docs/LHocAPPPqmUeYSoAAAAAAA==/,1745268238,22.8,,,false,,65,false,8c1f64ddb0000155-20250421203858292308,false,true,400,750,2025-04-21T20:38:58.292308Z,22.4,,6,0,1,da8b1f31-b35d-4329-875c-d1e8c3f39f55,0.0100,8c1f64ddb0000155,40
attachments/,"""0c004fc5-0000-0d00-0000-6806ae0e0000""",LHocAPPPqmUfYSoAAAAAAA==,dbs/LHocAA==/colls/LHocAPPPqmU=/docs/LHocAPPPqmUfYSoAAAAAAA==/,1745268238,22.8,,,false,,65,false,8c1f64ddb0000155-20250421204128292308,false,true,400,750,2025-04-21T20:41:28.292308Z,22.4,,6,0,1,da8b1f31-b35d-4329-875c-d1e8c3f39f55,0.0100,8c1f64ddb0000155,40
attachments/,"""0c0050c5-0000-0d00-0000-6806ae0e0000""",LHocAPPPqmUgYSoAAAAAAA==,dbs/LHocAA==/colls/LHocAPPPqmU=/docs/LHocAPPPqmUgYSoAAAAAAA==/,1745268238,22.8,,,false,23.1,65,false,8c1f64ddb0000155-20250421204358292308,false,true,400,750,2025-04-21T20:43:58.292308Z,22.4,,6,0,1,da8b1f31-b35d-4329-875c-d1e8c3f39f55,0.0100,8c1f64ddb0000155,40
attachments/,"""0c0096c6-0000-0d00-0000-6806b0650000""",LHocAPPPqmWtYSoAAAAAAA==,dbs/LHocAA==/colls/LHocAPPPqmU=/docs/LHocAPPPqmWtYSoAAAAAAA==/,1745268837,22.8,,,false,,65,false,8c1f64ddb0000155-20250421204626171041,false,true,400,750,2025-04-21T20:46:26.171041Z,22.4,,6,0,1,da8b1f31-b35d-4329-875c-d1e8c3f39f55,0.0100,8c1f64ddb0000155,40
attachments/,"""0c0097c6-0000-0d00-0000-6806b0650000""",LHocAPPPqmWuYSoAAAAAAA==,dbs/LHocAA==/colls/LHocAPPPqmU=/docs/LHocAPPPqmWuYSoAAAAAAA==/,1745268837,22.7,,,false,,65,false,8c1f64ddb0000155-20250421204856171041,false,true,400,750,2025-04-21T20:48:56.171041Z,22.4,,6,0,1,da8b1f31-b35d-4329-875c-d1e8c3f39f55,0.0100,8c1f64ddb0000155,40
attachments/,"""0c0098c6-0000-0d00-0000-6806b0650000""",LHocAPPPqmWvYSoAAAAAAA==,dbs/LHocAA==/colls/LHocAPPPqmU=/docs/LHocAPPPqmWvYSoAAAAAAA==/,1745268837,22.7,,,false,,65,false,8c1f64ddb0000155-20250421205126171041,false,true,400,750,2025-04-21T20:51:26.171041Z,22.4,,6,0,1,da8b1f31-b35d-4329-875c-d1e8c3f39f55,0.0100,8c1f64ddb0000155,40
attachments/,"""0c0099c6-0000-0d00-0000-6806b0650000""",LHocAPPPqmWwYSoAAAAAAA==,dbs/LHocAA==/colls/LHocAPPPqmU=/docs/LHocAPPPqmWwYSoAAAAAAA==/,1745268837,22.7,,,false,23,65,false,8c1f64ddb0000155-20250421205356171041,false,true,400,750,2025-04-21T20:53:56.171041Z,22.4,,6,0,1,da8b1f31-b35d-4329-875c-d1e8c3f39f55,0.0100,8c1f64ddb0000155,40
attachments/,"""0c0017c8-0000-0d00-0000-6806b2bc0000""",LHocAPPPqmU-YioAAAAAAA==,dbs/LHocAA==/colls/LHocAPPPqmU=/docs/LHocAPPPqmU-YioAAAAAAA==/,1745269436,22.7,2.93,0,false,,65,false,8c1f64ddb0000155-20250421205625885023,false,true,400,750,2025-04-21T20:56:25.885023Z,22.4,0,6,0,1,da8b1f31-b35d-4329-875c-d1e8c3f39f55,0.0100,8c1f64ddb0000155,40
attachments/,"""0c0018c8-0000-0d00-0000-6806b2bc0000""",LHocAPPPqmVAYioAAAAAAA==,dbs/LHocAA==/colls/LHocAPPPqmU=/docs/LHocAPPPqmVAYioAAAAAAA==/,1745269436,22.7,2.93,0,false,,66,false,8c1f64ddb0000155-20250421210125885023,false,true,400,750,2025-04-21T21:01:25.885023Z,22.4,0,6,0,1,da8b1f31-b35d-4329-875c-d1e8c3f39f55,0.0100,8c1f64ddb0000155,40
attachments/,"""0c0019c8-0000-0d00-0000-6806b2bc0000""",LHocAPPPqmVBYioAAAAAAA==,dbs/LHocAA==/colls/LHocAPPPqmU=/docs/LHocAPPPqmVBYioAAAAAAA==/,1745269436,22.7,2.93,0,false,,65,false,8c1f64ddb0000155-20250421205855885023,false,true,400,750,2025-04-21T20:58:55.885023Z,22.4,0,6,0,1,da8b1f31-b35d-4329-875c-d1e8c3f39f55,0.0100,8c1f64ddb0000155,40
attachments/,"""0c001ac8-0000-0d00-0000-6806b2bc0000""",LHocAPPPqmVCYioAAAAAAA==,dbs/LHocAA==/colls/LHocAPPPqmU=/docs/LHocAPPPqmVCYioAAAAAAA==/,1745269436,22.7,2.93,0,false,22.9,66,false,8c1f64ddb0000155-20250421210355885023,false,true,400,750,2025-04-21T21:03:55.885023Z,22.3,0,6,0,1,da8b1f31-b35d-4329-875c-d1e8c3f39f55,0.0100,8c1f64ddb0000155,40
attachments/,"""0c009ac9-0000-0d00-0000-6806b5160000""",LHocAPPPqmXPYioAAAAAAA==,dbs/LHocAA==/colls/LHocAPPPqmU=/docs/LHocAPPPqmXPYioAAAAAAA==/,1745270038,22.7,,,false,,66,false,8c1f64ddb0000155-20250421210628217538,false,true,400,750,2025-04-21T21:06:28.217538Z,22.3,,6,0,1,da8b1f31-b35d-4329-875c-d1e8c3f39f55,0.0100,8c1f64ddb0000155,40
attachments/,"""0c009bc9-0000-0d00-0000-6806b5160000""",LHocAPPPqmXQYioAAAAAAA==,dbs/LHocAA==/colls/LHocAPPPqmU=/docs/LHocAPPPqmXQYioAAAAAAA==/,1745270038,22.6,,,false,,66,false,8c1f64ddb0000155-20250421211128217538,false,true,400,750,2025-04-21T21:11:28.217538Z,22.3,,6,0,1,da8b1f31-b35d-4329-875c-d1e8c3f39f55,0.0100,8c1f64ddb0000155,40
attachments/,"""0c009cc9-0000-0d00-0000-6806b5160000""",LHocAPPPqmXRYioAAAAAAA==,dbs/LHocAA==/colls/LHocAPPPqmU=/docs/LHocAPPPqmXRYioAAAAAAA==/,1745270038,22.7,,,false,,66,false,8c1f64ddb0000155-20250421210858217538,false,true,400,750,2025-04-21T21:08:58.217538Z,22.3,,6,0,1,da8b1f31-b35d-4329-875c-d1e8c3f39f55,0.0100,8c1f64ddb0000155,40
attachments/,"""0c009dc9-0000-0d00-0000-6806b5160000""",LHocAPPPqmXSYioAAAAAAA==,dbs/LHocAA==/colls/LHocAPPPqmU=/docs/LHocAPPPqmXSYioAAAAAAA==/,1745270038,22.6,,,false,22.8,66,false,8c1f64ddb0000155-20250421211358217538,false,true,400,750,2025-04-21T21:13:58.217538Z,22.3,,6,0,1,da8b1f31-b35d-4329-875c-d1e8c3f39f55,0.0100,8c1f64ddb0000155,40
attachments/,"""0c00e3ca-0000-0d00-0000-6806b76d0000""",LHocAPPPqmVfYyoAAAAAAA==,dbs/LHocAA==/colls/LHocAPPPqmU=/docs/LHocAPPPqmVfYyoAAAAAAA==/,1745270637,22.6,,,false,,66,false,8c1f64ddb0000155-20250421211626818313,false,true,400,750,2025-04-21T21:16:26.818313Z,22.3,,6,0,1,da8b1f31-b35d-4329-875c-d1e8c3f39f55,0.0100,8c1f64ddb0000155,40
attachments/,"""0c00e4ca-0000-0d00-0000-6806b76d0000""",LHocAPPPqmVgYyoAAAAAAA==,dbs/LHocAA==/colls/LHocAPPPqmU=/docs/LHocAPPPqmVgYyoAAAAAAA==/,1745270637,22.6,,,false,,66,false,8c1f64ddb0000155-20250421211856818313,false,true,400,750,2025-04-21T21:18:56.818313Z,22.3,,6,0,1,da8b1f31-b35d-4329-875c-d1e8c3f39f55,0.0100,8c1f64ddb0000155,40
attachments/,"""0c00e5ca-0000-0d00-0000-6806b76d0000""",LHocAPPPqmVhYyoAAAAAAA==,dbs/LHocAA==/colls/LHocAPPPqmU=/docs/LHocAPPPqmVhYyoAAAAAAA==/,1745270637,22.6,,,false,,66,false,8c1f64ddb0000155-20250421212126818313,false,true,400,750,2025-04-21T21:21:26.818313Z,22.3,,6,0,1,da8b1f31-b35d-4329-875c-d1e8c3f39f55,0.0100,8c1f64ddb0000155,40
attachments/,"""0c00e6ca-0000-0d00-0000-6806b76e0000""",LHocAPPPqmViYyoAAAAAAA==,dbs/LHocAA==/colls/LHocAPPPqmU=/docs/LHocAPPPqmViYyoAAAAAAA==/,1745270638,22.6,,,false,22.8,66,false,8c1f64ddb0000155-20250421212356818313,false,true,400,750,2025-04-21T21:23:56.818313Z,22.2,,6,0,1,da8b1f31-b35d-4329-875c-d1e8c3f39f55,0.0100,8c1f64ddb0000155,40
attachments/,"""0c0022cc-0000-0d00-0000-6806b9c60000""",LHocAPPPqmXsYyoAAAAAAA==,dbs/LHocAA==/colls/LHocAPPPqmU=/docs/LHocAPPPqmXsYyoAAAAAAA==/,1745271238,22.6,2.93,0,false,,66,false,8c1f64ddb0000155-20250421212627703240,false,true,400,750,2025-04-21T21:26:27.703240Z,22.2,0,6,0,1,da8b1f31-b35d-4329-875c-d1e8c3f39f55,0.0100,8c1f64ddb0000155,40
attachments/,"""0c0023cc-0000-0d00-0000-6806b9c60000""",LHocAPPPqmXtYyoAAAAAAA==,dbs/LHocAA==/colls/LHocAPPPqmU=/docs/LHocAPPPqmXtYyoAAAAAAA==/,1745271238,22.6,2.93,0,false,,66,false,8c1f64ddb0000155-20250421212857703240,false,true,400,750,2025-04-21T21:28:57.703240Z,22.2,0,6,0,1,da8b1f31-b35d-4329-875c-d1e8c3f39f55,0.0100,8c1f64ddb0000155,40
attachments/,"""0c0024cc-0000-0d00-0000-6806b9c60000""",LHocAPPPqmXuYyoAAAAAAA==,dbs/LHocAA==/colls/LHocAPPPqmU=/docs/LHocAPPPqmXuYyoAAAAAAA==/,1745271238,22.6,2.93,0,false,,66,false,8c1f64ddb0000155-20250421213127703240,false,true,400,750,2025-04-21T21:31:27.703240Z,22.2,0,6,0,1,da8b1f31-b35d-4329-875c-d1e8c3f39f55,0.0100,8c1f64ddb0000155,40
attachments/,"""0c0025cc-0000-0d00-0000-6806b9c60000""",LHocAPPPqmXvYyoAAAAAAA==,dbs/LHocAA==/colls/LHocAPPPqmU=/docs/LHocAPPPqmXvYyoAAAAAAA==/,1745271238,22.5,2.93,0,false,22.7,66,false,8c1f64ddb0000155-20250421213357703240,false,true,400,750,2025-04-21T21:33:57.703240Z,22.2,0,6,0,1,da8b1f31-b35d-4329-875c-d1e8c3f39f55,0.0100,8c1f64ddb0000155,40
attachments/,"""0c0063cd-0000-0d00-0000-6806bc1c0000""",LHocAPPPqmV4ZCoAAAAAAA==,dbs/LHocAA==/colls/LHocAPPPqmU=/docs/LHocAPPPqmV4ZCoAAAAAAA==/,1745271836,22.5,,,false,22.6,66,false,8c1f64ddb0000155-20250421214356311629,false,true,400,750,2025-04-21T21:43:56.311629Z,22.2,,6,0,1,da8b1f31-b35d-4329-875c-d1e8c3f39f55,0.0100,8c1f64ddb0000155,40
attachments/,"""0c0064cd-0000-0d00-0000-6806bc1c0000""",LHocAPPPqmV5ZCoAAAAAAA==,dbs/LHocAA==/colls/LHocAPPPqmU=/docs/LHocAPPPqmV5ZCoAAAAAAA==/,1745271836,22.5,,,false,,66,false,8c1f64ddb0000155-20250421213626311629,false,true,400,750,2025-04-21T21:36:26.311629Z,22.2,,6,0,1,da8b1f31-b35d-4329-875c-d1e8c3f39f55,0.0100,8c1f64ddb0000155,40
attachments/,"""0c0065cd-0000-0d00-0000-6806bc1c0000""",LHocAPPPqmV6ZCoAAAAAAA==,dbs/LHocAA==/colls/LHocAPPPqmU=/docs/LHocAPPPqmV6ZCoAAAAAAA==/,1745271836,22.5,,,false,,66,false,8c1f64ddb0000155-20250421213856311629,false,true,400,750,2025-04-21T21:38:56.311629Z,22.2,,6,0,1,da8b1f31-b35d-4329-875c-d1e8c3f39f55,0.0100,8c1f64ddb0000155,40
attachments/,"""0c0067cd-0000-0d00-0000-6806bc1d0000""",LHocAPPPqmV7ZCoAAAAAAA==,dbs/LHocAA==/colls/LHocAPPPqmU=/docs/LHocAPPPqmV7ZCoAAAAAAA==/,1745271837,22.5,,,false,,66,false,8c1f64ddb0000155-20250421214126311629,false,true,400,750,2025-04-21T21:41:26.311629Z,22.2,,6,0,1,da8b1f31-b35d-4329-875c-d1e8c3f39f55,0.0100,8c1f64ddb0000155,40
attachments/,"""0c00b5ce-0000-0d00-0000-6806be750000""",LHocAPPPqmUEZSoAAAAAAA==,dbs/LHocAA==/colls/LHocAPPPqmU=/docs/LHocAPPPqmUEZSoAAAAAAA==/,1745272437,22.5,,,false,,66,false,8c1f64ddb0000155-20250421214857454264,false,true,400,750,2025-04-21T21:48:57.454264Z,22.1,,6,0,1,da8b1f31-b35d-4329-875c-d1e8c3f39f55,0.0100,8c1f64ddb0000155,40
attachments/,"""0c00b6ce-0000-0d00-0000-6806be750000""",LHocAPPPqmUFZSoAAAAAAA==,dbs/LHocAA==/colls/LHocAPPPqmU=/docs/LHocAPPPqmUFZSoAAAAAAA==/,1745272437,22.5,,,false,,66,false,8c1f64ddb0000155-20250421214627454264,false,true,400,750,2025-04-21T21:46:27.454264Z,22.2,,6,0,1,da8b1f31-b35d-4329-875c-d1e8c3f39f55,0.0100,8c1f64ddb0000155,40
attachments/,"""0c00b7ce-0000-0d00-0000-6806be750000""",LHocAPPPqmUGZSoAAAAAAA==,dbs/LHocAA==/colls/LHocAPPPqmU=/docs/LHocAPPPqmUGZSoAAAAAAA==/,1745272437,22.5,,,false,22.6,66,false,8c1f64ddb0000155-20250421215357454264,false,true,400,750,2025-04-21T21:53:57.454264Z,22.1,,6,0,1,da8b1f31-b35d-4329-875c-d1e8c3f39f55,0.0100,8c1f64ddb0000155,40
attachments/,"""0c00b8ce-0000-0d00-0000-6806be750000""",LHocAPPPqmUHZSoAAAAAAA==,dbs/LHocAA==/colls/LHocAPPPqmU=/docs/LHocAPPPqmUHZSoAAAAAAA==/,1745272437,22.5,,,false,,66,false,8c1f64ddb0000155-20250421215127454264,false,true,400,750,2025-04-21T21:51:27.454264Z,22.1,,6,0,1,da8b1f31-b35d-4329-875c-d1e8c3f39f55,0.0100,8c1f64ddb0000155,40
attachments/,"""0c00eacf-0000-0d00-0000-6806c0cd0000""",LHocAPPPqmWQZSoAAAAAAA==,dbs/LHocAA==/colls/LHocAPPPqmU=/docs/LHocAPPPqmWQZSoAAAAAAA==/,1745273037,22.4,2.93,0,false,22.5,66,false,8c1f64ddb0000155-20250421220357631128,false,true,400,750,2025-04-21T22:03:57.631128Z,22.1,0,6,0,1,da8b1f31-b35d-4329-875c-d1e8c3f39f55,0.0100,8c1f64ddb0000155,40
attachments/,"""0c00ebcf-0000-0d00-0000-6806c0ce0000""",LHocAPPPqmWRZSoAAAAAAA==,dbs/LHocAA==/colls/LHocAPPPqmU=/docs/LHocAPPPqmWRZSoAAAAAAA==/,1745273038,22.4,2.93,0,false,,66,false,8c1f64ddb0000155-20250421215627631128,false,true,400,750,2025-04-21T21:56:27.631128Z,22.1,0,6,0,1,da8b1f31-b35d-4329-875c-d1e8c3f39f55,0.0100,8c1f64ddb0000155,40
attachments/,"""0c00eccf-0000-0d00-0000-6806c0ce0000""",LHocAPPPqmWSZSoAAAAAAA==,dbs/LHocAA==/colls/LHocAPPPqmU=/docs/LHocAPPPqmWSZSoAAAAAAA==/,1745273038,22.4,2.93,0,false,,66,false,8c1f64ddb0000155-20250421215857631128,false,true,400,750,2025-04-21T21:58:57.631128Z,22.1,0,6,0,1,da8b1f31-b35d-4329-875c-d1e8c3f39f55,0.0100,8c1f64ddb0000155,40
attachments/,"""0c00edcf-0000-0d00-0000-6806c0ce0000""",LHocAPPPqmWTZSoAAAAAAA==,dbs/LHocAA==/colls/LHocAPPPqmU=/docs/LHocAPPPqmWTZSoAAAAAAA==/,1745273038,22.4,2.93,0,false,,66,false,8c1f64ddb0000155-20250421220127631128,false,true,400,750,2025-04-21T22:01:27.631128Z,22.1,0,6,0,1,da8b1f31-b35d-4329-875c-d1e8c3f39f55,0.0100,8c1f64ddb0000155,40
attachments/,"""0c002ed1-0000-0d00-0000-6806c3240000""",LHocAPPPqmUYZioAAAAAAA==,dbs/LHocAA==/colls/LHocAPPPqmU=/docs/LHocAPPPqmUYZioAAAAAAA==/,1745273636,22.4,,,false,,66,false,8c1f64ddb0000155-20250421220856097635,false,true,400,750,2025-04-21T22:08:56.097635Z,22.1,,6,0,1,da8b1f31-b35d-4329-875c-d1e8c3f39f55,0.0100,8c1f64ddb0000155,40
attachments/,"""0c0030d1-0000-0d00-0000-6806c3240000""",LHocAPPPqmUaZioAAAAAAA==,dbs/LHocAA==/colls/LHocAPPPqmU=/docs/LHocAPPPqmUaZioAAAAAAA==/,1745273636,22.4,,,false,,66,false,8c1f64ddb0000155-20250421221126097635,false,true,400,750,2025-04-21T22:11:26.097635Z,22.1,,6,0,1,da8b1f31-b35d-4329-875c-d1e8c3f39f55,0.0100,8c1f64ddb0000155,40
attachments/,"""0c0034d1-0000-0d00-0000-6806c3240000""",LHocAPPPqmUeZioAAAAAAA==,dbs/LHocAA==/colls/LHocAPPPqmU=/docs/LHocAPPPqmUeZioAAAAAAA==/,1745273636,22.4,,,false,,66,false,8c1f64ddb0000155-20250421220626097635,false,true,400,750,2025-04-21T22:06:26.097635Z,22.1,,6,0,1,da8b1f31-b35d-4329-875c-d1e8c3f39f55,0.0100,8c1f64ddb0000155,40
attachments/,"""0c0035d1-0000-0d00-0000-6806c3250000""",LHocAPPPqmUfZioAAAAAAA==,dbs/LHocAA==/colls/LHocAPPPqmU=/docs/LHocAPPPqmUfZioAAAAAAA==/,1745273637,22.4,,,false,22.5,66,false,8c1f64ddb0000155-20250421221356097635,false,true,400,750,2025-04-21T22:13:56.097635Z,22.1,,6,0,1,da8b1f31-b35d-4329-875c-d1e8c3f39f55,0.0100,8c1f64ddb0000155,40
attachments/,"""0c0063d2-0000-0d00-0000-6806c57c0000""",LHocAPPPqmWgZioAAAAAAA==,dbs/LHocAA==/colls/LHocAPPPqmU=/docs/LHocAPPPqmWgZioAAAAAAA==/,1745274236,22.4,,,false,,67,false,8c1f64ddb0000155-20250421221856316371,false,true,400,750,2025-04-21T22:18:56.316371Z,22.1,,6,0,1,da8b1f31-b35d-4329-875c-d1e8c3f39f55,0.0100,8c1f64ddb0000155,40
attachments/,"""0c0064d2-0000-0d00-0000-6806c57c0000""",LHocAPPPqmWhZioAAAAAAA==,dbs/LHocAA==/colls/LHocAPPPqmU=/docs/LHocAPPPqmWhZioAAAAAAA==/,1745274236,22.4,,,false,,66,false,8c1f64ddb0000155-20250421221626316371,false,true,400,750,2025-04-21T22:16:26.316371Z,22,,6,0,1,da8b1f31-b35d-4329-875c-d1e8c3f39f55,0.0100,8c1f64ddb0000155,40
attachments/,"""0c0065d2-0000-0d00-0000-6806c57c0000""",LHocAPPPqmWiZioAAAAAAA==,dbs/LHocAA==/colls/LHocAPPPqmU=/docs/LHocAPPPqmWiZioAAAAAAA==/,1745274236,22.4,,,false,,67,false,8c1f64ddb0000155-20250421222126316371,false,true,400,750,2025-04-21T22:21:26.316371Z,22,,6,0,1,da8b1f31-b35d-4329-875c-d1e8c3f39f55,0.0100,8c1f64ddb0000155,40
attachments/,"""0c0066d2-0000-0d00-0000-6806c57c0000""",LHocAPPPqmWjZioAAAAAAA==,dbs/LHocAA==/colls/LHocAPPPqmU=/docs/LHocAPPPqmWjZioAAAAAAA==/,1745274236,22.3,,,false,22.5,67,false,8c1f64ddb0000155-20250421222356316371,false,true,400,750,2025-04-21T22:23:56.316371Z,22,,6,0,1,da8b1f31-b35d-4329-875c-d1e8c3f39f55,0.0100,8c1f64ddb0000155,40
attachments/,"""0c00cdd3-0000-0d00-0000-6806c7d60000""",LHocAPPPqmU0ZyoAAAAAAA==,dbs/LHocAA==/colls/LHocAPPPqmU=/docs/LHocAPPPqmU0ZyoAAAAAAA==/,1745274838,22.3,2.92,0,false,,67,false,8c1f64ddb0000155-20250421223127174443,false,true,400,750,2025-04-21T22:31:27.174443Z,22,0,6,0,1,da8b1f31-b35d-4329-875c-d1e8c3f39f55,0.0100,8c1f64ddb0000155,40
attachments/,"""0c00ced3-0000-0d00-0000-6806c7d60000""",LHocAPPPqmU1ZyoAAAAAAA==,dbs/LHocAA==/colls/LHocAPPPqmU=/docs/LHocAPPPqmU1ZyoAAAAAAA==/,1745274838,22.3,2.92,0,false,,67,false,8c1f64ddb0000155-20250421222627174443,false,true,400,750,2025-04-21T22:26:27.174443Z,22,0,6,0,1,da8b1f31-b35d-4329-875c-d1e8c3f39f55,0.0100,8c1f64ddb0000155,40
attachments/,"""0c00d0d3-0000-0d00-0000-6806c7d60000""",LHocAPPPqmU2ZyoAAAAAAA==,dbs/LHocAA==/colls/LHocAPPPqmU=/docs/LHocAPPPqmU2ZyoAAAAAAA==/,1745274838,22.3,2.92,0,false,,67,false,8c1f64ddb0000155-20250421222857174443,false,true,400,750,2025-04-21T22:28:57.174443Z,22,0,6,0,1,da8b1f31-b35d-4329-875c-d1e8c3f39f55,0.0100,8c1f64ddb0000155,40
attachments/,"""0c00d1d3-0000-0d00-0000-6806c7d60000""",LHocAPPPqmU3ZyoAAAAAAA==,dbs/LHocAA==/colls/LHocAPPPqmU=/docs/LHocAPPPqmU3ZyoAAAAAAA==/,1745274838,22.3,2.92,0,false,22.4,67,false,8c1f64ddb0000155-20250421223357174443,false,true,400,750,2025-04-21T22:33:57.174443Z,22,0,6,0,1,da8b1f31-b35d-4329-875c-d1e8c3f39f55,0.0100,8c1f64ddb0000155,40
attachments/,"""0c001cd5-0000-0d00-0000-6806ca2c0000""",LHocAPPPqmXAZyoAAAAAAA==,dbs/LHocAA==/colls/LHocAPPPqmU=/docs/LHocAPPPqmXAZyoAAAAAAA==/,1745275436,22.3,,,false,,67,false,8c1f64ddb0000155-20250421223856485859,false,true,400,750,2025-04-21T22:38:56.485859Z,22,,6,0,1,da8b1f31-b35d-4329-875c-d1e8c3f39f55,0.0100,8c1f64ddb0000155,40
attachments/,"""0c001dd5-0000-0d00-0000-6806ca2c0000""",LHocAPPPqmXBZyoAAAAAAA==,dbs/LHocAA==/colls/LHocAPPPqmU=/docs/LHocAPPPqmXBZyoAAAAAAA==/,1745275436,22.3,,,false,,67,false,8c1f64ddb0000155-20250421223626485859,false,true,400,750,2025-04-21T22:36:26.485859Z,22,,6,0,1,da8b1f31-b35d-4329-875c-d1e8c3f39f55,0.0100,8c1f64ddb0000155,40
attachments/,"""0c001ed5-0000-0d00-0000-6806ca2d0000""",LHocAPPPqmXCZyoAAAAAAA==,dbs/LHocAA==/colls/LHocAPPPqmU=/docs/LHocAPPPqmXCZyoAAAAAAA==/,1745275437,22.3,,,false,,67,false,8c1f64ddb0000155-20250421224126485859,false,true,400,750,2025-04-21T22:41:26.485859Z,22,,6,0,1,da8b1f31-b35d-4329-875c-d1e8c3f39f55,0.0100,8c1f64ddb0000155,40
attachments/,"""0c001fd5-0000-0d00-0000-6806ca2d0000""",LHocAPPPqmXDZyoAAAAAAA==,dbs/LHocAA==/colls/LHocAPPPqmU=/docs/LHocAPPPqmXDZyoAAAAAAA==/,1745275437,22.3,,,false,22.4,67,false,8c1f64ddb0000155-20250421224356485859,false,true,400,750,2025-04-21T22:43:56.485859Z,22,,6,0,1,da8b1f31-b35d-4329-875c-d1e8c3f39f55,0,8c1f64ddb0000155,40
attachments/,"""0c0085d6-0000-0d00-0000-6806cc850000""",LHocAPPPqmVMaCoAAAAAAA==,dbs/LHocAA==/colls/LHocAPPPqmU=/docs/LHocAPPPqmVMaCoAAAAAAA==/,1745276037,22.2,,,false,22.4,67,false,8c1f64ddb0000155-20250421225357076430,false,true,400,750,2025-04-21T22:53:57.076430Z,21.9,,6,0,1,da8b1f31-b35d-4329-875c-d1e8c3f39f55,0,8c1f64ddb0000155,40
attachments/,"""0c0086d6-0000-0d00-0000-6806cc850000""",LHocAPPPqmVNaCoAAAAAAA==,dbs/LHocAA==/colls/LHocAPPPqmU=/docs/LHocAPPPqmVNaCoAAAAAAA==/,1745276037,22.3,,,false,,67,false,8c1f64ddb0000155-20250421224627076430,false,true,400,750,2025-04-21T22:46:27.076430Z,21.9,,6,0,1,da8b1f31-b35d-4329-875c-d1e8c3f39f55,0,8c1f64ddb0000155,40
attachments/,"""0c0087d6-0000-0d00-0000-6806cc850000""",LHocAPPPqmVOaCoAAAAAAA==,dbs/LHocAA==/colls/LHocAPPPqmU=/docs/LHocAPPPqmVOaCoAAAAAAA==/,1745276037,22.3,,,false,,67,false,8c1f64ddb0000155-20250421224857076430,false,true,400,750,2025-04-21T22:48:57.076430Z,21.9,,6,0,1,da8b1f31-b35d-4329-875c-d1e8c3f39f55,0,8c1f64ddb0000155,40
attachments/,"""0c0088d6-0000-0d00-0000-6806cc850000""",LHocAPPPqmVPaCoAAAAAAA==,dbs/LHocAA==/colls/LHocAPPPqmU=/docs/LHocAPPPqmVPaCoAAAAAAA==/,1745276037,22.2,,,false,,67,false,8c1f64ddb0000155-20250421225127076430,false,true,400,750,2025-04-21T22:51:27.076430Z,21.9,,6,0,1,da8b1f31-b35d-4329-875c-d1e8c3f39f55,0,8c1f64ddb0000155,40
attachments/,"""0c00cfd7-0000-0d00-0000-6806cedd0000""",LHocAPPPqmXYaCoAAAAAAA==,dbs/LHocAA==/colls/LHocAPPPqmU=/docs/LHocAPPPqmXYaCoAAAAAAA==/,1745276637,22.2,2.92,0,false,,67,false,8c1f64ddb0000155-20250421225627129293,false,true,400,750,2025-04-21T22:56:27.129293Z,21.9,0,6,0,1,da8b1f31-b35d-4329-875c-d1e8c3f39f55,0,8c1f64ddb0000155,40
attachments/,"""0c00d0d7-0000-0d00-0000-6806cedd0000""",LHocAPPPqmXZaCoAAAAAAA==,dbs/LHocAA==/colls/LHocAPPPqmU=/docs/LHocAPPPqmXZaCoAAAAAAA==/,1745276637,22.2,2.92,0,false,,67,false,8c1f64ddb0000155-20250421225857129293,false,true,400,750,2025-04-21T22:58:57.129293Z,21.9,0,6,0,1,da8b1f31-b35d-4329-875c-d1e8c3f39f55,0,8c1f64ddb0000155,40
attachments/,"""0c00d1d7-0000-0d00-0000-6806cedd0000""",LHocAPPPqmXaaCoAAAAAAA==,dbs/LHocAA==/colls/LHocAPPPqmU=/docs/LHocAPPPqmXaaCoAAAAAAA==/,1745276637,22.2,2.92,0,false,,67,false,8c1f64ddb0000155-20250421230127129293,false,true,400,750,2025-04-21T23:01:27.129293Z,21.9,0,6,0,1,da8b1f31-b35d-4329-875c-d1e8c3f39f55,0.0100,8c1f64ddb0000155,40
attachments/,"""0c00d2d7-0000-0d00-0000-6806cedd0000""",LHocAPPPqmXbaCoAAAAAAA==,dbs/LHocAA==/colls/LHocAPPPqmU=/docs/LHocAPPPqmXbaCoAAAAAAA==/,1745276637,22.2,2.92,0,false,22.3,67,false,8c1f64ddb0000155-20250421230357129293,false,true,400,750,2025-04-21T23:03:57.129293Z,21.9,0,6,0,1,da8b1f31-b35d-4329-875c-d1e8c3f39f55,0,8c1f64ddb0000155,40
attachments/,"""0c0033d9-0000-0d00-0000-6806d1340000""",LHocAPPPqmVkaSoAAAAAAA==,dbs/LHocAA==/colls/LHocAPPPqmU=/docs/LHocAPPPqmVkaSoAAAAAAA==/,1745277236,22.2,,,false,,67,false,8c1f64ddb0000155-20250421230856054660,false,true,400,750,2025-04-21T23:08:56.054660Z,21.8,,6,0,1,da8b1f31-b35d-4329-875c-d1e8c3f39f55,0,8c1f64ddb0000155,40
attachments/,"""0c0034d9-0000-0d00-0000-6806d1340000""",LHocAPPPqmVlaSoAAAAAAA==,dbs/LHocAA==/colls/LHocAPPPqmU=/docs/LHocAPPPqmVlaSoAAAAAAA==/,1745277236,22.2,,,false,,67,false,8c1f64ddb0000155-20250421230626054660,false,true,400,750,2025-04-21T23:06:26.054660Z,21.9,,6,0,1,da8b1f31-b35d-4329-875c-d1e8c3f39f55,0,8c1f64ddb0000155,40
attachments/,"""0c0036d9-0000-0d00-0000-6806d1340000""",LHocAPPPqmVmaSoAAAAAAA==,dbs/LHocAA==/colls/LHocAPPPqmU=/docs/LHocAPPPqmVmaSoAAAAAAA==/,1745277236,22.2,,,false,,67,false,8c1f64ddb0000155-20250421231126054660,false,true,400,750,2025-04-21T23:11:26.054660Z,21.9,,6,0,1,da8b1f31-b35d-4329-875c-d1e8c3f39f55,0.0100,8c1f64ddb0000155,40
attachments/,"""0c0037d9-0000-0d00-0000-6806d1340000""",LHocAPPPqmVnaSoAAAAAAA==,dbs/LHocAA==/colls/LHocAPPPqmU=/docs/LHocAPPPqmVnaSoAAAAAAA==/,1745277236,22.2,,,false,22.5,67,false,8c1f64ddb0000155-20250421231356054660,false,true,400,750,2025-04-21T23:13:56.054660Z,21.9,,6,0,1,da8b1f31-b35d-4329-875c-d1e8c3f39f55,0.0100,8c1f64ddb0000155,40
attachments/,"""0c008cda-0000-0d00-0000-6806d38e0000""",LHocAPPPqmXxaSoAAAAAAA==,dbs/LHocAA==/colls/LHocAPPPqmU=/docs/LHocAPPPqmXxaSoAAAAAAA==/,1745277838,22.1,,,false,,67,false,8c1f64ddb0000155-20250421231858199535,false,true,400,750,2025-04-21T23:18:58.199535Z,21.8,,6,0,1,da8b1f31-b35d-4329-875c-d1e8c3f39f55,0,8c1f64ddb0000155,40
attachments/,"""0c008dda-0000-0d00-0000-6806d38e0000""",LHocAPPPqmXyaSoAAAAAAA==,dbs/LHocAA==/colls/LHocAPPPqmU=/docs/LHocAPPPqmXyaSoAAAAAAA==/,1745277838,22.2,,,false,,67,false,8c1f64ddb0000155-20250421231628199535,false,true,400,750,2025-04-21T23:16:28.199535Z,21.9,,6,0,1,da8b1f31-b35d-4329-875c-d1e8c3f39f55,0,8c1f64ddb0000155,40
attachments/,"""0c008eda-0000-0d00-0000-6806d38e0000""",LHocAPPPqmXzaSoAAAAAAA==,dbs/LHocAA==/colls/LHocAPPPqmU=/docs/LHocAPPPqmXzaSoAAAAAAA==/,1745277838,22.1,,,false,,67,false,8c1f64ddb0000155-20250421232128199535,false,true,400,750,2025-04-21T23:21:28.199535Z,21.8,,6,0,1,da8b1f31-b35d-4329-875c-d1e8c3f39f55,0,8c1f64ddb0000155,40
attachments/,"""0c008fda-0000-0d00-0000-6806d38e0000""",LHocAPPPqmX0aSoAAAAAAA==,dbs/LHocAA==/colls/LHocAPPPqmU=/docs/LHocAPPPqmX0aSoAAAAAAA==/,1745277838,22.1,,,false,22.3,67,false,8c1f64ddb0000155-20250421232358199535,false,true,400,750,2025-04-21T23:23:58.199535Z,21.8,,6,0,1,da8b1f31-b35d-4329-875c-d1e8c3f39f55,0,8c1f64ddb0000155,40
attachments/,"""0c00dfdb-0000-0d00-0000-6806d5e60000""",LHocAPPPqmV9aioAAAAAAA==,dbs/LHocAA==/colls/LHocAPPPqmU=/docs/LHocAPPPqmV9aioAAAAAAA==/,1745278438,22.1,2.92,0,false,,67,false,8c1f64ddb0000155-20250421232627994975,false,true,400,750,2025-04-21T23:26:27.994975Z,21.8,0,6,0,1,da8b1f31-b35d-4329-875c-d1e8c3f39f55,0,8c1f64ddb0000155,40
attachments/,"""0c00e0db-0000-0d00-0000-6806d5e60000""",LHocAPPPqmV+aioAAAAAAA==,dbs/LHocAA==/colls/LHocAPPPqmU=/docs/LHocAPPPqmV+aioAAAAAAA==/,1745278438,22.1,2.92,0,false,,67,false,8c1f64ddb0000155-20250421233127994975,false,true,400,750,2025-04-21T23:31:27.994975Z,21.8,0,6,0,1,da8b1f31-b35d-4329-875c-d1e8c3f39f55,0,8c1f64ddb0000155,40
attachments/,"""0c00e1db-0000-0d00-0000-6806d5e60000""",LHocAPPPqmV-aioAAAAAAA==,dbs/LHocAA==/colls/LHocAPPPqmU=/docs/LHocAPPPqmV-aioAAAAAAA==/,1745278438,22.1,2.92,0,false,,67,false,8c1f64ddb0000155-20250421232857994975,false,true,400,750,2025-04-21T23:28:57.994975Z,21.8,0,6,0,1,da8b1f31-b35d-4329-875c-d1e8c3f39f55,0,8c1f64ddb0000155,40
attachments/,"""0c00e2db-0000-0d00-0000-6806d5e60000""",LHocAPPPqmWAaioAAAAAAA==,dbs/LHocAA==/colls/LHocAPPPqmU=/docs/LHocAPPPqmWAaioAAAAAAA==/,1745278438,22.1,2.92,0,false,22.2,67,false,8c1f64ddb0000155-20250421233357994975,false,true,400,750,2025-04-21T23:33:57.994975Z,21.8,0,6,0,1,da8b1f31-b35d-4329-875c-d1e8c3f39f55,0,8c1f64ddb0000155,40
attachments/,"""0c0028dd-0000-0d00-0000-6806d83d0000""",LHocAPPPqmUFayoAAAAAAA==,dbs/LHocAA==/colls/LHocAPPPqmU=/docs/LHocAPPPqmUFayoAAAAAAA==/,1745279037,22.1,,,false,,67,false,8c1f64ddb0000155-20250421233627035374,false,true,400,750,2025-04-21T23:36:27.035374Z,21.8,,6,0,1,da8b1f31-b35d-4329-875c-d1e8c3f39f55,0,8c1f64ddb0000155,40
attachments/,"""0c0029dd-0000-0d00-0000-6806d83d0000""",LHocAPPPqmUGayoAAAAAAA==,dbs/LHocAA==/colls/LHocAPPPqmU=/docs/LHocAPPPqmUGayoAAAAAAA==/,1745279037,22.1,,,false,,67,false,8c1f64ddb0000155-20250421233857035374,false,true,400,750,2025-04-21T23:38:57.035374Z,21.8,,6,0,1,da8b1f31-b35d-4329-875c-d1e8c3f39f55,0,8c1f64ddb0000155,40
attachments/,"""0c002add-0000-0d00-0000-6806d83d0000""",LHocAPPPqmUHayoAAAAAAA==,dbs/LHocAA==/colls/LHocAPPPqmU=/docs/LHocAPPPqmUHayoAAAAAAA==/,1745279037,22.1,,,false,,67,false,8c1f64ddb0000155-20250421234127035374,false,true,400,750,2025-04-21T23:41:27.035374Z,21.8,,6,0,1,da8b1f31-b35d-4329-875c-d1e8c3f39f55,0,8c1f64ddb0000155,40
attachments/,"""0c002bdd-0000-0d00-0000-6806d83d0000""",LHocAPPPqmUIayoAAAAAAA==,dbs/LHocAA==/colls/LHocAPPPqmU=/docs/LHocAPPPqmUIayoAAAAAAA==/,1745279037,22.1,,,false,22.2,67,false,8c1f64ddb0000155-20250421234357035374,false,true,400,750,2025-04-21T23:43:57.035374Z,21.8,,6,0,1,da8b1f31-b35d-4329-875c-d1e8c3f39f55,0,8c1f64ddb0000155,40
attachments/,"""0c0082de-0000-0d00-0000-6806da960000""",LHocAPPPqmWRayoAAAAAAA==,dbs/LHocAA==/colls/LHocAPPPqmU=/docs/LHocAPPPqmWRayoAAAAAAA==/,1745279638,22.1,,,false,,67,false,8c1f64ddb0000155-20250421234628413269,false,true,400,750,2025-04-21T23:46:28.413269Z,21.8,,6,0,1,da8b1f31-b35d-4329-875c-d1e8c3f39f55,0,8c1f64ddb0000155,40
attachments/,"""0c0083de-0000-0d00-0000-6806da970000""",LHocAPPPqmWSayoAAAAAAA==,dbs/LHocAA==/colls/LHocAPPPqmU=/docs/LHocAPPPqmWSayoAAAAAAA==/,1745279639,22,,,false,,67,false,8c1f64ddb0000155-20250421234858413269,false,true,400,750,2025-04-21T23:48:58.413269Z,21.8,,6,0,1,da8b1f31-b35d-4329-875c-d1e8c3f39f55,0,8c1f64ddb0000155,40
attachments/,"""0c0084de-0000-0d00-0000-6806da970000""",LHocAPPPqmWTayoAAAAAAA==,dbs/LHocAA==/colls/LHocAPPPqmU=/docs/LHocAPPPqmWTayoAAAAAAA==/,1745279639,22,,,false,,67,false,8c1f64ddb0000155-20250421235128413269,false,true,400,750,2025-04-21T23:51:28.413269Z,21.7,,6,0,1,da8b1f31-b35d-4329-875c-d1e8c3f39f55,0,8c1f64ddb0000155,40
attachments/,"""0c0085de-0000-0d00-0000-6806da970000""",LHocAPPPqmWUayoAAAAAAA==,dbs/LHocAA==/colls/LHocAPPPqmU=/docs/LHocAPPPqmWUayoAAAAAAA==/,1745279639,22,,,false,22.2,68,false,8c1f64ddb0000155-20250421235358413269,false,true,400,750,2025-04-21T23:53:58.413269Z,21.7,,6,0,1,da8b1f31-b35d-4329-875c-d1e8c3f39f55,0,8c1f64ddb0000155,40
attachments/,"""0c0026e0-0000-0d00-0000-6806dcec0000""",LHocAPPPqmUZbCoAAAAAAA==,dbs/LHocAA==/colls/LHocAPPPqmU=/docs/LHocAPPPqmUZbCoAAAAAAA==/,1745280236,22,2.92,0,false,,68,false,8c1f64ddb0000155-20250421235626264376,false,true,400,750,2025-04-21T23:56:26.264376Z,21.7,0,6,0,1,da8b1f31-b35d-4329-875c-d1e8c3f39f55,0,8c1f64ddb0000155,40
attachments/,"""0c0027e0-0000-0d00-0000-6806dcec0000""",LHocAPPPqmUabCoAAAAAAA==,dbs/LHocAA==/colls/LHocAPPPqmU=/docs/LHocAPPPqmUabCoAAAAAAA==/,1745280236,22,2.92,0,false,,68,false,8c1f64ddb0000155-20250421235856264376,false,true,400,750,2025-04-21T23:58:56.264376Z,21.7,0,6,0,1,da8b1f31-b35d-4329-875c-d1e8c3f39f55,0,8c1f64ddb0000155,40
attachments/,"""0c0028e0-0000-0d00-0000-6806dcec0000""",LHocAPPPqmUbbCoAAAAAAA==,dbs/LHocAA==/colls/LHocAPPPqmU=/docs/LHocAPPPqmUbbCoAAAAAAA==/,1745280236,22,2.92,0,false,,68,false,8c1f64ddb0000155-20250422000126264376,false,true,400,750,2025-04-22T00:01:26.264376Z,21.7,0,6,0,1,da8b1f31-b35d-4329-875c-d1e8c3f39f55,0,8c1f64ddb0000155,40
attachments/,"""0c002ae0-0000-0d00-0000-6806dced0000""",LHocAPPPqmUcbCoAAAAAAA==,dbs/LHocAA==/colls/LHocAPPPqmU=/docs/LHocAPPPqmUcbCoAAAAAAA==/,1745280237,22,2.92,0,false,22.1,68,false,8c1f64ddb0000155-20250422000356264376,false,true,400,750,2025-04-22T00:03:56.264376Z,21.7,0,6,0,1,da8b1f31-b35d-4329-875c-d1e8c3f39f55,0,8c1f64ddb0000155,40
attachments/,"""0c007ce1-0000-0d00-0000-6806df440000""",LHocAPPPqmWebCoAAAAAAA==,dbs/LHocAA==/colls/LHocAPPPqmU=/docs/LHocAPPPqmWebCoAAAAAAA==/,1745280836,22,,,false,,68,false,8c1f64ddb0000155-20250422000625991813,false,true,400,750,2025-04-22T00:06:25.991813Z,21.7,,6,0,1,da8b1f31-b35d-4329-875c-d1e8c3f39f55,0,8c1f64ddb0000155,40
attachments/,"""0c007de1-0000-0d00-0000-6806df440000""",LHocAPPPqmWfbCoAAAAAAA==,dbs/LHocAA==/colls/LHocAPPPqmU=/docs/LHocAPPPqmWfbCoAAAAAAA==/,1745280836,22,,,false,,68,false,8c1f64ddb0000155-20250422001125991813,false,true,400,750,2025-04-22T00:11:25.991813Z,21.7,,6,0,1,da8b1f31-b35d-4329-875c-d1e8c3f39f55,0,8c1f64ddb0000155,40
attachments/,"""0c007ee1-0000-0d00-0000-6806df440000""",LHocAPPPqmWgbCoAAAAAAA==,dbs/LHocAA==/colls/LHocAPPPqmU=/docs/LHocAPPPqmWgbCoAAAAAAA==/,1745280836,22,,,false,,68,false,8c1f64ddb0000155-20250422000855991813,false,true,400,750,2025-04-22T00:08:55.991813Z,21.7,,6,0,1,da8b1f31-b35d-4329-875c-d1e8c3f39f55,0,8c1f64ddb0000155,40
attachments/,"""0c007fe1-0000-0d00-0000-6806df440000""",LHocAPPPqmWhbCoAAAAAAA==,dbs/LHocAA==/colls/LHocAPPPqmU=/docs/LHocAPPPqmWhbCoAAAAAAA==/,1745280836,22,,,false,22.1,68,false,8c1f64ddb0000155-20250422001355991813,false,true,400,750,2025-04-22T00:13:55.991813Z,21.7,,6,0,1,da8b1f31-b35d-4329-875c-d1e8c3f39f55,0,8c1f64ddb0000155,40
attachments/,"""0c00d8e2-0000-0d00-0000-6806e19c0000""",LHocAPPPqmUqbSoAAAAAAA==,dbs/LHocAA==/colls/LHocAPPPqmU=/docs/LHocAPPPqmUqbSoAAAAAAA==/,1745281436,21.9,,,false,,68,false,8c1f64ddb0000155-20250422001856413475,false,true,400,750,2025-04-22T00:18:56.413475Z,21.7,,6,0,1,da8b1f31-b35d-4329-875c-d1e8c3f39f55,0,8c1f64ddb0000155,40
attachments/,"""0c00d9e2-0000-0d00-0000-6806e19c0000""",LHocAPPPqmUrbSoAAAAAAA==,dbs/LHocAA==/colls/LHocAPPPqmU=/docs/LHocAPPPqmUrbSoAAAAAAA==/,1745281436,22,,,false,,68,false,8c1f64ddb0000155-20250422001626413475,false,true,400,750,2025-04-22T00:16:26.413475Z,21.7,,6,0,1,da8b1f31-b35d-4329-875c-d1e8c3f39f55,0,8c1f64ddb0000155,40
attachments/,"""0c00dae2-0000-0d00-0000-6806e19c0000""",LHocAPPPqmUsbSoAAAAAAA==,dbs/LHocAA==/colls/LHocAPPPqmU=/docs/LHocAPPPqmUsbSoAAAAAAA==/,1745281436,21.9,,,false,22.1,68,false,8c1f64ddb0000155-20250422002356413475,false,true,400,750,2025-04-22T00:23:56.413475Z,21.7,,6,0,1,da8b1f31-b35d-4329-875c-d1e8c3f39f55,0,8c1f64ddb0000155,40
attachments/,"""0c00dbe2-0000-0d00-0000-6806e19c0000""",LHocAPPPqmUtbSoAAAAAAA==,dbs/LHocAA==/colls/LHocAPPPqmU=/docs/LHocAPPPqmUtbSoAAAAAAA==/,1745281436,21.9,,,false,,68,false,8c1f64ddb0000155-20250422002126413475,false,true,400,750,2025-04-22T00:21:26.413475Z,21.7,,6,0,1,da8b1f31-b35d-4329-875c-d1e8c3f39f55,0,8c1f64ddb0000155,40
attachments/,"""0c0024e4-0000-0d00-0000-6806e3f60000""",LHocAPPPqmWubSoAAAAAAA==,dbs/LHocAA==/colls/LHocAPPPqmU=/docs/LHocAPPPqmWubSoAAAAAAA==/,1745282038,21.9,2.92,0,false,,68,false,8c1f64ddb0000155-20250422003127584383,false,true,400,750,2025-04-22T00:31:27.584383Z,21.6,0,6,0,1,da8b1f31-b35d-4329-875c-d1e8c3f39f55,0,8c1f64ddb0000155,40
attachments/,"""0c0025e4-0000-0d00-0000-6806e3f60000""",LHocAPPPqmWvbSoAAAAAAA==,dbs/LHocAA==/colls/LHocAPPPqmU=/docs/LHocAPPPqmWvbSoAAAAAAA==/,1745282038,21.9,2.92,0,false,,68,false,8c1f64ddb0000155-20250422002627584383,false,true,400,750,2025-04-22T00:26:27.584383Z,21.7,0,6,0,1,da8b1f31-b35d-4329-875c-d1e8c3f39f55,0,8c1f64ddb0000155,40
attachments/,"""0c0026e4-0000-0d00-0000-6806e3f60000""",LHocAPPPqmWwbSoAAAAAAA==,dbs/LHocAA==/colls/LHocAPPPqmU=/docs/LHocAPPPqmWwbSoAAAAAAA==/,1745282038,21.9,2.92,0,false,,68,false,8c1f64ddb0000155-20250422002857584383,false,true,400,750,2025-04-22T00:28:57.584383Z,21.7,0,6,0,1,da8b1f31-b35d-4329-875c-d1e8c3f39f55,0,8c1f64ddb0000155,40
attachments/,"""0c0027e4-0000-0d00-0000-6806e3f60000""",LHocAPPPqmWxbSoAAAAAAA==,dbs/LHocAA==/colls/LHocAPPPqmU=/docs/LHocAPPPqmWxbSoAAAAAAA==/,1745282038,21.9,2.92,0,false,22.1,68,false,8c1f64ddb0000155-20250422003357584383,false,true,400,750,2025-04-22T00:33:57.584383Z,21.6,0,6,0,1,da8b1f31-b35d-4329-875c-d1e8c3f39f55,0,8c1f64ddb0000155,40
attachments/,"""0c0076e5-0000-0d00-0000-6806e64f0000""",LHocAPPPqmUybioAAAAAAA==,dbs/LHocAA==/colls/LHocAPPPqmU=/docs/LHocAPPPqmUybioAAAAAAA==/,1745282639,21.9,,,false,,68,false,8c1f64ddb0000155-20250422003628634834,false,true,400,750,2025-04-22T00:36:28.634834Z,21.6,,6,0,1,da8b1f31-b35d-4329-875c-d1e8c3f39f55,0,8c1f64ddb0000155,40
attachments/,"""0c0077e5-0000-0d00-0000-6806e64f0000""",LHocAPPPqmUzbioAAAAAAA==,dbs/LHocAA==/colls/LHocAPPPqmU=/docs/LHocAPPPqmUzbioAAAAAAA==/,1745282639,21.9,,,false,,68,false,8c1f64ddb0000155-20250422003858634834,false,true,400,750,2025-04-22T00:38:58.634834Z,21.6,,6,0,1,da8b1f31-b35d-4329-875c-d1e8c3f39f55,0,8c1f64ddb0000155,40
attachments/,"""0c0078e5-0000-0d00-0000-6806e64f0000""",LHocAPPPqmU0bioAAAAAAA==,dbs/LHocAA==/colls/LHocAPPPqmU=/docs/LHocAPPPqmU0bioAAAAAAA==/,1745282639,21.9,,,false,,68,false,8c1f64ddb0000155-20250422004128634834,false,true,400,750,2025-04-22T00:41:28.634834Z,21.6,,6,0,1,da8b1f31-b35d-4329-875c-d1e8c3f39f55,0,8c1f64ddb0000155,40
attachments/,"""0c0079e5-0000-0d00-0000-6806e64f0000""",LHocAPPPqmU1bioAAAAAAA==,dbs/LHocAA==/colls/LHocAPPPqmU=/docs/LHocAPPPqmU1bioAAAAAAA==/,1745282639,21.9,,,false,22.1,68,false,8c1f64ddb0000155-20250422004358634834,false,true,400,750,2025-04-22T00:43:58.634834Z,21.6,,6,0,1,da8b1f31-b35d-4329-875c-d1e8c3f39f55,0,8c1f64ddb0000155,40
attachments/,"""0c00c2e6-0000-0d00-0000-6806e8a50000""",LHocAPPPqmW2bioAAAAAAA==,dbs/LHocAA==/colls/LHocAPPPqmU=/docs/LHocAPPPqmW2bioAAAAAAA==/,1745283237,21.9,,,false,,68,false,8c1f64ddb0000155-20250422004856845714,false,true,400,750,2025-04-22T00:48:56.845714Z,21.6,,6,0,1,da8b1f31-b35d-4329-875c-d1e8c3f39f55,0,8c1f64ddb0000155,40
attachments/,"""0c00c3e6-0000-0d00-0000-6806e8a50000""",LHocAPPPqmW3bioAAAAAAA==,dbs/LHocAA==/colls/LHocAPPPqmU=/docs/LHocAPPPqmW3bioAAAAAAA==/,1745283237,21.9,,,false,,68,false,8c1f64ddb0000155-20250422004626845714,false,true,400,750,2025-04-22T00:46:26.845714Z,21.6,,6,0,1,da8b1f31-b35d-4329-875c-d1e8c3f39f55,0,8c1f64ddb0000155,40
attachments/,"""0c00c4e6-0000-0d00-0000-6806e8a50000""",LHocAPPPqmW4bioAAAAAAA==,dbs/LHocAA==/colls/LHocAPPPqmU=/docs/LHocAPPPqmW4bioAAAAAAA==/,1745283237,21.8,,,false,,68,false,8c1f64ddb0000155-20250422005126845714,false,true,400,750,2025-04-22T00:51:26.845714Z,21.6,,6,0,1,da8b1f31-b35d-4329-875c-d1e8c3f39f55,0,8c1f64ddb0000155,40
attachments/,"""0c00c5e6-0000-0d00-0000-6806e8a50000""",LHocAPPPqmW5bioAAAAAAA==,dbs/LHocAA==/colls/LHocAPPPqmU=/docs/LHocAPPPqmW5bioAAAAAAA==/,1745283237,21.8,,,false,22,68,false,8c1f64ddb0000155-20250422005356845714,false,true,400,750,2025-04-22T00:53:56.845714Z,21.6,,6,0,1,da8b1f31-b35d-4329-875c-d1e8c3f39f55,0,8c1f64ddb0000155,40
attachments/,"""0c002fe9-0000-0d00-0000-6806eafc0000""",LHocAPPPqmU+byoAAAAAAA==,dbs/LHocAA==/colls/LHocAPPPqmU=/docs/LHocAPPPqmU+byoAAAAAAA==/,1745283836,21.8,2.92,0,false,,68,false,8c1f64ddb0000155-20250422005626579520,false,true,400,750,2025-04-22T00:56:26.579520Z,21.6,0,6,0,1,da8b1f31-b35d-4329-875c-d1e8c3f39f55,0,8c1f64ddb0000155,40
attachments/,"""0c0030e9-0000-0d00-0000-6806eafd0000""",LHocAPPPqmU-byoAAAAAAA==,dbs/LHocAA==/colls/LHocAPPPqmU=/docs/LHocAPPPqmU-byoAAAAAAA==/,1745283837,21.8,2.92,0,false,,68,false,8c1f64ddb0000155-20250422010126579520,false,true,400,750,2025-04-22T01:01:26.579520Z,21.6,0,6,0,1,da8b1f31-b35d-4329-875c-d1e8c3f39f55,0,8c1f64ddb0000155,40
attachments/,"""0c0031e9-0000-0d00-0000-6806eafd0000""",LHocAPPPqmVAbyoAAAAAAA==,dbs/LHocAA==/colls/LHocAPPPqmU=/docs/LHocAPPPqmVAbyoAAAAAAA==/,1745283837,21.8,2.92,0,false,,68,false,8c1f64ddb0000155-20250422005856579520,false,true,400,750,2025-04-22T00:58:56.579520Z,21.6,0,6,0,1,da8b1f31-b35d-4329-875c-d1e8c3f39f55,0,8c1f64ddb0000155,40
attachments/,"""0c0032e9-0000-0d00-0000-6806eafd0000""",LHocAPPPqmVBbyoAAAAAAA==,dbs/LHocAA==/colls/LHocAPPPqmU=/docs/LHocAPPPqmVBbyoAAAAAAA==/,1745283837,21.8,2.92,0,false,22,68,false,8c1f64ddb0000155-20250422010356579520,false,true,400,750,2025-04-22T01:03:56.579520Z,21.6,0,6,0,1,da8b1f31-b35d-4329-875c-d1e8c3f39f55,0,8c1f64ddb0000155,40
attachments/,"""0c00afea-0000-0d00-0000-6806ed540000""",LHocAPPPqmXCbyoAAAAAAA==,dbs/LHocAA==/colls/LHocAPPPqmU=/docs/LHocAPPPqmXCbyoAAAAAAA==/,1745284436,21.8,,,false,22,68,false,8c1f64ddb0000155-20250422011356389060,false,true,400,750,2025-04-22T01:13:56.389060Z,21.5,,6,0,1,da8b1f31-b35d-4329-875c-d1e8c3f39f55,0,8c1f64ddb0000155,40
attachments/,"""0c00b0ea-0000-0d00-0000-6806ed540000""",LHocAPPPqmXDbyoAAAAAAA==,dbs/LHocAA==/colls/LHocAPPPqmU=/docs/LHocAPPPqmXDbyoAAAAAAA==/,1745284436,21.8,,,false,,68,false,8c1f64ddb0000155-20250422010626389060,false,true,400,750,2025-04-22T01:06:26.389060Z,21.6,,6,0,1,da8b1f31-b35d-4329-875c-d1e8c3f39f55,0,8c1f64ddb0000155,40
attachments/,"""0c00b1ea-0000-0d00-0000-6806ed540000""",LHocAPPPqmXEbyoAAAAAAA==,dbs/LHocAA==/colls/LHocAPPPqmU=/docs/LHocAPPPqmXEbyoAAAAAAA==/,1745284436,21.8,,,false,,68,false,8c1f64ddb0000155-20250422010856389060,false,true,400,750,2025-04-22T01:08:56.389060Z,21.6,,6,0,1,da8b1f31-b35d-4329-875c-d1e8c3f39f55,0,8c1f64ddb0000155,40
attachments/,"""0c00b2ea-0000-0d00-0000-6806ed540000""",LHocAPPPqmXFbyoAAAAAAA==,dbs/LHocAA==/colls/LHocAPPPqmU=/docs/LHocAPPPqmXFbyoAAAAAAA==/,1745284436,21.8,,,false,,68,false,8c1f64ddb0000155-20250422011126389060,false,true,400,750,2025-04-22T01:11:26.389060Z,21.6,,6,0,1,da8b1f31-b35d-4329-875c-d1e8c3f39f55,0,8c1f64ddb0000155,40
attachments/,"""0c00fdeb-0000-0d00-0000-6806efad0000""",LHocAPPPqmVOcCoAAAAAAA==,dbs/LHocAA==/colls/LHocAPPPqmU=/docs/LHocAPPPqmVOcCoAAAAAAA==/,1745285037,21.8,,,false,,68,false,8c1f64ddb0000155-20250422011856946870,false,true,400,750,2025-04-22T01:18:56.946870Z,21.5,,6,0,1,da8b1f31-b35d-4329-875c-d1e8c3f39f55,0,8c1f64ddb0000155,40
attachments/,"""0c00feeb-0000-0d00-0000-6806efad0000""",LHocAPPPqmVPcCoAAAAAAA==,dbs/LHocAA==/colls/LHocAPPPqmU=/docs/LHocAPPPqmVPcCoAAAAAAA==/,1745285037,21.8,,,false,,68,false,8c1f64ddb0000155-20250422011626946870,false,true,400,750,2025-04-22T01:16:26.946870Z,21.6,,6,0,1,da8b1f31-b35d-4329-875c-d1e8c3f39f55,0,8c1f64ddb0000155,40
attachments/,"""0c00ffeb-0000-0d00-0000-6806efad0000""",LHocAPPPqmVQcCoAAAAAAA==,dbs/LHocAA==/colls/LHocAPPPqmU=/docs/LHocAPPPqmVQcCoAAAAAAA==/,1745285037,21.8,,,false,,68,false,8c1f64ddb0000155-20250422012126946870,false,true,400,750,2025-04-22T01:21:26.946870Z,21.5,,6,0,1,da8b1f31-b35d-4329-875c-d1e8c3f39f55,0,8c1f64ddb0000155,40
attachments/,"""0c0000ec-0000-0d00-0000-6806efad0000""",LHocAPPPqmVRcCoAAAAAAA==,dbs/LHocAA==/colls/LHocAPPPqmU=/docs/LHocAPPPqmVRcCoAAAAAAA==/,1745285037,21.8,,,false,22,68,false,8c1f64ddb0000155-20250422012356946870,false,true,400,750,2025-04-22T01:23:56.946870Z,21.5,,6,0,1,da8b1f31-b35d-4329-875c-d1e8c3f39f55,0.0100,8c1f64ddb0000155,40
attachments/,"""0c004bed-0000-0d00-0000-6806f2040000""",LHocAPPPqmXScCoAAAAAAA==,dbs/LHocAA==/colls/LHocAPPPqmU=/docs/LHocAPPPqmXScCoAAAAAAA==/,1745285636,21.8,2.92,0,false,,68,false,8c1f64ddb0000155-20250422012626528443,false,true,400,750,2025-04-22T01:26:26.528443Z,21.6,0,6,0,1,da8b1f31-b35d-4329-875c-d1e8c3f39f55,0.100,8c1f64ddb0000155,40
attachments/,"""0c004ced-0000-0d00-0000-6806f2040000""",LHocAPPPqmXTcCoAAAAAAA==,dbs/LHocAA==/colls/LHocAPPPqmU=/docs/LHocAPPPqmXTcCoAAAAAAA==/,1745285636,21.8,2.92,0,false,36.8,60,false,8c1f64ddb0000155-20250422013356528443,false,true,400,750,2025-04-22T01:33:56.528443Z,24.1,0,6,0,1,da8b1f31-b35d-4329-875c-d1e8c3f39f55,0.640,8c1f64ddb0000155,40
attachments/,"""0c004ded-0000-0d00-0000-6806f2050000""",LHocAPPPqmXUcCoAAAAAAA==,dbs/LHocAA==/colls/LHocAPPPqmU=/docs/LHocAPPPqmXUcCoAAAAAAA==/,1745285637,21.8,2.92,0,false,,67,false,8c1f64ddb0000155-20250422012856528443,false,true,400,750,2025-04-22T01:28:56.528443Z,21.9,0,6,0,1,da8b1f31-b35d-4329-875c-d1e8c3f39f55,0.500,8c1f64ddb0000155,40
attachments/,"""0c004eed-0000-0d00-0000-6806f2050000""",LHocAPPPqmXVcCoAAAAAAA==,dbs/LHocAA==/colls/LHocAPPPqmU=/docs/LHocAPPPqmXVcCoAAAAAAA==/,1745285637,21.8,2.92,0,false,,64,false,8c1f64ddb0000155-20250422013126528443,false,true,400,750,2025-04-22T01:31:26.528443Z,22.8,0,6,0,1,da8b1f31-b35d-4329-875c-d1e8c3f39f55,0.650,8c1f64ddb0000155,40
attachments/,"""0c0092ee-0000-0d00-0000-6806f45d0000""",LHocAPPPqmVWcSoAAAAAAA==,dbs/LHocAA==/colls/LHocAPPPqmU=/docs/LHocAPPPqmVWcSoAAAAAAA==/,1745286237,22,,,false,,52,false,8c1f64ddb0000155-20250422013856764499,false,true,400,750,2025-04-22T01:38:56.764499Z,26.6,,6,0,1,da8b1f31-b35d-4329-875c-d1e8c3f39f55,0.590,8c1f64ddb0000155,40
attachments/,"""0c0093ee-0000-0d00-0000-6806f45d0000""",LHocAPPPqmVXcSoAAAAAAA==,dbs/LHocAA==/colls/LHocAPPPqmU=/docs/LHocAPPPqmVXcSoAAAAAAA==/,1745286237,21.9,,,false,,56,false,8c1f64ddb0000155-20250422013626764499,false,true,400,750,2025-04-22T01:36:26.764499Z,25.4,,6,0,1,da8b1f31-b35d-4329-875c-d1e8c3f39f55,0.610,8c1f64ddb0000155,40
attachments/,"""0c0094ee-0000-0d00-0000-6806f45d0000""",LHocAPPPqmVYcSoAAAAAAA==,dbs/LHocAA==/colls/LHocAPPPqmU=/docs/LHocAPPPqmVYcSoAAAAAAA==/,1745286237,22.2,,,false,40.9,47,false,8c1f64ddb0000155-20250422014356764499,false,true,400,750,2025-04-22T01:43:56.764499Z,28.6,,6,0,1,da8b1f31-b35d-4329-875c-d1e8c3f39f55,0.560,8c1f64ddb0000155,40
attachments/,"""0c0095ee-0000-0d00-0000-6806f45d0000""",LHocAPPPqmVZcSoAAAAAAA==,dbs/LHocAA==/colls/LHocAPPPqmU=/docs/LHocAPPPqmVZcSoAAAAAAA==/,1745286237,22.1,,,false,,49,false,8c1f64ddb0000155-20250422014126764499,false,true,400,750,2025-04-22T01:41:26.764499Z,27.7,,6,0,1,da8b1f31-b35d-4329-875c-d1e8c3f39f55,0.570,8c1f64ddb0000155,40
attachments/,"""0c005cf0-0000-0d00-0000-6806f6b60000""",LHocAPPPqmXicSoAAAAAAA==,dbs/LHocAA==/colls/LHocAPPPqmU=/docs/LHocAPPPqmXicSoAAAAAAA==/,1745286838,22.4,,,false,,45,false,8c1f64ddb0000155-20250422014627757234,false,true,400,750,2025-04-22T01:46:27.757234Z,29.3,,6,0,1,da8b1f31-b35d-4329-875c-d1e8c3f39f55,0.540,8c1f64ddb0000155,40
attachments/,"""0c005df0-0000-0d00-0000-6806f6b60000""",LHocAPPPqmXjcSoAAAAAAA==,dbs/LHocAA==/colls/LHocAPPPqmU=/docs/LHocAPPPqmXjcSoAAAAAAA==/,1745286838,22.5,,,false,,43,false,8c1f64ddb0000155-20250422014857757234,false,true,400,750,2025-04-22T01:48:57.757234Z,30,,6,0,1,da8b1f31-b35d-4329-875c-d1e8c3f39f55,0.530,8c1f64ddb0000155,40
attachments/,"""0c005ef0-0000-0d00-0000-6806f6b60000""",LHocAPPPqmXkcSoAAAAAAA==,dbs/LHocAA==/colls/LHocAPPPqmU=/docs/LHocAPPPqmXkcSoAAAAAAA==/,1745286838,22.7,,,false,,42,false,8c1f64ddb0000155-20250422015127757234,false,true,400,750,2025-04-22T01:51:27.757234Z,30.6,,6,0,1,da8b1f31-b35d-4329-875c-d1e8c3f39f55,0.510,8c1f64ddb0000155,40
attachments/,"""0c005ff0-0000-0d00-0000-6806f6b60000""",LHocAPPPqmXlcSoAAAAAAA==,dbs/LHocAA==/colls/LHocAPPPqmU=/docs/LHocAPPPqmXlcSoAAAAAAA==/,1745286838,22.8,,,false,42.5,41,false,8c1f64ddb0000155-20250422015357757234,false,true,400,750,2025-04-22T01:53:57.757234Z,31.1,,6,0,1,da8b1f31-b35d-4329-875c-d1e8c3f39f55,0.500,8c1f64ddb0000155,40
attachments/,"""0c00d4f1-0000-0d00-0000-6806f90d0000""",LHocAPPPqmVmcioAAAAAAA==,dbs/LHocAA==/colls/LHocAPPPqmU=/docs/LHocAPPPqmVmcioAAAAAAA==/,1745287437,23,2.92,0,false,,40,false,8c1f64ddb0000155-20250422015627027615,false,true,400,750,2025-04-22T01:56:27.027615Z,31.4,0,6,0,1,da8b1f31-b35d-4329-875c-d1e8c3f39f55,0.510,8c1f64ddb0000155,40
attachments/,"""0c00d5f1-0000-0d00-0000-6806f90d0000""",LHocAPPPqmVncioAAAAAAA==,dbs/LHocAA==/colls/LHocAPPPqmU=/docs/LHocAPPPqmVncioAAAAAAA==/,1745287437,23.2,2.92,0,false,,39,false,8c1f64ddb0000155-20250422020127027615,false,true,400,750,2025-04-22T02:01:27.027615Z,32.2,0,6,0,1,da8b1f31-b35d-4329-875c-d1e8c3f39f55,0.530,8c1f64ddb0000155,40
attachments/,"""0c00d6f1-0000-0d00-0000-6806f90d0000""",LHocAPPPqmVocioAAAAAAA==,dbs/LHocAA==/colls/LHocAPPPqmU=/docs/LHocAPPPqmVocioAAAAAAA==/,1745287437,23.1,2.92,0,false,,39,false,8c1f64ddb0000155-20250422015857027615,false,true,400,750,2025-04-22T01:58:57.027615Z,31.9,0,6,0,1,da8b1f31-b35d-4329-875c-d1e8c3f39f55,0.520,8c1f64ddb0000155,40
attachments/,"""0c00d7f1-0000-0d00-0000-6806f90d0000""",LHocAPPPqmVpcioAAAAAAA==,dbs/LHocAA==/colls/LHocAPPPqmU=/docs/LHocAPPPqmVpcioAAAAAAA==/,1745287437,23.2,2.92,0,false,44.3,38,false,8c1f64ddb0000155-20250422020357027615,false,true,400,750,2025-04-22T02:03:57.027615Z,32.5,0,6,0,1,da8b1f31-b35d-4329-875c-d1e8c3f39f55,0.530,8c1f64ddb0000155,40
attachments/,"""0c0025f3-0000-0d00-0000-6806fb640000""",LHocAPPPqmXucioAAAAAAA==,dbs/LHocAA==/colls/LHocAPPPqmU=/docs/LHocAPPPqmXucioAAAAAAA==/,1745288036,23.2,,,false,,37,false,8c1f64ddb0000155-20250422020856181318,false,true,400,750,2025-04-22T02:08:56.181318Z,33.1,,6,0,1,da8b1f31-b35d-4329-875c-d1e8c3f39f55,0.530,8c1f64ddb0000155,40
attachments/,"""0c0026f3-0000-0d00-0000-6806fb640000""",LHocAPPPqmXvcioAAAAAAA==,dbs/LHocAA==/colls/LHocAPPPqmU=/docs/LHocAPPPqmXvcioAAAAAAA==/,1745288036,23.2,,,false,,37,false,8c1f64ddb0000155-20250422021126181318,false,true,400,750,2025-04-22T02:11:26.181318Z,33.3,,6,0,1,da8b1f31-b35d-4329-875c-d1e8c3f39f55,0.540,8c1f64ddb0000155,40
attachments/,"""0c0027f3-0000-0d00-0000-6806fb640000""",LHocAPPPqmXwcioAAAAAAA==,dbs/LHocAA==/colls/LHocAPPPqmU=/docs/LHocAPPPqmXwcioAAAAAAA==/,1745288036,23.2,,,false,,38,false,8c1f64ddb0000155-20250422020626181318,false,true,400,750,2025-04-22T02:06:26.181318Z,32.8,,6,0,1,da8b1f31-b35d-4329-875c-d1e8c3f39f55,0.530,8c1f64ddb0000155,40
attachments/,"""0c0028f3-0000-0d00-0000-6806fb640000""",LHocAPPPqmXxcioAAAAAAA==,dbs/LHocAA==/colls/LHocAPPPqmU=/docs/LHocAPPPqmXxcioAAAAAAA==/,1745288036,23.2,,,false,43.9,36,false,8c1f64ddb0000155-20250422021356181318,false,true,400,750,2025-04-22T02:13:56.181318Z,33.5,,6,0,1,da8b1f31-b35d-4329-875c-d1e8c3f39f55,0.410,8c1f64ddb0000155,40
attachments/,"""0c00b6f4-0000-0d00-0000-6806fdbe0000""",LHocAPPPqmV6cyoAAAAAAA==,dbs/LHocAA==/colls/LHocAPPPqmU=/docs/LHocAPPPqmV6cyoAAAAAAA==/,1745288638,23.3,,,false,,36,false,8c1f64ddb0000155-20250422021628239985,false,true,400,750,2025-04-22T02:16:28.239985Z,33.6,,6,0,1,da8b1f31-b35d-4329-875c-d1e8c3f39f55,0.440,8c1f64ddb0000155,40
attachments/,"""0c00b7f4-0000-0d00-0000-6806fdbe0000""",LHocAPPPqmV7cyoAAAAAAA==,dbs/LHocAA==/colls/LHocAPPPqmU=/docs/LHocAPPPqmV7cyoAAAAAAA==/,1745288638,23.3,,,false,,36,false,8c1f64ddb0000155-20250422021858239985,false,true,400,750,2025-04-22T02:18:58.239985Z,33.7,,6,0,1,da8b1f31-b35d-4329-875c-d1e8c3f39f55,0.410,8c1f64ddb0000155,40
attachments/,"""0c00b8f4-0000-0d00-0000-6806fdbe0000""",LHocAPPPqmV8cyoAAAAAAA==,dbs/LHocAA==/colls/LHocAPPPqmU=/docs/LHocAPPPqmV8cyoAAAAAAA==/,1745288638,23.4,,,false,,36,false,8c1f64ddb0000155-20250422022128239985,false,true,400,750,2025-04-22T02:21:28.239985Z,33.8,,6,0,1,da8b1f31-b35d-4329-875c-d1e8c3f39f55,0.460,8c1f64ddb0000155,40
attachments/,"""0c00b9f4-0000-0d00-0000-6806fdbe0000""",LHocAPPPqmV9cyoAAAAAAA==,dbs/LHocAA==/colls/LHocAPPPqmU=/docs/LHocAPPPqmV9cyoAAAAAAA==/,1745288638,23.4,,,false,43.7,36,false,8c1f64ddb0000155-20250422022358239985,false,true,400,750,2025-04-22T02:23:58.239985Z,33.7,,6,0,1,da8b1f31-b35d-4329-875c-d1e8c3f39f55,0.450,8c1f64ddb0000155,40
attachments/,"""0c0019f6-0000-0d00-0000-680700160000""",LHocAPPPqmUDdCoAAAAAAA==,dbs/LHocAA==/colls/LHocAPPPqmU=/docs/LHocAPPPqmUDdCoAAAAAAA==/,1745289238,23.5,2.93,0,false,,36,false,8c1f64ddb0000155-20250422022628399867,false,true,400,750,2025-04-22T02:26:28.399867Z,33.6,0,6,0,1,da8b1f31-b35d-4329-875c-d1e8c3f39f55,0.390,8c1f64ddb0000155,40
attachments/,"""0c001af6-0000-0d00-0000-680700160000""",LHocAPPPqmUEdCoAAAAAAA==,dbs/LHocAA==/colls/LHocAPPPqmU=/docs/LHocAPPPqmUEdCoAAAAAAA==/,1745289238,23.5,2.93,0,false,,36,false,8c1f64ddb0000155-20250422022858399867,false,true,400,750,2025-04-22T02:28:58.399867Z,33.6,0,6,0,1,da8b1f31-b35d-4329-875c-d1e8c3f39f55,0.420,8c1f64ddb0000155,40
attachments/,"""0c001bf6-0000-0d00-0000-680700160000""",LHocAPPPqmUFdCoAAAAAAA==,dbs/LHocAA==/colls/LHocAPPPqmU=/docs/LHocAPPPqmUFdCoAAAAAAA==/,1745289238,23.6,2.93,0,false,43,36,false,8c1f64ddb0000155-20250422023358399867,false,true,400,750,2025-04-22T02:33:58.399867Z,33.4,0,6,0,1,da8b1f31-b35d-4329-875c-d1e8c3f39f55,0.420,8c1f64ddb0000155,40
attachments/,"""0c001cf6-0000-0d00-0000-680700160000""",LHocAPPPqmUGdCoAAAAAAA==,dbs/LHocAA==/colls/LHocAPPPqmU=/docs/LHocAPPPqmUGdCoAAAAAAA==/,1745289238,23.6,2.93,0,false,,36,false,8c1f64ddb0000155-20250422023128399867,false,true,400,750,2025-04-22T02:31:28.399867Z,33.6,0,6,0,1,da8b1f31-b35d-4329-875c-d1e8c3f39f55,0.450,8c1f64ddb0000155,40
attachments/,"""0c007bf7-0000-0d00-0000-6807026e0000""",LHocAPPPqmWHdCoAAAAAAA==,dbs/LHocAA==/colls/LHocAPPPqmU=/docs/LHocAPPPqmWHdCoAAAAAAA==/,1745289838,23.6,,,false,,36,false,8c1f64ddb0000155-20250422023627801394,false,true,400,750,2025-04-22T02:36:27.801394Z,33.4,,6,0,1,da8b1f31-b35d-4329-875c-d1e8c3f39f55,0.400,8c1f64ddb0000155,40
attachments/,"""0c007cf7-0000-0d00-0000-6807026e0000""",LHocAPPPqmWIdCoAAAAAAA==,dbs/LHocAA==/colls/LHocAPPPqmU=/docs/LHocAPPPqmWIdCoAAAAAAA==/,1745289838,23.7,,,false,,36,false,8c1f64ddb0000155-20250422023857801394,false,true,400,750,2025-04-22T02:38:57.801394Z,33.4,,6,0,1,da8b1f31-b35d-4329-875c-d1e8c3f39f55,0.440,8c1f64ddb0000155,40
attachments/,"""0c007df7-0000-0d00-0000-6807026e0000""",LHocAPPPqmWJdCoAAAAAAA==,dbs/LHocAA==/colls/LHocAPPPqmU=/docs/LHocAPPPqmWJdCoAAAAAAA==/,1745289838,23.7,,,false,,36,false,8c1f64ddb0000155-20250422024127801394,false,true,400,750,2025-04-22T02:41:27.801394Z,33.4,,6,0,1,da8b1f31-b35d-4329-875c-d1e8c3f39f55,0.440,8c1f64ddb0000155,40
attachments/,"""0c007ef7-0000-0d00-0000-6807026e0000""",LHocAPPPqmWKdCoAAAAAAA==,dbs/LHocAA==/colls/LHocAPPPqmU=/docs/LHocAPPPqmWKdCoAAAAAAA==/,1745289838,23.8,,,false,42.5,36,false,8c1f64ddb0000155-20250422024357801394,false,true,400,750,2025-04-22T02:43:57.801394Z,33.4,,6,0,1,da8b1f31-b35d-4329-875c-d1e8c3f39f55,0.380,8c1f64ddb0000155,40
attachments/,"""0c0025f9-0000-0d00-0000-680704c40000""",LHocAPPPqmUPdSoAAAAAAA==,dbs/LHocAA==/colls/LHocAPPPqmU=/docs/LHocAPPPqmUPdSoAAAAAAA==/,1745290436,23.8,,,false,,36,false,8c1f64ddb0000155-20250422024626018059,false,true,400,750,2025-04-22T02:46:26.018059Z,33.5,,6,0,1,da8b1f31-b35d-4329-875c-d1e8c3f39f55,0.450,8c1f64ddb0000155,40
attachments/,"""0c0026f9-0000-0d00-0000-680704c40000""",LHocAPPPqmUQdSoAAAAAAA==,dbs/LHocAA==/colls/LHocAPPPqmU=/docs/LHocAPPPqmUQdSoAAAAAAA==/,1745290436,23.9,,,false,,36,false,8c1f64ddb0000155-20250422024856018059,false,true,400,750,2025-04-22T02:48:56.018059Z,33.4,,6,0,1,da8b1f31-b35d-4329-875c-d1e8c3f39f55,0.450,8c1f64ddb0000155,40
attachments/,"""0c0027f9-0000-0d00-0000-680704c40000""",LHocAPPPqmURdSoAAAAAAA==,dbs/LHocAA==/colls/LHocAPPPqmU=/docs/LHocAPPPqmURdSoAAAAAAA==/,1745290436,23.9,,,false,,36,false,8c1f64ddb0000155-20250422025126018059,false,true,400,750,2025-04-22T02:51:26.018059Z,33.4,,6,0,1,da8b1f31-b35d-4329-875c-d1e8c3f39f55,0.370,8c1f64ddb0000155,40
attachments/,"""0c0028f9-0000-0d00-0000-680704c40000""",LHocAPPPqmUSdSoAAAAAAA==,dbs/LHocAA==/colls/LHocAPPPqmU=/docs/LHocAPPPqmUSdSoAAAAAAA==/,1745290436,24,,,false,43.4,36,false,8c1f64ddb0000155-20250422025356018059,false,true,400,750,2025-04-22T02:53:56.018059Z,33.4,,6,0,1,da8b1f31-b35d-4329-875c-d1e8c3f39f55,0.440,8c1f64ddb0000155,40
attachments/,"""0c006dfa-0000-0d00-0000-6807071e0000""",LHocAPPPqmWXdSoAAAAAAA==,dbs/LHocAA==/colls/LHocAPPPqmU=/docs/LHocAPPPqmWXdSoAAAAAAA==/,1745291038,24.1,2.93,0,false,,36,false,8c1f64ddb0000155-20250422025628000889,false,true,400,750,2025-04-22T02:56:28.000889Z,33.4,0,6,0,1,da8b1f31-b35d-4329-875c-d1e8c3f39f55,0.470,8c1f64ddb0000155,40
attachments/,"""0c006efa-0000-0d00-0000-6807071e0000""",LHocAPPPqmWYdSoAAAAAAA==,dbs/LHocAA==/colls/LHocAPPPqmU=/docs/LHocAPPPqmWYdSoAAAAAAA==/,1745291038,24.2,2.93,0,false,43.3,36,false,8c1f64ddb0000155-20250422030358000889,false,true,400,750,2025-04-22T03:03:58.000889Z,33.5,0,6,0,1,da8b1f31-b35d-4329-875c-d1e8c3f39f55,0.470,8c1f64ddb0000155,40
attachments/,"""0c006ffa-0000-0d00-0000-6807071e0000""",LHocAPPPqmWZdSoAAAAAAA==,dbs/LHocAA==/colls/LHocAPPPqmU=/docs/LHocAPPPqmWZdSoAAAAAAA==/,1745291038,24.1,2.93,0,false,,36,false,8c1f64ddb0000155-20250422025858000889,false,true,400,750,2025-04-22T02:58:58.000889Z,33.4,0,6,0,1,da8b1f31-b35d-4329-875c-d1e8c3f39f55,0.380,8c1f64ddb0000155,40
attachments/,"""0c0070fa-0000-0d00-0000-6807071e0000""",LHocAPPPqmWadSoAAAAAAA==,dbs/LHocAA==/colls/LHocAPPPqmU=/docs/LHocAPPPqmWadSoAAAAAAA==/,1745291038,24.2,2.93,0,false,,36,false,8c1f64ddb0000155-20250422030128000889,false,true,400,750,2025-04-22T03:01:28.000889Z,33.4,0,6,0,1,da8b1f31-b35d-4329-875c-d1e8c3f39f55,0.440,8c1f64ddb0000155,40
attachments/,"""0c0012fc-0000-0d00-0000-680709740000""",LHocAPPPqmUfdioAAAAAAA==,dbs/LHocAA==/colls/LHocAPPPqmU=/docs/LHocAPPPqmUfdioAAAAAAA==/,1745291636,24.3,,,false,,36,false,8c1f64ddb0000155-20250422030626269397,false,true,400,750,2025-04-22T03:06:26.269397Z,33.4,,6,0,1,da8b1f31-b35d-4329-875c-d1e8c3f39f55,0.380,8c1f64ddb0000155,40
attachments/,"""0c0013fc-0000-0d00-0000-680709740000""",LHocAPPPqmUgdioAAAAAAA==,dbs/LHocAA==/colls/LHocAPPPqmU=/docs/LHocAPPPqmUgdioAAAAAAA==/,1745291636,24.4,,,false,,36,false,8c1f64ddb0000155-20250422031126269397,false,true,400,750,2025-04-22T03:11:26.269397Z,33.3,,6,0,1,da8b1f31-b35d-4329-875c-d1e8c3f39f55,0.450,8c1f64ddb0000155,40
attachments/,"""0c0014fc-0000-0d00-0000-680709740000""",LHocAPPPqmUhdioAAAAAAA==,dbs/LHocAA==/colls/LHocAPPPqmU=/docs/LHocAPPPqmUhdioAAAAAAA==/,1745291636,24.3,,,false,,36,false,8c1f64ddb0000155-20250422030856269397,false,true,400,750,2025-04-22T03:08:56.269397Z,33.4,,6,0,1,da8b1f31-b35d-4329-875c-d1e8c3f39f55,0.460,8c1f64ddb0000155,40
attachments/,"""0c0015fc-0000-0d00-0000-680709740000""",LHocAPPPqmUidioAAAAAAA==,dbs/LHocAA==/colls/LHocAPPPqmU=/docs/LHocAPPPqmUidioAAAAAAA==/,1745291636,24.4,,,false,42.9,36,false,8c1f64ddb0000155-20250422031356269397,false,true,400,750,2025-04-22T03:13:56.269397Z,33.4,,6,0,1,da8b1f31-b35d-4329-875c-d1e8c3f39f55,0.390,8c1f64ddb0000155,40
attachments/,"""0c0054fd-0000-0d00-0000-68070bce0000""",LHocAPPPqmWfdioAAAAAAA==,dbs/LHocAA==/colls/LHocAPPPqmU=/docs/LHocAPPPqmWfdioAAAAAAA==/,1745292238,24.6,,,false,,36,false,8c1f64ddb0000155-20250422032128089150,false,true,400,750,2025-04-22T03:21:28.089150Z,33.6,,6,0,1,da8b1f31-b35d-4329-875c-d1e8c3f39f55,0.400,8c1f64ddb0000155,40
attachments/,"""0c0055fd-0000-0d00-0000-68070bce0000""",LHocAPPPqmWgdioAAAAAAA==,dbs/LHocAA==/colls/LHocAPPPqmU=/docs/LHocAPPPqmWgdioAAAAAAA==/,1745292238,24.5,,,false,,36,false,8c1f64ddb0000155-20250422031628089150,false,true,400,750,2025-04-22T03:16:28.089150Z,33.4,,6,0,1,da8b1f31-b35d-4329-875c-d1e8c3f39f55,0.470,8c1f64ddb0000155,40
attachments/,"""0c0056fd-0000-0d00-0000-68070bce0000""",LHocAPPPqmWhdioAAAAAAA==,dbs/LHocAA==/colls/LHocAPPPqmU=/docs/LHocAPPPqmWhdioAAAAAAA==/,1745292238,24.5,,,false,,36,false,8c1f64ddb0000155-20250422031858089150,false,true,400,750,2025-04-22T03:18:58.089150Z,33.5,,6,0,1,da8b1f31-b35d-4329-875c-d1e8c3f39f55,0.430,8c1f64ddb0000155,40
attachments/,"""0c0057fd-0000-0d00-0000-68070bce0000""",LHocAPPPqmWidioAAAAAAA==,dbs/LHocAA==/colls/LHocAPPPqmU=/docs/LHocAPPPqmWidioAAAAAAA==/,1745292238,24.6,,,false,43.3,36,false,8c1f64ddb0000155-20250422032358089150,false,true,400,750,2025-04-22T03:23:58.089150Z,33.5,,6,0,1,da8b1f31-b35d-4329-875c-d1e8c3f39f55,0.440,8c1f64ddb0000155,40
attachments/,"""0c0097fe-0000-0d00-0000-68070e250000""",LHocAPPPqmUidyoAAAAAAA==,dbs/LHocAA==/colls/LHocAPPPqmU=/docs/LHocAPPPqmUidyoAAAAAAA==/,1745292837,24.7,2.94,0,false,,36,false,8c1f64ddb0000155-20250422032856974933,false,true,400,750,2025-04-22T03:28:56.974933Z,33.4,0,6,0,1,da8b1f31-b35d-4329-875c-d1e8c3f39f55,0.400,8c1f64ddb0000155,40
attachments/,"""0c0099fe-0000-0d00-0000-68070e250000""",LHocAPPPqmUkdyoAAAAAAA==,dbs/LHocAA==/colls/LHocAPPPqmU=/docs/LHocAPPPqmUkdyoAAAAAAA==/,1745292837,24.8,2.94,0,false,,36,false,8c1f64ddb0000155-20250422033126974933,false,true,400,750,2025-04-22T03:31:26.974933Z,33.4,0,6,0,1,da8b1f31-b35d-4329-875c-d1e8c3f39f55,0.470,8c1f64ddb0000155,40
attachments/,"""0c009afe-0000-0d00-0000-68070e250000""",LHocAPPPqmUldyoAAAAAAA==,dbs/LHocAA==/colls/LHocAPPPqmU=/docs/LHocAPPPqmUldyoAAAAAAA==/,1745292837,24.8,2.94,0,false,42.8,36,false,8c1f64ddb0000155-20250422033356974933,false,true,400,750,2025-04-22T03:33:56.974933Z,33.5,0,6,0,1,da8b1f31-b35d-4329-875c-d1e8c3f39f55,0.420,8c1f64ddb0000155,40
attachments/,"""0c009bfe-0000-0d00-0000-68070e250000""",LHocAPPPqmUmdyoAAAAAAA==,dbs/LHocAA==/colls/LHocAPPPqmU=/docs/LHocAPPPqmUmdyoAAAAAAA==/,1745292837,24.7,2.94,0,false,,36,false,8c1f64ddb0000155-20250422032626974933,false,true,400,750,2025-04-22T03:26:26.974933Z,33.4,0,6,0,1,da8b1f31-b35d-4329-875c-d1e8c3f39f55,0.440,8c1f64ddb0000155,40
attachments/,"""0c00e2ff-0000-0d00-0000-6807107e0000""",LHocAPPPqmWrdyoAAAAAAA==,dbs/LHocAA==/colls/LHocAPPPqmU=/docs/LHocAPPPqmWrdyoAAAAAAA==/,1745293438,24.9,,,false,,36,false,8c1f64ddb0000155-20250422033628012626,false,true,400,750,2025-04-22T03:36:28.012626Z,33.4,,6,0,1,da8b1f31-b35d-4329-875c-d1e8c3f39f55,0.380,8c1f64ddb0000155,40
attachments/,"""0c00e3ff-0000-0d00-0000-6807107e0000""",LHocAPPPqmWsdyoAAAAAAA==,dbs/LHocAA==/colls/LHocAPPPqmU=/docs/LHocAPPPqmWsdyoAAAAAAA==/,1745293438,24.9,,,false,,36,false,8c1f64ddb0000155-20250422033858012626,false,true,400,750,2025-04-22T03:38:58.012626Z,33.5,,6,0,1,da8b1f31-b35d-4329-875c-d1e8c3f39f55,0.470,8c1f64ddb0000155,40
attachments/,"""0c00e4ff-0000-0d00-0000-6807107e0000""",LHocAPPPqmWtdyoAAAAAAA==,dbs/LHocAA==/colls/LHocAPPPqmU=/docs/LHocAPPPqmWtdyoAAAAAAA==/,1745293438,24.9,,,false,,36,false,8c1f64ddb0000155-20250422034128012626,false,true,400,750,2025-04-22T03:41:28.012626Z,33.4,,6,0,1,da8b1f31-b35d-4329-875c-d1e8c3f39f55,0.430,8c1f64ddb0000155,40
attachments/,"""0c00e5ff-0000-0d00-0000-6807107e0000""",LHocAPPPqmWudyoAAAAAAA==,dbs/LHocAA==/colls/LHocAPPPqmU=/docs/LHocAPPPqmWudyoAAAAAAA==/,1745293438,25,,,false,43.1,36,false,8c1f64ddb0000155-20250422034358012626,false,true,400,750,2025-04-22T03:43:58.012626Z,33.5,,6,0,1,da8b1f31-b35d-4329-875c-d1e8c3f39f55,0.400,8c1f64ddb0000155,40
attachments/,"""0d003701-0000-0d00-0000-680712d60000""",LHocAPPPqmUreCoAAAAAAA==,dbs/LHocAA==/colls/LHocAPPPqmU=/docs/LHocAPPPqmUreCoAAAAAAA==/,1745294038,25.1,,,false,,36,false,8c1f64ddb0000155-20250422035128518291,false,true,400,750,2025-04-22T03:51:28.518291Z,33.5,,6,0,1,da8b1f31-b35d-4329-875c-d1e8c3f39f55,0.390,8c1f64ddb0000155,40
attachments/,"""0d003801-0000-0d00-0000-680712d60000""",LHocAPPPqmUseCoAAAAAAA==,dbs/LHocAA==/colls/LHocAPPPqmU=/docs/LHocAPPPqmUseCoAAAAAAA==/,1745294038,25,,,false,,36,false,8c1f64ddb0000155-20250422034628518291,false,true,400,750,2025-04-22T03:46:28.518291Z,33.6,,6,0,1,da8b1f31-b35d-4329-875c-d1e8c3f39f55,0.470,8c1f64ddb0000155,40
attachments/,"""0d003901-0000-0d00-0000-680712d70000""",LHocAPPPqmUteCoAAAAAAA==,dbs/LHocAA==/colls/LHocAPPPqmU=/docs/LHocAPPPqmUteCoAAAAAAA==/,1745294039,25.1,,,false,43.8,36,false,8c1f64ddb0000155-20250422035358518291,false,true,400,750,2025-04-22T03:53:58.518291Z,33.4,,6,0,1,da8b1f31-b35d-4329-875c-d1e8c3f39f55,0.470,8c1f64ddb0000155,40
attachments/,"""0d003a01-0000-0d00-0000-680712d70000""",LHocAPPPqmUueCoAAAAAAA==,dbs/LHocAA==/colls/LHocAPPPqmU=/docs/LHocAPPPqmUueCoAAAAAAA==/,1745294039,25.1,,,false,,36,false,8c1f64ddb0000155-20250422034858518291,false,true,400,750,2025-04-22T03:48:58.518291Z,33.4,,6,0,1,da8b1f31-b35d-4329-875c-d1e8c3f39f55,0.410,8c1f64ddb0000155,40
attachments/,"""0d00c402-0000-0d00-0000-6807152d0000""",LHocAPPPqmWveCoAAAAAAA==,dbs/LHocAA==/colls/LHocAPPPqmU=/docs/LHocAPPPqmWveCoAAAAAAA==/,1745294637,25.2,2.94,0,false,,36,false,8c1f64ddb0000155-20250422035626659135,false,true,400,750,2025-04-22T03:56:26.659135Z,33.4,0,6,0,1,da8b1f31-b35d-4329-875c-d1e8c3f39f55,0.430,8c1f64ddb0000155,40
attachments/,"""0d00c502-0000-0d00-0000-6807152d0000""",LHocAPPPqmWweCoAAAAAAA==,dbs/LHocAA==/colls/LHocAPPPqmU=/docs/LHocAPPPqmWweCoAAAAAAA==/,1745294637,25.2,2.94,0,false,,36,false,8c1f64ddb0000155-20250422035856659135,false,true,400,750,2025-04-22T03:58:56.659135Z,33.5,0,6,0,1,da8b1f31-b35d-4329-875c-d1e8c3f39f55,0.410,8c1f64ddb0000155,40
attachments/,"""0d00c602-0000-0d00-0000-6807152d0000""",LHocAPPPqmWxeCoAAAAAAA==,dbs/LHocAA==/colls/LHocAPPPqmU=/docs/LHocAPPPqmWxeCoAAAAAAA==/,1745294637,25.3,2.94,0,false,,36,false,8c1f64ddb0000155-20250422040126659135,false,true,400,750,2025-04-22T04:01:26.659135Z,33.6,0,6,0,1,da8b1f31-b35d-4329-875c-d1e8c3f39f55,0.440,8c1f64ddb0000155,40
attachments/,"""0d00c802-0000-0d00-0000-6807152d0000""",LHocAPPPqmWzeCoAAAAAAA==,dbs/LHocAA==/colls/LHocAPPPqmU=/docs/LHocAPPPqmWzeCoAAAAAAA==/,1745294637,25.3,2.94,0,false,42.8,36,false,8c1f64ddb0000155-20250422040356659135,false,true,400,750,2025-04-22T04:03:56.659135Z,33.6,0,6,0,1,da8b1f31-b35d-4329-875c-d1e8c3f39f55,0.430,8c1f64ddb0000155,40
attachments/,"""0d005004-0000-0d00-0000-680717840000""",LHocAPPPqmU3eSoAAAAAAA==,dbs/LHocAA==/colls/LHocAPPPqmU=/docs/LHocAPPPqmU3eSoAAAAAAA==/,1745295236,25.3,,,false,,36,false,8c1f64ddb0000155-20250422040626056783,false,true,400,750,2025-04-22T04:06:26.056783Z,33.5,,6,0,1,da8b1f31-b35d-4329-875c-d1e8c3f39f55,0.400,8c1f64ddb0000155,40
attachments/,"""0d005104-0000-0d00-0000-680717840000""",LHocAPPPqmU4eSoAAAAAAA==,dbs/LHocAA==/colls/LHocAPPPqmU=/docs/LHocAPPPqmU4eSoAAAAAAA==/,1745295236,25.4,,,false,,36,false,8c1f64ddb0000155-20250422040856056783,false,true,400,750,2025-04-22T04:08:56.056783Z,33.5,,6,0,1,da8b1f31-b35d-4329-875c-d1e8c3f39f55,0.440,8c1f64ddb0000155,40
attachments/,"""0d005204-0000-0d00-0000-680717840000""",LHocAPPPqmU5eSoAAAAAAA==,dbs/LHocAA==/colls/LHocAPPPqmU=/docs/LHocAPPPqmU5eSoAAAAAAA==/,1745295236,25.4,,,false,,36,false,8c1f64ddb0000155-20250422041126056783,false,true,400,750,2025-04-22T04:11:26.056783Z,33.5,,6,0,1,da8b1f31-b35d-4329-875c-d1e8c3f39f55,0.440,8c1f64ddb0000155,40
attachments/,"""0d005304-0000-0d00-0000-680717840000""",LHocAPPPqmU6eSoAAAAAAA==,dbs/LHocAA==/colls/LHocAPPPqmU=/docs/LHocAPPPqmU6eSoAAAAAAA==/,1745295236,25.4,,,false,43,36,false,8c1f64ddb0000155-20250422041356056783,false,true,400,750,2025-04-22T04:13:56.056783Z,33.5,,6,0,1,da8b1f31-b35d-4329-875c-d1e8c3f39f55,0.400,8c1f64ddb0000155,40
attachments/,"""0d009f05-0000-0d00-0000-680719dc0000""",LHocAPPPqmXEeSoAAAAAAA==,dbs/LHocAA==/colls/LHocAPPPqmU=/docs/LHocAPPPqmXEeSoAAAAAAA==/,1745295836,25.5,,,false,,36,false,8c1f64ddb0000155-20250422041856064603,false,true,400,750,2025-04-22T04:18:56.064603Z,33.6,,6,0,1,da8b1f31-b35d-4329-875c-d1e8c3f39f55,0.420,8c1f64ddb0000155,40
attachments/,"""0d00a005-0000-0d00-0000-680719dc0000""",LHocAPPPqmXFeSoAAAAAAA==,dbs/LHocAA==/colls/LHocAPPPqmU=/docs/LHocAPPPqmXFeSoAAAAAAA==/,1745295836,25.5,,,false,,36,false,8c1f64ddb0000155-20250422041626064603,false,true,400,750,2025-04-22T04:16:26.064603Z,33.6,,6,0,1,da8b1f31-b35d-4329-875c-d1e8c3f39f55,0.470,8c1f64ddb0000155,40
attachments/,"""0d00a105-0000-0d00-0000-680719dc0000""",LHocAPPPqmXGeSoAAAAAAA==,dbs/LHocAA==/colls/LHocAPPPqmU=/docs/LHocAPPPqmXGeSoAAAAAAA==/,1745295836,25.5,,,false,,36,false,8c1f64ddb0000155-20250422042126064603,false,true,400,750,2025-04-22T04:21:26.064603Z,33.5,,6,0,1,da8b1f31-b35d-4329-875c-d1e8c3f39f55,0.400,8c1f64ddb0000155,40
attachments/,"""0d00a205-0000-0d00-0000-680719dc0000""",LHocAPPPqmXHeSoAAAAAAA==,dbs/LHocAA==/colls/LHocAPPPqmU=/docs/LHocAPPPqmXHeSoAAAAAAA==/,1745295836,25.6,,,false,43.3,36,false,8c1f64ddb0000155-20250422042356064603,false,true,400,750,2025-04-22T04:23:56.064603Z,33.5,,6,0,1,da8b1f31-b35d-4329-875c-d1e8c3f39f55,0.440,8c1f64ddb0000155,40
attachments/,"""0d009907-0000-0d00-0000-68071c350000""",LHocAPPPqmVIeioAAAAAAA==,dbs/LHocAA==/colls/LHocAPPPqmU=/docs/LHocAPPPqmVIeioAAAAAAA==/,1745296437,25.6,2.95,0,false,,36,false,8c1f64ddb0000155-20250422042626729591,false,true,400,750,2025-04-22T04:26:26.729591Z,33.6,0,6,0,1,da8b1f31-b35d-4329-875c-d1e8c3f39f55,0.420,8c1f64ddb0000155,40
attachments/,"""0d009a07-0000-0d00-0000-68071c350000""",LHocAPPPqmVJeioAAAAAAA==,dbs/LHocAA==/colls/LHocAPPPqmU=/docs/LHocAPPPqmVJeioAAAAAAA==/,1745296437,25.6,2.95,0,false,,36,false,8c1f64ddb0000155-20250422042856729591,false,true,400,750,2025-04-22T04:28:56.729591Z,33.6,0,6,0,1,da8b1f31-b35d-4329-875c-d1e8c3f39f55,0.380,8c1f64ddb0000155,40
attachments/,"""0d009b07-0000-0d00-0000-68071c350000""",LHocAPPPqmVKeioAAAAAAA==,dbs/LHocAA==/colls/LHocAPPPqmU=/docs/LHocAPPPqmVKeioAAAAAAA==/,1745296437,25.6,2.95,0,false,,36,false,8c1f64ddb0000155-20250422043126729591,false,true,400,750,2025-04-22T04:31:26.729591Z,33.5,0,6,0,1,da8b1f31-b35d-4329-875c-d1e8c3f39f55,0.460,8c1f64ddb0000155,40
attachments/,"""0d009c07-0000-0d00-0000-68071c350000""",LHocAPPPqmVLeioAAAAAAA==,dbs/LHocAA==/colls/LHocAPPPqmU=/docs/LHocAPPPqmVLeioAAAAAAA==/,1745296437,25.7,2.95,0,false,43,36,false,8c1f64ddb0000155-20250422043356729591,false,true,400,750,2025-04-22T04:33:56.729591Z,33.5,0,6,0,1,da8b1f31-b35d-4329-875c-d1e8c3f39f55,0.450,8c1f64ddb0000155,40
attachments/,"""0d002d09-0000-0d00-0000-68071e8d0000""",LHocAPPPqmXUeioAAAAAAA==,dbs/LHocAA==/colls/LHocAPPPqmU=/docs/LHocAPPPqmXUeioAAAAAAA==/,1745297037,25.8,,,false,42.7,36,false,8c1f64ddb0000155-20250422044357051222,false,true,400,750,2025-04-22T04:43:57.051222Z,33.6,,6,0,1,da8b1f31-b35d-4329-875c-d1e8c3f39f55,0.380,8c1f64ddb0000155,40
attachments/,"""0d002e09-0000-0d00-0000-68071e8d0000""",LHocAPPPqmXVeioAAAAAAA==,dbs/LHocAA==/colls/LHocAPPPqmU=/docs/LHocAPPPqmXVeioAAAAAAA==/,1745297037,25.7,,,false,,36,false,8c1f64ddb0000155-20250422043627051222,false,true,400,750,2025-04-22T04:36:27.051222Z,33.6,,6,0,1,da8b1f31-b35d-4329-875c-d1e8c3f39f55,0.390,8c1f64ddb0000155,40
attachments/,"""0d002f09-0000-0d00-0000-68071e8d0000""",LHocAPPPqmXWeioAAAAAAA==,dbs/LHocAA==/colls/LHocAPPPqmU=/docs/LHocAPPPqmXWeioAAAAAAA==/,1745297037,25.7,,,false,,36,false,8c1f64ddb0000155-20250422043857051222,false,true,400,750,2025-04-22T04:38:57.051222Z,33.6,,6,0,1,da8b1f31-b35d-4329-875c-d1e8c3f39f55,0.470,8c1f64ddb0000155,40
attachments/,"""0d003009-0000-0d00-0000-68071e8d0000""",LHocAPPPqmXXeioAAAAAAA==,dbs/LHocAA==/colls/LHocAPPPqmU=/docs/LHocAPPPqmXXeioAAAAAAA==/,1745297037,25.8,,,false,,36,false,8c1f64ddb0000155-20250422044127051222,false,true,400,750,2025-04-22T04:41:27.051222Z,33.5,,6,0,1,da8b1f31-b35d-4329-875c-d1e8c3f39f55,0.410,8c1f64ddb0000155,40
attachments/,"""0d00c30a-0000-0d00-0000-680720e70000""",LHocAPPPqmVceyoAAAAAAA==,dbs/LHocAA==/colls/LHocAPPPqmU=/docs/LHocAPPPqmVceyoAAAAAAA==/,1745297639,25.8,,,false,,36,false,8c1f64ddb0000155-20250422044628660049,false,true,400,750,2025-04-22T04:46:28.660049Z,33.5,,6,0,1,da8b1f31-b35d-4329-875c-d1e8c3f39f55,0.460,8c1f64ddb0000155,40
attachments/,"""0d00c40a-0000-0d00-0000-680720e70000""",LHocAPPPqmVdeyoAAAAAAA==,dbs/LHocAA==/colls/LHocAPPPqmU=/docs/LHocAPPPqmVdeyoAAAAAAA==/,1745297639,25.8,,,false,,36,false,8c1f64ddb0000155-20250422044858660049,false,true,400,750,2025-04-22T04:48:58.660049Z,33.6,,6,0,1,da8b1f31-b35d-4329-875c-d1e8c3f39f55,0.430,8c1f64ddb0000155,40
attachments/,"""0d00c50a-0000-0d00-0000-680720e70000""",LHocAPPPqmVeeyoAAAAAAA==,dbs/LHocAA==/colls/LHocAPPPqmU=/docs/LHocAPPPqmVeeyoAAAAAAA==/,1745297639,25.9,,,false,,36,false,8c1f64ddb0000155-20250422045128660049,false,true,400,750,2025-04-22T04:51:28.660049Z,33.6,,6,0,1,da8b1f31-b35d-4329-875c-d1e8c3f39f55,0.400,8c1f64ddb0000155,40
attachments/,"""0d00c60a-0000-0d00-0000-680720e70000""",LHocAPPPqmVfeyoAAAAAAA==,dbs/LHocAA==/colls/LHocAPPPqmU=/docs/LHocAPPPqmVfeyoAAAAAAA==/,1745297639,25.9,,,false,43.8,36,false,8c1f64ddb0000155-20250422045358660049,false,true,400,750,2025-04-22T04:53:58.660049Z,33.6,,6,0,1,da8b1f31-b35d-4329-875c-d1e8c3f39f55,0.470,8c1f64ddb0000155,40
attachments/,"""0d00f50c-0000-0d00-0000-6807233c0000""",LHocAPPPqmXgeyoAAAAAAA==,dbs/LHocAA==/colls/LHocAPPPqmU=/docs/LHocAPPPqmXgeyoAAAAAAA==/,1745298236,25.9,2.95,0,false,,36,false,8c1f64ddb0000155-20250422045626555898,false,true,400,750,2025-04-22T04:56:26.555898Z,33.5,0,6,0,1,da8b1f31-b35d-4329-875c-d1e8c3f39f55,0.410,8c1f64ddb0000155,40
attachments/,"""0d00f60c-0000-0d00-0000-6807233c0000""",LHocAPPPqmXheyoAAAAAAA==,dbs/LHocAA==/colls/LHocAPPPqmU=/docs/LHocAPPPqmXheyoAAAAAAA==/,1745298236,25.9,2.95,0,false,,36,false,8c1f64ddb0000155-20250422045856555898,false,true,400,750,2025-04-22T04:58:56.555898Z,33.7,0,6,0,1,da8b1f31-b35d-4329-875c-d1e8c3f39f55,0.410,8c1f64ddb0000155,40
attachments/,"""0d00f70c-0000-0d00-0000-6807233d0000""",LHocAPPPqmXieyoAAAAAAA==,dbs/LHocAA==/colls/LHocAPPPqmU=/docs/LHocAPPPqmXieyoAAAAAAA==/,1745298237,26,2.95,0,false,,36,false,8c1f64ddb0000155-20250422050126555898,false,true,400,750,2025-04-22T05:01:26.555898Z,33.6,0,6,0,1,da8b1f31-b35d-4329-875c-d1e8c3f39f55,0.440,8c1f64ddb0000155,40
attachments/,"""0d00f80c-0000-0d00-0000-6807233d0000""",LHocAPPPqmXjeyoAAAAAAA==,dbs/LHocAA==/colls/LHocAPPPqmU=/docs/LHocAPPPqmXjeyoAAAAAAA==/,1745298237,26,2.95,0,false,42.7,36,false,8c1f64ddb0000155-20250422050356555898,false,true,400,750,2025-04-22T05:03:56.555898Z,33.6,0,6,0,1,da8b1f31-b35d-4329-875c-d1e8c3f39f55,0.420,8c1f64ddb0000155,40
attachments/,"""0d00c50e-0000-0d00-0000-680725950000""",LHocAPPPqmVqfCoAAAAAAA==,dbs/LHocAA==/colls/LHocAPPPqmU=/docs/LHocAPPPqmVqfCoAAAAAAA==/,1745298837,26,,,false,,36,false,8c1f64ddb0000155-20250422050856826567,false,true,400,750,2025-04-22T05:08:56.826567Z,33.6,,6,0,1,da8b1f31-b35d-4329-875c-d1e8c3f39f55,0.470,8c1f64ddb0000155,40
attachments/,"""0d00c60e-0000-0d00-0000-680725950000""",LHocAPPPqmVrfCoAAAAAAA==,dbs/LHocAA==/colls/LHocAPPPqmU=/docs/LHocAPPPqmVrfCoAAAAAAA==/,1745298837,26,,,false,,36,false,8c1f64ddb0000155-20250422050626826567,false,true,400,750,2025-04-22T05:06:26.826567Z,33.6,,6,0,1,da8b1f31-b35d-4329-875c-d1e8c3f39f55,0.410,8c1f64ddb0000155,40
attachments/,"""0d00c70e-0000-0d00-0000-680725950000""",LHocAPPPqmVsfCoAAAAAAA==,dbs/LHocAA==/colls/LHocAPPPqmU=/docs/LHocAPPPqmVsfCoAAAAAAA==/,1745298837,26.1,,,false,,36,false,8c1f64ddb0000155-20250422051126826567,false,true,400,750,2025-04-22T05:11:26.826567Z,33.7,,6,0,1,da8b1f31-b35d-4329-875c-d1e8c3f39f55,0.400,8c1f64ddb0000155,40
attachments/,"""0d00c80e-0000-0d00-0000-680725950000""",LHocAPPPqmVtfCoAAAAAAA==,dbs/LHocAA==/colls/LHocAPPPqmU=/docs/LHocAPPPqmVtfCoAAAAAAA==/,1745298837,26.1,,,false,42.9,36,false,8c1f64ddb0000155-20250422051356826567,false,true,400,750,2025-04-22T05:13:56.826567Z,33.6,,6,0,1,da8b1f31-b35d-4329-875c-d1e8c3f39f55,0.390,8c1f64ddb0000155,40
attachments/,"""0d009711-0000-0d00-0000-680727ec0000""",LHocAPPPqmXufCoAAAAAAA==,dbs/LHocAA==/colls/LHocAPPPqmU=/docs/LHocAPPPqmXufCoAAAAAAA==/,1745299436,26.1,,,false,,36,false,8c1f64ddb0000155-20250422051626298334,false,true,400,750,2025-04-22T05:16:26.298334Z,33.6,,6,0,1,da8b1f31-b35d-4329-875c-d1e8c3f39f55,0.430,8c1f64ddb0000155,40
attachments/,"""0d009811-0000-0d00-0000-680727ec0000""",LHocAPPPqmXvfCoAAAAAAA==,dbs/LHocAA==/colls/LHocAPPPqmU=/docs/LHocAPPPqmXvfCoAAAAAAA==/,1745299436,26.2,,,false,43.8,36,false,8c1f64ddb0000155-20250422052356298334,false,true,400,750,2025-04-22T05:23:56.298334Z,33.6,,6,0,1,da8b1f31-b35d-4329-875c-d1e8c3f39f55,0.460,8c1f64ddb0000155,40
attachments/,"""0d009911-0000-0d00-0000-680727ec0000""",LHocAPPPqmXwfCoAAAAAAA==,dbs/LHocAA==/colls/LHocAPPPqmU=/docs/LHocAPPPqmXwfCoAAAAAAA==/,1745299436,26.1,,,false,,36,false,8c1f64ddb0000155-20250422051856298334,false,true,400,750,2025-04-22T05:18:56.298334Z,33.5,,6,0,1,da8b1f31-b35d-4329-875c-d1e8c3f39f55,0.440,8c1f64ddb0000155,40
attachments/,"""0d009a11-0000-0d00-0000-680727ec0000""",LHocAPPPqmXxfCoAAAAAAA==,dbs/LHocAA==/colls/LHocAPPPqmU=/docs/LHocAPPPqmXxfCoAAAAAAA==/,1745299436,26.1,,,false,,36,false,8c1f64ddb0000155-20250422052126298334,false,true,400,750,2025-04-22T05:21:26.298334Z,33.5,,6,0,1,da8b1f31-b35d-4329-875c-d1e8c3f39f55,0.400,8c1f64ddb0000155,40
attachments/,"""0d009d13-0000-0d00-0000-68072a440000""",LHocAPPPqmV6fSoAAAAAAA==,dbs/LHocAA==/colls/LHocAPPPqmU=/docs/LHocAPPPqmV6fSoAAAAAAA==/,1745300036,26.2,2.96,0,false,43.2,36,false,8c1f64ddb0000155-20250422053356163207,false,true,400,750,2025-04-22T05:33:56.163207Z,33.6,0,6,0,1,da8b1f31-b35d-4329-875c-d1e8c3f39f55,0.460,8c1f64ddb0000155,40
attachments/,"""0d009e13-0000-0d00-0000-68072a440000""",LHocAPPPqmV7fSoAAAAAAA==,dbs/LHocAA==/colls/LHocAPPPqmU=/docs/LHocAPPPqmV7fSoAAAAAAA==/,1745300036,26.2,2.96,0,false,,36,false,8c1f64ddb0000155-20250422052626163207,false,true,400,750,2025-04-22T05:26:26.163207Z,33.6,0,6,0,1,da8b1f31-b35d-4329-875c-d1e8c3f39f55,0.410,8c1f64ddb0000155,40
attachments/,"""0d009f13-0000-0d00-0000-68072a440000""",LHocAPPPqmV8fSoAAAAAAA==,dbs/LHocAA==/colls/LHocAPPPqmU=/docs/LHocAPPPqmV8fSoAAAAAAA==/,1745300036,26.2,2.96,0,false,,36,false,8c1f64ddb0000155-20250422052856163207,false,true,400,750,2025-04-22T05:28:56.163207Z,33.6,0,6,0,1,da8b1f31-b35d-4329-875c-d1e8c3f39f55,0.380,8c1f64ddb0000155,40
attachments/,"""0d00a013-0000-0d00-0000-68072a440000""",LHocAPPPqmV9fSoAAAAAAA==,dbs/LHocAA==/colls/LHocAPPPqmU=/docs/LHocAPPPqmV9fSoAAAAAAA==/,1745300036,26.2,2.96,0,false,,36,false,8c1f64ddb0000155-20250422053126163207,false,true,400,750,2025-04-22T05:31:26.163207Z,33.5,0,6,0,1,da8b1f31-b35d-4329-875c-d1e8c3f39f55,0.430,8c1f64ddb0000155,40
attachments/,"""0d008b15-0000-0d00-0000-68072c9e0000""",LHocAPPPqmUCfioAAAAAAA==,dbs/LHocAA==/colls/LHocAPPPqmU=/docs/LHocAPPPqmUCfioAAAAAAA==/,1745300638,26.3,,,false,,36,false,8c1f64ddb0000155-20250422053627528815,false,true,400,750,2025-04-22T05:36:27.528815Z,33.5,,6,0,1,da8b1f31-b35d-4329-875c-d1e8c3f39f55,0.380,8c1f64ddb0000155,40
attachments/,"""0d008c15-0000-0d00-0000-68072c9e0000""",LHocAPPPqmUDfioAAAAAAA==,dbs/LHocAA==/colls/LHocAPPPqmU=/docs/LHocAPPPqmUDfioAAAAAAA==/,1745300638,26.3,,,false,,36,false,8c1f64ddb0000155-20250422053857528815,false,true,400,750,2025-04-22T05:38:57.528815Z,33.6,,6,0,1,da8b1f31-b35d-4329-875c-d1e8c3f39f55,0.450,8c1f64ddb0000155,40
attachments/,"""0d008d15-0000-0d00-0000-68072c9e0000""",LHocAPPPqmUEfioAAAAAAA==,dbs/LHocAA==/colls/LHocAPPPqmU=/docs/LHocAPPPqmUEfioAAAAAAA==/,1745300638,26.3,,,false,,36,false,8c1f64ddb0000155-20250422054127528815,false,true,400,750,2025-04-22T05:41:27.528815Z,33.6,,6,0,1,da8b1f31-b35d-4329-875c-d1e8c3f39f55,0.430,8c1f64ddb0000155,40
attachments/,"""0d008e15-0000-0d00-0000-68072c9e0000""",LHocAPPPqmUFfioAAAAAAA==,dbs/LHocAA==/colls/LHocAPPPqmU=/docs/LHocAPPPqmUFfioAAAAAAA==/,1745300638,26.3,,,false,42.5,36,false,8c1f64ddb0000155-20250422054357528815,false,true,400,750,2025-04-22T05:43:57.528815Z,33.5,,6,0,1,da8b1f31-b35d-4329-875c-d1e8c3f39f55,0.370,8c1f64ddb0000155,40
attachments/,"""0d008417-0000-0d00-0000-68072ef50000""",LHocAPPPqmWKfioAAAAAAA==,dbs/LHocAA==/colls/LHocAPPPqmU=/docs/LHocAPPPqmWKfioAAAAAAA==/,1745301237,26.3,,,false,,36,false,8c1f64ddb0000155-20250422054626896457,false,true,400,750,2025-04-22T05:46:26.896457Z,33.6,,6,0,1,da8b1f31-b35d-4329-875c-d1e8c3f39f55,0.450,8c1f64ddb0000155,40
attachments/,"""0d008517-0000-0d00-0000-68072ef50000""",LHocAPPPqmWLfioAAAAAAA==,dbs/LHocAA==/colls/LHocAPPPqmU=/docs/LHocAPPPqmWLfioAAAAAAA==/,1745301237,26.4,,,false,43.8,36,false,8c1f64ddb0000155-20250422055356896457,false,true,400,750,2025-04-22T05:53:56.896457Z,33.7,,6,0,1,da8b1f31-b35d-4329-875c-d1e8c3f39f55,0.450,8c1f64ddb0000155,40
attachments/,"""0d008617-0000-0d00-0000-68072ef50000""",LHocAPPPqmWMfioAAAAAAA==,dbs/LHocAA==/colls/LHocAPPPqmU=/docs/LHocAPPPqmWMfioAAAAAAA==/,1745301237,26.4,,,false,,36,false,8c1f64ddb0000155-20250422054856896457,false,true,400,750,2025-04-22T05:48:56.896457Z,33.7,,6,0,1,da8b1f31-b35d-4329-875c-d1e8c3f39f55,0.450,8c1f64ddb0000155,40
attachments/,"""0d008717-0000-0d00-0000-68072ef50000""",LHocAPPPqmWNfioAAAAAAA==,dbs/LHocAA==/colls/LHocAPPPqmU=/docs/LHocAPPPqmWNfioAAAAAAA==/,1745301237,26.4,,,false,,36,false,8c1f64ddb0000155-20250422055126896457,false,true,400,750,2025-04-22T05:51:26.896457Z,33.7,,6,0,1,da8b1f31-b35d-4329-875c-d1e8c3f39f55,0.380,8c1f64ddb0000155,40
attachments/,"""0d009719-0000-0d00-0000-6807314d0000""",LHocAPPPqmUOfyoAAAAAAA==,dbs/LHocAA==/colls/LHocAPPPqmU=/docs/LHocAPPPqmUOfyoAAAAAAA==/,1745301837,26.4,2.96,0,false,,36,false,8c1f64ddb0000155-20250422055626165268,false,true,400,750,2025-04-22T05:56:26.165268Z,33.7,0,6,0,1,da8b1f31-b35d-4329-875c-d1e8c3f39f55,0.420,8c1f64ddb0000155,40
attachments/,"""0d009819-0000-0d00-0000-6807314d0000""",LHocAPPPqmUPfyoAAAAAAA==,dbs/LHocAA==/colls/LHocAPPPqmU=/docs/LHocAPPPqmUPfyoAAAAAAA==/,1745301837,26.4,2.96,0,false,,36,false,8c1f64ddb0000155-20250422055856165268,false,true,400,750,2025-04-22T05:58:56.165268Z,33.7,0,6,0,1,da8b1f31-b35d-4329-875c-d1e8c3f39f55,0.380,8c1f64ddb0000155,40
attachments/,"""0d009a19-0000-0d00-0000-6807314d0000""",LHocAPPPqmURfyoAAAAAAA==,dbs/LHocAA==/colls/LHocAPPPqmU=/docs/LHocAPPPqmURfyoAAAAAAA==/,1745301837,26.4,2.96,0,false,,36,false,8c1f64ddb0000155-20250422060126165268,false,true,400,750,2025-04-22T06:01:26.165268Z,33.6,0,6,0,1,da8b1f31-b35d-4329-875c-d1e8c3f39f55,0.460,8c1f64ddb0000155,40
attachments/,"""0d009b19-0000-0d00-0000-6807314d0000""",LHocAPPPqmUSfyoAAAAAAA==,dbs/LHocAA==/colls/LHocAPPPqmU=/docs/LHocAPPPqmUSfyoAAAAAAA==/,1745301837,26.5,2.96,0,false,43.2,36,false,8c1f64ddb0000155-20250422060356165268,false,true,400,750,2025-04-22T06:03:56.165268Z,33.8,0,6,0,1,da8b1f31-b35d-4329-875c-d1e8c3f39f55,0.450,8c1f64ddb0000155,40
attachments/,"""0d00881b-0000-0d00-0000-680733a50000""",LHocAPPPqmWSfyoAAAAAAA==,dbs/LHocAA==/colls/LHocAPPPqmU=/docs/LHocAPPPqmWSfyoAAAAAAA==/,1745302437,26.5,,,false,,35,false,8c1f64ddb0000155-20250422060627406880,false,true,400,750,2025-04-22T06:06:27.406880Z,33.7,,6,0,1,da8b1f31-b35d-4329-875c-d1e8c3f39f55,0.390,8c1f64ddb0000155,40
attachments/,"""0d00891b-0000-0d00-0000-680733a50000""",LHocAPPPqmWTfyoAAAAAAA==,dbs/LHocAA==/colls/LHocAPPPqmU=/docs/LHocAPPPqmWTfyoAAAAAAA==/,1745302437,26.5,,,false,43,36,false,8c1f64ddb0000155-20250422061357406880,false,true,400,750,2025-04-22T06:13:57.406880Z,33.7,,6,0,1,da8b1f31-b35d-4329-875c-d1e8c3f39f55,0.390,8c1f64ddb0000155,40
attachments/,"""0d008a1b-0000-0d00-0000-680733a50000""",LHocAPPPqmWUfyoAAAAAAA==,dbs/LHocAA==/colls/LHocAPPPqmU=/docs/LHocAPPPqmWUfyoAAAAAAA==/,1745302437,26.5,,,false,,36,false,8c1f64ddb0000155-20250422060857406880,false,true,400,750,2025-04-22T06:08:57.406880Z,33.6,,6,0,1,da8b1f31-b35d-4329-875c-d1e8c3f39f55,0.430,8c1f64ddb0000155,40
attachments/,"""0d008b1b-0000-0d00-0000-680733a50000""",LHocAPPPqmWVfyoAAAAAAA==,dbs/LHocAA==/colls/LHocAPPPqmU=/docs/LHocAPPPqmWVfyoAAAAAAA==/,1745302437,26.5,,,false,,36,false,8c1f64ddb0000155-20250422061127406880,false,true,400,750,2025-04-22T06:11:27.406880Z,33.8,,6,0,1,da8b1f31-b35d-4329-875c-d1e8c3f39f55,0.450,8c1f64ddb0000155,40
attachments/,"""0d00331e-0000-0d00-0000-680735fd0000""",LHocAPPPqmUagCoAAAAAAA==,dbs/LHocAA==/colls/LHocAPPPqmU=/docs/LHocAPPPqmUagCoAAAAAAA==/,1745303037,26.6,,,false,,36,false,8c1f64ddb0000155-20250422061857177605,false,true,400,750,2025-04-22T06:18:57.177605Z,33.7,,6,0,1,da8b1f31-b35d-4329-875c-d1e8c3f39f55,0.420,8c1f64ddb0000155,40
attachments/,"""0d00341e-0000-0d00-0000-680735fd0000""",LHocAPPPqmUbgCoAAAAAAA==,dbs/LHocAA==/colls/LHocAPPPqmU=/docs/LHocAPPPqmUbgCoAAAAAAA==/,1745303037,26.5,,,false,,36,false,8c1f64ddb0000155-20250422061627177605,false,true,400,750,2025-04-22T06:16:27.177605Z,33.6,,6,0,1,da8b1f31-b35d-4329-875c-d1e8c3f39f55,0.460,8c1f64ddb0000155,40
attachments/,"""0d00351e-0000-0d00-0000-680735fd0000""",LHocAPPPqmUcgCoAAAAAAA==,dbs/LHocAA==/colls/LHocAPPPqmU=/docs/LHocAPPPqmUcgCoAAAAAAA==/,1745303037,26.6,,,false,,36,false,8c1f64ddb0000155-20250422062127177605,false,true,400,750,2025-04-22T06:21:27.177605Z,33.7,,6,0,1,da8b1f31-b35d-4329-875c-d1e8c3f39f55,0.370,8c1f64ddb0000155,40
attachments/,"""0d00361e-0000-0d00-0000-680735fd0000""",LHocAPPPqmUdgCoAAAAAAA==,dbs/LHocAA==/colls/LHocAPPPqmU=/docs/LHocAPPPqmUdgCoAAAAAAA==/,1745303037,26.6,,,false,43.8,36,false,8c1f64ddb0000155-20250422062357177605,false,true,400,750,2025-04-22T06:23:57.177605Z,33.7,,6,0,1,da8b1f31-b35d-4329-875c-d1e8c3f39f55,0.450,8c1f64ddb0000155,40
attachments/,"""0d00f21f-0000-0d00-0000-680738560000""",LHocAPPPqmWigCoAAAAAAA==,dbs/LHocAA==/colls/LHocAPPPqmU=/docs/LHocAPPPqmWigCoAAAAAAA==/,1745303638,26.6,2.97,0,false,,36,false,8c1f64ddb0000155-20250422062628275538,false,true,400,750,2025-04-22T06:26:28.275538Z,33.6,0,6,0,1,da8b1f31-b35d-4329-875c-d1e8c3f39f55,0.430,8c1f64ddb0000155,40
attachments/,"""0d00f31f-0000-0d00-0000-680738560000""",LHocAPPPqmWjgCoAAAAAAA==,dbs/LHocAA==/colls/LHocAPPPqmU=/docs/LHocAPPPqmWjgCoAAAAAAA==/,1745303638,26.6,2.97,0,false,,36,false,8c1f64ddb0000155-20250422063128275538,false,true,400,750,2025-04-22T06:31:28.275538Z,33.7,0,6,0,1,da8b1f31-b35d-4329-875c-d1e8c3f39f55,0.420,8c1f64ddb0000155,40
attachments/,"""0d00f41f-0000-0d00-0000-680738560000""",LHocAPPPqmWkgCoAAAAAAA==,dbs/LHocAA==/colls/LHocAPPPqmU=/docs/LHocAPPPqmWkgCoAAAAAAA==/,1745303638,26.6,2.97,0,false,,35,false,8c1f64ddb0000155-20250422062858275538,false,true,400,750,2025-04-22T06:28:58.275538Z,33.7,0,6,0,1,da8b1f31-b35d-4329-875c-d1e8c3f39f55,0.370,8c1f64ddb0000155,40
attachments/,"""0d00f51f-0000-0d00-0000-680738560000""",LHocAPPPqmWlgCoAAAAAAA==,dbs/LHocAA==/colls/LHocAPPPqmU=/docs/LHocAPPPqmWlgCoAAAAAAA==/,1745303638,26.6,2.97,0,false,43.5,36,false,8c1f64ddb0000155-20250422063358275538,false,true,400,750,2025-04-22T06:33:58.275538Z,33.7,0,6,0,1,da8b1f31-b35d-4329-875c-d1e8c3f39f55,0.470,8c1f64ddb0000155,40
attachments/,"""0d00c221-0000-0d00-0000-68073aad0000""",LHocAPPPqmUmgSoAAAAAAA==,dbs/LHocAA==/colls/LHocAPPPqmU=/docs/LHocAPPPqmUmgSoAAAAAAA==/,1745304237,26.7,,,false,,36,false,8c1f64ddb0000155-20250422063626883148,false,true,400,750,2025-04-22T06:36:26.883148Z,33.7,,6,0,1,da8b1f31-b35d-4329-875c-d1e8c3f39f55,0.380,8c1f64ddb0000155,40
attachments/,"""0d00c321-0000-0d00-0000-68073aad0000""",LHocAPPPqmUngSoAAAAAAA==,dbs/LHocAA==/colls/LHocAPPPqmU=/docs/LHocAPPPqmUngSoAAAAAAA==/,1745304237,26.7,,,false,,36,false,8c1f64ddb0000155-20250422064126883148,false,true,400,750,2025-04-22T06:41:26.883148Z,33.7,,6,0,1,da8b1f31-b35d-4329-875c-d1e8c3f39f55,0.430,8c1f64ddb0000155,40
attachments/,"""0d00c421-0000-0d00-0000-68073aad0000""",LHocAPPPqmUogSoAAAAAAA==,dbs/LHocAA==/colls/LHocAPPPqmU=/docs/LHocAPPPqmUogSoAAAAAAA==/,1745304237,26.7,,,false,,36,false,8c1f64ddb0000155-20250422063856883148,false,true,400,750,2025-04-22T06:38:56.883148Z,33.7,,6,0,1,da8b1f31-b35d-4329-875c-d1e8c3f39f55,0.440,8c1f64ddb0000155,40
attachments/,"""0d00c521-0000-0d00-0000-68073aad0000""",LHocAPPPqmUpgSoAAAAAAA==,dbs/LHocAA==/colls/LHocAPPPqmU=/docs/LHocAPPPqmUpgSoAAAAAAA==/,1745304237,26.7,,,false,42.5,36,false,8c1f64ddb0000155-20250422064356883148,false,true,400,750,2025-04-22T06:43:56.883148Z,33.7,,6,0,1,da8b1f31-b35d-4329-875c-d1e8c3f39f55,0.360,8c1f64ddb0000155,40
attachments/,"""0d00a723-0000-0d00-0000-68073d050000""",LHocAPPPqmWugSoAAAAAAA==,dbs/LHocAA==/colls/LHocAPPPqmU=/docs/LHocAPPPqmWugSoAAAAAAA==/,1745304837,26.7,,,false,,33,false,8c1f64ddb0000155-20250422064627264969,false,true,400,750,2025-04-22T06:46:27.264969Z,33.8,,6,0,1,da8b1f31-b35d-4329-875c-d1e8c3f39f55,0.400,8c1f64ddb0000155,40
attachments/,"""0d00a823-0000-0d00-0000-68073d050000""",LHocAPPPqmWvgSoAAAAAAA==,dbs/LHocAA==/colls/LHocAPPPqmU=/docs/LHocAPPPqmWvgSoAAAAAAA==/,1745304837,26.7,,,false,,32,false,8c1f64ddb0000155-20250422064857264969,false,true,400,750,2025-04-22T06:48:57.264969Z,33.7,,6,0,1,da8b1f31-b35d-4329-875c-d1e8c3f39f55,0.470,8c1f64ddb0000155,40
attachments/,"""0d00aa23-0000-0d00-0000-68073d050000""",LHocAPPPqmWwgSoAAAAAAA==,dbs/LHocAA==/colls/LHocAPPPqmU=/docs/LHocAPPPqmWwgSoAAAAAAA==/,1745304837,26.7,,,false,,32,false,8c1f64ddb0000155-20250422065127264969,false,true,400,750,2025-04-22T06:51:27.264969Z,33.6,,6,0,1,da8b1f31-b35d-4329-875c-d1e8c3f39f55,0.370,8c1f64ddb0000155,40
attachments/,"""0d00ab23-0000-0d00-0000-68073d050000""",LHocAPPPqmWxgSoAAAAAAA==,dbs/LHocAA==/colls/LHocAPPPqmU=/docs/LHocAPPPqmWxgSoAAAAAAA==/,1745304837,26.7,,,false,43.5,32,false,8c1f64ddb0000155-20250422065357264969,false,true,400,750,2025-04-22T06:53:57.264969Z,33.6,,6,0,1,da8b1f31-b35d-4329-875c-d1e8c3f39f55,0.430,8c1f64ddb0000155,40
attachments/,"""0d009325-0000-0d00-0000-68073f5d0000""",LHocAPPPqmU1gioAAAAAAA==,dbs/LHocAA==/colls/LHocAPPPqmU=/docs/LHocAPPPqmU1gioAAAAAAA==/,1745305437,26.8,2.97,0,false,,31,false,8c1f64ddb0000155-20250422070126783975,false,true,400,750,2025-04-22T07:01:26.783975Z,33.7,0,6,0,1,da8b1f31-b35d-4329-875c-d1e8c3f39f55,0.440,8c1f64ddb0000155,40
attachments/,"""0d009425-0000-0d00-0000-68073f5d0000""",LHocAPPPqmU2gioAAAAAAA==,dbs/LHocAA==/colls/LHocAPPPqmU=/docs/LHocAPPPqmU2gioAAAAAAA==/,1745305437,26.8,2.97,0,false,,32,false,8c1f64ddb0000155-20250422065626783975,false,true,400,750,2025-04-22T06:56:26.783975Z,33.6,0,6,0,1,da8b1f31-b35d-4329-875c-d1e8c3f39f55,0.470,8c1f64ddb0000155,40
attachments/,"""0d009525-0000-0d00-0000-68073f5d0000""",LHocAPPPqmU3gioAAAAAAA==,dbs/LHocAA==/colls/LHocAPPPqmU=/docs/LHocAPPPqmU3gioAAAAAAA==/,1745305437,26.8,2.97,0,false,,32,false,8c1f64ddb0000155-20250422065856783975,false,true,400,750,2025-04-22T06:58:56.783975Z,33.7,0,6,0,1,da8b1f31-b35d-4329-875c-d1e8c3f39f55,0.370,8c1f64ddb0000155,40
attachments/,"""0d009625-0000-0d00-0000-68073f5d0000""",LHocAPPPqmU4gioAAAAAAA==,dbs/LHocAA==/colls/LHocAPPPqmU=/docs/LHocAPPPqmU4gioAAAAAAA==/,1745305437,26.8,2.97,0,false,43.2,31,false,8c1f64ddb0000155-20250422070356783975,false,true,400,750,2025-04-22T07:03:56.783975Z,33.7,0,6,0,1,da8b1f31-b35d-4329-875c-d1e8c3f39f55,0.460,8c1f64ddb0000155,40
attachments/,"""0d007128-0000-0d00-0000-680741b40000""",LHocAPPPqmW5gioAAAAAAA==,dbs/LHocAA==/colls/LHocAPPPqmU=/docs/LHocAPPPqmW5gioAAAAAAA==/,1745306036,26.8,,,false,,32,false,8c1f64ddb0000155-20250422071126340681,false,true,400,750,2025-04-22T07:11:26.340681Z,33.4,,6,0,1,da8b1f31-b35d-4329-875c-d1e8c3f39f55,0.260,8c1f64ddb0000155,40
attachments/,"""0d007228-0000-0d00-0000-680741b40000""",LHocAPPPqmW6gioAAAAAAA==,dbs/LHocAA==/colls/LHocAPPPqmU=/docs/LHocAPPPqmW6gioAAAAAAA==/,1745306036,26.8,,,false,,32,false,8c1f64ddb0000155-20250422070626340681,false,true,400,750,2025-04-22T07:06:26.340681Z,33.5,,6,0,1,da8b1f31-b35d-4329-875c-d1e8c3f39f55,0.410,8c1f64ddb0000155,40
attachments/,"""0d007328-0000-0d00-0000-680741b40000""",LHocAPPPqmW7gioAAAAAAA==,dbs/LHocAA==/colls/LHocAPPPqmU=/docs/LHocAPPPqmW7gioAAAAAAA==/,1745306036,26.8,,,false,42.4,31,false,8c1f64ddb0000155-20250422071356340681,false,true,400,750,2025-04-22T07:13:56.340681Z,33.5,,6,0,1,da8b1f31-b35d-4329-875c-d1e8c3f39f55,0.420,8c1f64ddb0000155,40
attachments/,"""0d007428-0000-0d00-0000-680741b40000""",LHocAPPPqmW8gioAAAAAAA==,dbs/LHocAA==/colls/LHocAPPPqmU=/docs/LHocAPPPqmW8gioAAAAAAA==/,1745306036,26.8,,,false,,32,false,8c1f64ddb0000155-20250422070856340681,false,true,400,750,2025-04-22T07:08:56.340681Z,33.6,,6,0,1,da8b1f31-b35d-4329-875c-d1e8c3f39f55,0.490,8c1f64ddb0000155,40
attachments/,"""0d00492a-0000-0d00-0000-6807440d0000""",LHocAPPPqmVBgyoAAAAAAA==,dbs/LHocAA==/colls/LHocAPPPqmU=/docs/LHocAPPPqmVBgyoAAAAAAA==/,1745306637,26.8,,,false,,32,false,8c1f64ddb0000155-20250422071627245831,false,true,400,750,2025-04-22T07:16:27.245831Z,33.4,,6,0,1,da8b1f31-b35d-4329-875c-d1e8c3f39f55,0.440,8c1f64ddb0000155,40
attachments/,"""0d004a2a-0000-0d00-0000-6807440d0000""",LHocAPPPqmVCgyoAAAAAAA==,dbs/LHocAA==/colls/LHocAPPPqmU=/docs/LHocAPPPqmVCgyoAAAAAAA==/,1745306637,26.8,,,false,,32,false,8c1f64ddb0000155-20250422072127245831,false,true,400,750,2025-04-22T07:21:27.245831Z,33.5,,6,0,1,da8b1f31-b35d-4329-875c-d1e8c3f39f55,0.470,8c1f64ddb0000155,40
attachments/,"""0d004b2a-0000-0d00-0000-6807440d0000""",LHocAPPPqmVDgyoAAAAAAA==,dbs/LHocAA==/colls/LHocAPPPqmU=/docs/LHocAPPPqmVDgyoAAAAAAA==/,1745306637,26.8,,,false,,31,false,8c1f64ddb0000155-20250422071857245831,false,true,400,750,2025-04-22T07:18:57.245831Z,33.4,,6,0,1,da8b1f31-b35d-4329-875c-d1e8c3f39f55,0.460,8c1f64ddb0000155,40
attachments/,"""0d004c2a-0000-0d00-0000-6807440d0000""",LHocAPPPqmVEgyoAAAAAAA==,dbs/LHocAA==/colls/LHocAPPPqmU=/docs/LHocAPPPqmVEgyoAAAAAAA==/,1745306637,26.9,,,false,44.1,31,false,8c1f64ddb0000155-20250422072357245831,false,true,400,750,2025-04-22T07:23:57.245831Z,33.4,,6,0,1,da8b1f31-b35d-4329-875c-d1e8c3f39f55,0.480,8c1f64ddb0000155,40
attachments/,"""0d00dc2b-0000-0d00-0000-680746650000""",LHocAPPPqmXLgyoAAAAAAA==,dbs/LHocAA==/colls/LHocAPPPqmU=/docs/LHocAPPPqmXLgyoAAAAAAA==/,1745307237,26.9,2.97,1,false,,31,false,8c1f64ddb0000155-20250422072626761635,false,true,400,750,2025-04-22T07:26:26.761635Z,33.6,0,6,0,1,da8b1f31-b35d-4329-875c-d1e8c3f39f55,0.440,8c1f64ddb0000155,40
attachments/,"""0d00dd2b-0000-0d00-0000-680746650000""",LHocAPPPqmXMgyoAAAAAAA==,dbs/LHocAA==/colls/LHocAPPPqmU=/docs/LHocAPPPqmXMgyoAAAAAAA==/,1745307237,26.9,2.97,1,false,,31,false,8c1f64ddb0000155-20250422072856761635,false,true,400,750,2025-04-22T07:28:56.761635Z,33.6,0,6,0,1,da8b1f31-b35d-4329-875c-d1e8c3f39f55,0.440,8c1f64ddb0000155,40
attachments/,"""0d00de2b-0000-0d00-0000-680746650000""",LHocAPPPqmXNgyoAAAAAAA==,dbs/LHocAA==/colls/LHocAPPPqmU=/docs/LHocAPPPqmXNgyoAAAAAAA==/,1745307237,26.9,2.97,1,false,,30,false,8c1f64ddb0000155-20250422073126761635,false,true,400,750,2025-04-22T07:31:26.761635Z,33.7,0,6,0,1,da8b1f31-b35d-4329-875c-d1e8c3f39f55,0.470,8c1f64ddb0000155,40
attachments/,"""0d00df2b-0000-0d00-0000-680746650000""",LHocAPPPqmXOgyoAAAAAAA==,dbs/LHocAA==/colls/LHocAPPPqmU=/docs/LHocAPPPqmXOgyoAAAAAAA==/,1745307237,26.9,2.97,1,false,44.6,30,false,8c1f64ddb0000155-20250422073356761635,false,true,400,750,2025-04-22T07:33:56.761635Z,33.7,0,6,0,1,da8b1f31-b35d-4329-875c-d1e8c3f39f55,0.490,8c1f64ddb0000155,40
attachments/,"""0d00952d-0000-0d00-0000-680748bc0000""",LHocAPPPqmVThCoAAAAAAA==,dbs/LHocAA==/colls/LHocAPPPqmU=/docs/LHocAPPPqmVThCoAAAAAAA==/,1745307836,26.9,,,false,,29,false,8c1f64ddb0000155-20250422073626471683,false,true,400,750,2025-04-22T07:36:26.471683Z,33.8,,6,0,1,da8b1f31-b35d-4329-875c-d1e8c3f39f55,0.490,8c1f64ddb0000155,40
attachments/,"""0d00962d-0000-0d00-0000-680748bc0000""",LHocAPPPqmVUhCoAAAAAAA==,dbs/LHocAA==/colls/LHocAPPPqmU=/docs/LHocAPPPqmVUhCoAAAAAAA==/,1745307836,26.9,,,false,,29,false,8c1f64ddb0000155-20250422073856471683,false,true,400,750,2025-04-22T07:38:56.471683Z,34,,6,0,1,da8b1f31-b35d-4329-875c-d1e8c3f39f55,0.480,8c1f64ddb0000155,40
attachments/,"""0d00972d-0000-0d00-0000-680748bd0000""",LHocAPPPqmVVhCoAAAAAAA==,dbs/LHocAA==/colls/LHocAPPPqmU=/docs/LHocAPPPqmVVhCoAAAAAAA==/,1745307837,27,,,false,44.6,29,false,8c1f64ddb0000155-20250422074356471683,false,true,400,750,2025-04-22T07:43:56.471683Z,34.3,,6,0,1,da8b1f31-b35d-4329-875c-d1e8c3f39f55,0.470,8c1f64ddb0000155,40
attachments/,"""0d00982d-0000-0d00-0000-680748bd0000""",LHocAPPPqmVWhCoAAAAAAA==,dbs/LHocAA==/colls/LHocAPPPqmU=/docs/LHocAPPPqmVWhCoAAAAAAA==/,1745307837,26.9,,,false,,30,false,8c1f64ddb0000155-20250422074126471683,false,true,400,750,2025-04-22T07:41:26.471683Z,34.2,,6,0,1,da8b1f31-b35d-4329-875c-d1e8c3f39f55,0.470,8c1f64ddb0000155,40
attachments/,"""0d00e92f-0000-0d00-0000-68074b150000""",LHocAPPPqmXbhCoAAAAAAA==,dbs/LHocAA==/colls/LHocAPPPqmU=/docs/LHocAPPPqmXbhCoAAAAAAA==/,1745308437,27,,,false,,29,false,8c1f64ddb0000155-20250422074857187884,false,true,400,750,2025-04-22T07:48:57.187884Z,34.1,,6,0,1,da8b1f31-b35d-4329-875c-d1e8c3f39f55,0.460,8c1f64ddb0000155,40
attachments/,"""0d00ea2f-0000-0d00-0000-68074b150000""",LHocAPPPqmXchCoAAAAAAA==,dbs/LHocAA==/colls/LHocAPPPqmU=/docs/LHocAPPPqmXchCoAAAAAAA==/,1745308437,27,,,false,,29,false,8c1f64ddb0000155-20250422075127187884,false,true,400,750,2025-04-22T07:51:27.187884Z,34.3,,6,0,1,da8b1f31-b35d-4329-875c-d1e8c3f39f55,0.450,8c1f64ddb0000155,40
attachments/,"""0d00eb2f-0000-0d00-0000-68074b160000""",LHocAPPPqmXdhCoAAAAAAA==,dbs/LHocAA==/colls/LHocAPPPqmU=/docs/LHocAPPPqmXdhCoAAAAAAA==/,1745308438,27,,,false,,29,false,8c1f64ddb0000155-20250422074627187884,false,true,400,750,2025-04-22T07:46:27.187884Z,34.2,,6,0,1,da8b1f31-b35d-4329-875c-d1e8c3f39f55,0.460,8c1f64ddb0000155,40
attachments/,"""0d00ec2f-0000-0d00-0000-68074b160000""",LHocAPPPqmXehCoAAAAAAA==,dbs/LHocAA==/colls/LHocAPPPqmU=/docs/LHocAPPPqmXehCoAAAAAAA==/,1745308438,27,,,false,44.4,28,false,8c1f64ddb0000155-20250422075357187884,false,true,400,750,2025-04-22T07:53:57.187884Z,34.1,,6,0,1,da8b1f31-b35d-4329-875c-d1e8c3f39f55,0.450,8c1f64ddb0000155,40
attachments/,"""0d009e34-0000-0d00-0000-68074d6f0000""",LHocAPPPqmVlhSoAAAAAAA==,dbs/LHocAA==/colls/LHocAPPPqmU=/docs/LHocAPPPqmVlhSoAAAAAAA==/,1745309039,27,2.98,1,false,,28,false,8c1f64ddb0000155-20250422075628788256,false,true,400,750,2025-04-22T07:56:28.788256Z,34,0,6,0,1,da8b1f31-b35d-4329-875c-d1e8c3f39f55,0.450,8c1f64ddb0000155,40
attachments/,"""0d009f34-0000-0d00-0000-68074d6f0000""",LHocAPPPqmVmhSoAAAAAAA==,dbs/LHocAA==/colls/LHocAPPPqmU=/docs/LHocAPPPqmVmhSoAAAAAAA==/,1745309039,27,2.98,1,false,,28,false,8c1f64ddb0000155-20250422080128788256,false,true,400,750,2025-04-22T08:01:28.788256Z,34.1,0,6,0,1,da8b1f31-b35d-4329-875c-d1e8c3f39f55,0.450,8c1f64ddb0000155,40
attachments/,"""0d00a034-0000-0d00-0000-68074d6f0000""",LHocAPPPqmVnhSoAAAAAAA==,dbs/LHocAA==/colls/LHocAPPPqmU=/docs/LHocAPPPqmVnhSoAAAAAAA==/,1745309039,27,2.98,1,false,,28,false,8c1f64ddb0000155-20250422075858788256,false,true,400,750,2025-04-22T07:58:58.788256Z,34.2,0,6,0,1,da8b1f31-b35d-4329-875c-d1e8c3f39f55,0.450,8c1f64ddb0000155,40
attachments/,"""0d00a134-0000-0d00-0000-68074d6f0000""",LHocAPPPqmVohSoAAAAAAA==,dbs/LHocAA==/colls/LHocAPPPqmU=/docs/LHocAPPPqmVohSoAAAAAAA==/,1745309039,27,2.98,1,false,44.3,28,false,8c1f64ddb0000155-20250422080358788256,false,true,400,750,2025-04-22T08:03:58.788256Z,34.4,0,6,0,1,da8b1f31-b35d-4329-875c-d1e8c3f39f55,0.450,8c1f64ddb0000155,40
attachments/,"""0d003d36-0000-0d00-0000-68074fc40000""",LHocAPPPqmXthSoAAAAAAA==,dbs/LHocAA==/colls/LHocAPPPqmU=/docs/LHocAPPPqmXthSoAAAAAAA==/,1745309636,27,,,false,44.2,28,false,8c1f64ddb0000155-20250422081356522228,false,true,400,750,2025-04-22T08:13:56.522228Z,34.2,,6,0,1,da8b1f31-b35d-4329-875c-d1e8c3f39f55,0.440,8c1f64ddb0000155,40
attachments/,"""0d003e36-0000-0d00-0000-68074fc40000""",LHocAPPPqmXuhSoAAAAAAA==,dbs/LHocAA==/colls/LHocAPPPqmU=/docs/LHocAPPPqmXuhSoAAAAAAA==/,1745309636,27,,,false,,28,false,8c1f64ddb0000155-20250422080626522228,false,true,400,750,2025-04-22T08:06:26.522228Z,34.2,,6,0,1,da8b1f31-b35d-4329-875c-d1e8c3f39f55,0.440,8c1f64ddb0000155,40
attachments/,"""0d003f36-0000-0d00-0000-68074fc50000""",LHocAPPPqmXvhSoAAAAAAA==,dbs/LHocAA==/colls/LHocAPPPqmU=/docs/LHocAPPPqmXvhSoAAAAAAA==/,1745309637,27,,,false,,28,false,8c1f64ddb0000155-20250422080856522228,false,true,400,750,2025-04-22T08:08:56.522228Z,34.2,,6,0,1,da8b1f31-b35d-4329-875c-d1e8c3f39f55,0.450,8c1f64ddb0000155,40
attachments/,"""0d004036-0000-0d00-0000-68074fc50000""",LHocAPPPqmXwhSoAAAAAAA==,dbs/LHocAA==/colls/LHocAPPPqmU=/docs/LHocAPPPqmXwhSoAAAAAAA==/,1745309637,27,,,false,,28,false,8c1f64ddb0000155-20250422081126522228,false,true,400,750,2025-04-22T08:11:26.522228Z,34.2,,6,0,1,da8b1f31-b35d-4329-875c-d1e8c3f39f55,0.450,8c1f64ddb0000155,40
attachments/,"""0d00e237-0000-0d00-0000-6807521d0000""",LHocAPPPqmV1hioAAAAAAA==,dbs/LHocAA==/colls/LHocAPPPqmU=/docs/LHocAPPPqmV1hioAAAAAAA==/,1745310237,27,,,false,,28,false,8c1f64ddb0000155-20250422081626654384,false,true,400,750,2025-04-22T08:16:26.654384Z,34.2,,6,0,1,da8b1f31-b35d-4329-875c-d1e8c3f39f55,0.440,8c1f64ddb0000155,40
attachments/,"""0d00e337-0000-0d00-0000-6807521d0000""",LHocAPPPqmV2hioAAAAAAA==,dbs/LHocAA==/colls/LHocAPPPqmU=/docs/LHocAPPPqmV2hioAAAAAAA==/,1745310237,27,,,false,,28,false,8c1f64ddb0000155-20250422081856654384,false,true,400,750,2025-04-22T08:18:56.654384Z,34.1,,6,0,1,da8b1f31-b35d-4329-875c-d1e8c3f39f55,0.450,8c1f64ddb0000155,40
attachments/,"""0d00e437-0000-0d00-0000-6807521d0000""",LHocAPPPqmV3hioAAAAAAA==,dbs/LHocAA==/colls/LHocAPPPqmU=/docs/LHocAPPPqmV3hioAAAAAAA==/,1745310237,27,,,false,,29,false,8c1f64ddb0000155-20250422082126654384,false,true,400,750,2025-04-22T08:21:26.654384Z,34.2,,6,0,1,da8b1f31-b35d-4329-875c-d1e8c3f39f55,0.440,8c1f64ddb0000155,40
attachments/,"""0d00e537-0000-0d00-0000-6807521d0000""",LHocAPPPqmV4hioAAAAAAA==,dbs/LHocAA==/colls/LHocAPPPqmU=/docs/LHocAPPPqmV4hioAAAAAAA==/,1745310237,27,,,false,44.3,27,false,8c1f64ddb0000155-20250422082356654384,false,true,400,750,2025-04-22T08:23:56.654384Z,34.2,,6,0,1,da8b1f31-b35d-4329-875c-d1e8c3f39f55,0.450,8c1f64ddb0000155,40
attachments/,"""0d006839-0000-0d00-0000-680754750000""",LHocAPPPqmX+hioAAAAAAA==,dbs/LHocAA==/colls/LHocAPPPqmU=/docs/LHocAPPPqmX+hioAAAAAAA==/,1745310837,27.1,2.98,1,false,,27,false,8c1f64ddb0000155-20250422083127197620,false,true,400,750,2025-04-22T08:31:27.197620Z,34.4,0,6,0,1,da8b1f31-b35d-4329-875c-d1e8c3f39f55,0.450,8c1f64ddb0000155,40
attachments/,"""0d006939-0000-0d00-0000-680754750000""",LHocAPPPqmX-hioAAAAAAA==,dbs/LHocAA==/colls/LHocAPPPqmU=/docs/LHocAPPPqmX-hioAAAAAAA==/,1745310837,27.1,2.98,1,false,44.4,27,false,8c1f64ddb0000155-20250422083357197620,false,true,400,750,2025-04-22T08:33:57.197620Z,34.5,0,6,0,1,da8b1f31-b35d-4329-875c-d1e8c3f39f55,0.450,8c1f64ddb0000155,40
attachments/,"""0d006a39-0000-0d00-0000-680754750000""",LHocAPPPqmUAhyoAAAAAAA==,dbs/LHocAA==/colls/LHocAPPPqmU=/docs/LHocAPPPqmUAhyoAAAAAAA==/,1745310837,27,2.98,1,false,,28,false,8c1f64ddb0000155-20250422082627197620,false,true,400,750,2025-04-22T08:26:27.197620Z,34.3,0,6,0,1,da8b1f31-b35d-4329-875c-d1e8c3f39f55,0.450,8c1f64ddb0000155,40
attachments/,"""0d006b39-0000-0d00-0000-680754750000""",LHocAPPPqmUBhyoAAAAAAA==,dbs/LHocAA==/colls/LHocAPPPqmU=/docs/LHocAPPPqmUBhyoAAAAAAA==/,1745310837,27,2.98,1,false,,28,false,8c1f64ddb0000155-20250422082857197620,false,true,400,750,2025-04-22T08:28:57.197620Z,34.4,0,6,0,1,da8b1f31-b35d-4329-875c-d1e8c3f39f55,0.450,8c1f64ddb0000155,40
attachments/,"""0d00093b-0000-0d00-0000-680756cd0000""",LHocAPPPqmWHhyoAAAAAAA==,dbs/LHocAA==/colls/LHocAPPPqmU=/docs/LHocAPPPqmWHhyoAAAAAAA==/,1745311437,27.1,,,false,,28,false,8c1f64ddb0000155-20250422083856777735,false,true,400,750,2025-04-22T08:38:56.777735Z,34.7,,6,0,1,da8b1f31-b35d-4329-875c-d1e8c3f39f55,0.450,8c1f64ddb0000155,40
attachments/,"""0d000a3b-0000-0d00-0000-680756cd0000""",LHocAPPPqmWIhyoAAAAAAA==,dbs/LHocAA==/colls/LHocAPPPqmU=/docs/LHocAPPPqmWIhyoAAAAAAA==/,1745311437,27.1,,,false,,28,false,8c1f64ddb0000155-20250422083626777735,false,true,400,750,2025-04-22T08:36:26.777735Z,34.4,,6,0,1,da8b1f31-b35d-4329-875c-d1e8c3f39f55,0.450,8c1f64ddb0000155,40
attachments/,"""0d000b3b-0000-0d00-0000-680756cd0000""",LHocAPPPqmWJhyoAAAAAAA==,dbs/LHocAA==/colls/LHocAPPPqmU=/docs/LHocAPPPqmWJhyoAAAAAAA==/,1745311437,27.1,,,false,,29,false,8c1f64ddb0000155-20250422084126777735,false,true,400,750,2025-04-22T08:41:26.777735Z,34.6,,6,0,1,da8b1f31-b35d-4329-875c-d1e8c3f39f55,0.450,8c1f64ddb0000155,40
attachments/,"""0d000c3b-0000-0d00-0000-680756cd0000""",LHocAPPPqmWKhyoAAAAAAA==,dbs/LHocAA==/colls/LHocAPPPqmU=/docs/LHocAPPPqmWKhyoAAAAAAA==/,1745311437,27.1,,,false,44.8,28,false,8c1f64ddb0000155-20250422084356777735,false,true,400,750,2025-04-22T08:43:56.777735Z,34.7,,6,0,1,da8b1f31-b35d-4329-875c-d1e8c3f39f55,0.450,8c1f64ddb0000155,40
attachments/,"""0d00a73c-0000-0d00-0000-680759270000""",LHocAPPPqmUHiCoAAAAAAA==,dbs/LHocAA==/colls/LHocAPPPqmU=/docs/LHocAPPPqmUHiCoAAAAAAA==/,1745312039,27.2,,,false,,28,false,8c1f64ddb0000155-20250422084628788131,false,true,400,750,2025-04-22T08:46:28.788131Z,34.9,,6,0,1,da8b1f31-b35d-4329-875c-d1e8c3f39f55,0.460,8c1f64ddb0000155,40
attachments/,"""0d00a83c-0000-0d00-0000-680759270000""",LHocAPPPqmUIiCoAAAAAAA==,dbs/LHocAA==/colls/LHocAPPPqmU=/docs/LHocAPPPqmUIiCoAAAAAAA==/,1745312039,27.2,,,false,,28,false,8c1f64ddb0000155-20250422084858788131,false,true,400,750,2025-04-22T08:48:58.788131Z,34.8,,6,0,1,da8b1f31-b35d-4329-875c-d1e8c3f39f55,0.460,8c1f64ddb0000155,40
attachments/,"""0d00a93c-0000-0d00-0000-680759270000""",LHocAPPPqmUJiCoAAAAAAA==,dbs/LHocAA==/colls/LHocAPPPqmU=/docs/LHocAPPPqmUJiCoAAAAAAA==/,1745312039,27.2,,,false,,28,false,8c1f64ddb0000155-20250422085128788131,false,true,400,750,2025-04-22T08:51:28.788131Z,35.1,,6,0,1,da8b1f31-b35d-4329-875c-d1e8c3f39f55,0.460,8c1f64ddb0000155,40
attachments/,"""0d00aa3c-0000-0d00-0000-680759270000""",LHocAPPPqmUKiCoAAAAAAA==,dbs/LHocAA==/colls/LHocAPPPqmU=/docs/LHocAPPPqmUKiCoAAAAAAA==/,1745312039,27.2,,,false,45.4,29,false,8c1f64ddb0000155-20250422085358788131,false,true,400,750,2025-04-22T08:53:58.788131Z,35.3,,6,0,1,da8b1f31-b35d-4329-875c-d1e8c3f39f55,0.470,8c1f64ddb0000155,40
attachments/,"""0d00373e-0000-0d00-0000-68075b7e0000""",LHocAPPPqmWLiCoAAAAAAA==,dbs/LHocAA==/colls/LHocAPPPqmU=/docs/LHocAPPPqmWLiCoAAAAAAA==/,1745312638,27.3,2.99,1,false,,28,false,8c1f64ddb0000155-20250422085628329082,false,true,400,750,2025-04-22T08:56:28.329082Z,35.2,0,6,0,1,da8b1f31-b35d-4329-875c-d1e8c3f39f55,0.470,8c1f64ddb0000155,40
attachments/,"""0d00383e-0000-0d00-0000-68075b7e0000""",LHocAPPPqmWMiCoAAAAAAA==,dbs/LHocAA==/colls/LHocAPPPqmU=/docs/LHocAPPPqmWMiCoAAAAAAA==/,1745312638,27.3,2.99,1,false,,28,false,8c1f64ddb0000155-20250422085858329082,false,true,400,750,2025-04-22T08:58:58.329082Z,35.2,0,6,0,1,da8b1f31-b35d-4329-875c-d1e8c3f39f55,0.480,8c1f64ddb0000155,40
attachments/,"""0d00393e-0000-0d00-0000-68075b7f0000""",LHocAPPPqmWNiCoAAAAAAA==,dbs/LHocAA==/colls/LHocAPPPqmU=/docs/LHocAPPPqmWNiCoAAAAAAA==/,1745312639,27.3,2.99,1,false,,28,false,8c1f64ddb0000155-20250422090128329082,false,true,400,750,2025-04-22T09:01:28.329082Z,35.2,0,6,0,1,da8b1f31-b35d-4329-875c-d1e8c3f39f55,0.470,8c1f64ddb0000155,40
attachments/,"""0d003a3e-0000-0d00-0000-68075b7f0000""",LHocAPPPqmWOiCoAAAAAAA==,dbs/LHocAA==/colls/LHocAPPPqmU=/docs/LHocAPPPqmWOiCoAAAAAAA==/,1745312639,27.3,2.99,1,false,45.8,29,false,8c1f64ddb0000155-20250422090358329082,false,true,400,750,2025-04-22T09:03:58.329082Z,35.1,0,6,0,1,da8b1f31-b35d-4329-875c-d1e8c3f39f55,0.480,8c1f64ddb0000155,40
attachments/,"""0d003d3e-0000-0d00-0000-68075b8b0000""",LHocAPPPqmWPiCoAAAAAAA==,dbs/LHocAA==/colls/LHocAPPPqmU=/docs/LHocAPPPqmWPiCoAAAAAAA==/,1745312651,,,,false,,,false,8c1f64ddb0000155-20250422090410740518,false,true,400,,2025-04-22T09:04:10.740518Z,,,6,0,1,da8b1f31-b35d-4329-875c-d1e8c3f39f55,,8c1f64ddb0000155,40
attachments/,"""0d00fb41-0000-0d00-0000-68075dd40000""",LHocAPPPqmUFiSoAAAAAAA==,dbs/LHocAA==/colls/LHocAPPPqmU=/docs/LHocAPPPqmUFiSoAAAAAAA==/,1745313236,27.3,,,false,,29,false,8c1f64ddb0000155-20250422090626420890,false,true,400,750,2025-04-22T09:06:26.420890Z,35.1,,6,0,1,da8b1f31-b35d-4329-875c-d1e8c3f39f55,0.480,8c1f64ddb0000155,40
attachments/,"""0d00fc41-0000-0d00-0000-68075dd40000""",LHocAPPPqmUGiSoAAAAAAA==,dbs/LHocAA==/colls/LHocAPPPqmU=/docs/LHocAPPPqmUGiSoAAAAAAA==/,1745313236,27.4,,,false,,29,false,8c1f64ddb0000155-20250422090856420890,false,true,400,750,2025-04-22T09:08:56.420890Z,35.1,,6,0,1,da8b1f31-b35d-4329-875c-d1e8c3f39f55,0.450,8c1f64ddb0000155,40
attachments/,"""0d00fd41-0000-0d00-0000-68075dd40000""",LHocAPPPqmUHiSoAAAAAAA==,dbs/LHocAA==/colls/LHocAPPPqmU=/docs/LHocAPPPqmUHiSoAAAAAAA==/,1745313236,27.4,,,false,,29,false,8c1f64ddb0000155-20250422091126420890,false,true,400,750,2025-04-22T09:11:26.420890Z,35.2,,6,0,1,da8b1f31-b35d-4329-875c-d1e8c3f39f55,0.470,8c1f64ddb0000155,40
attachments/,"""0d00fe41-0000-0d00-0000-68075dd50000""",LHocAPPPqmUIiSoAAAAAAA==,dbs/LHocAA==/colls/LHocAPPPqmU=/docs/LHocAPPPqmUIiSoAAAAAAA==/,1745313237,27.4,,,false,44.5,29,false,8c1f64ddb0000155-20250422091356420890,false,true,400,750,2025-04-22T09:13:56.420890Z,35.2,,6,0,1,da8b1f31-b35d-4329-875c-d1e8c3f39f55,0.390,8c1f64ddb0000155,40
attachments/,"""0d006445-0000-0d00-0000-6807602f0000""",LHocAPPPqmV4iSoAAAAAAA==,dbs/LHocAA==/colls/LHocAPPPqmU=/docs/LHocAPPPqmV4iSoAAAAAAA==/,1745313839,27.4,,,false,,29,false,8c1f64ddb0000155-20250422091628851635,false,true,400,750,2025-04-22T09:16:28.851635Z,35.2,,6,0,1,da8b1f31-b35d-4329-875c-d1e8c3f39f55,0.430,8c1f64ddb0000155,40
attachments/,"""0d006545-0000-0d00-0000-6807602f0000""",LHocAPPPqmV5iSoAAAAAAA==,dbs/LHocAA==/colls/LHocAPPPqmU=/docs/LHocAPPPqmV5iSoAAAAAAA==/,1745313839,27.4,,,false,,29,false,8c1f64ddb0000155-20250422091858851635,false,true,400,750,2025-04-22T09:18:58.851635Z,35.1,,6,0,1,da8b1f31-b35d-4329-875c-d1e8c3f39f55,0.450,8c1f64ddb0000155,40
attachments/,"""0d006745-0000-0d00-0000-6807602f0000""",LHocAPPPqmV6iSoAAAAAAA==,dbs/LHocAA==/colls/LHocAPPPqmU=/docs/LHocAPPPqmV6iSoAAAAAAA==/,1745313839,27.5,,,false,,29,false,8c1f64ddb0000155-20250422092128851635,false,true,400,750,2025-04-22T09:21:28.851635Z,35.1,,6,0,1,da8b1f31-b35d-4329-875c-d1e8c3f39f55,0.430,8c1f64ddb0000155,40
attachments/,"""0d006845-0000-0d00-0000-6807602f0000""",LHocAPPPqmV7iSoAAAAAAA==,dbs/LHocAA==/colls/LHocAPPPqmU=/docs/LHocAPPPqmV7iSoAAAAAAA==/,1745313839,27.5,,,false,44.4,29,false,8c1f64ddb0000155-20250422092358851635,false,true,400,750,2025-04-22T09:23:58.851635Z,35.1,,6,0,1,da8b1f31-b35d-4329-875c-d1e8c3f39f55,0.400,8c1f64ddb0000155,40
attachments/,"""0d002847-0000-0d00-0000-680762870000""",LHocAPPPqmXsiSoAAAAAAA==,dbs/LHocAA==/colls/LHocAPPPqmU=/docs/LHocAPPPqmXsiSoAAAAAAA==/,1745314439,27.5,2.99,1,false,,29,false,8c1f64ddb0000155-20250422092628845387,false,true,340,750,2025-04-22T09:26:28.845387Z,35,0,6,0,1,da8b1f31-b35d-4329-875c-d1e8c3f39f55,0.430,8c1f64ddb0000155,34
attachments/,"""0d002947-0000-0d00-0000-680762870000""",LHocAPPPqmXtiSoAAAAAAA==,dbs/LHocAA==/colls/LHocAPPPqmU=/docs/LHocAPPPqmXtiSoAAAAAAA==/,1745314439,27.5,2.99,1,false,,30,false,8c1f64ddb0000155-20250422092858845387,false,true,340,750,2025-04-22T09:28:58.845387Z,34.9,0,6,0,1,da8b1f31-b35d-4329-875c-d1e8c3f39f55,0.440,8c1f64ddb0000155,34
attachments/,"""0d002a47-0000-0d00-0000-680762870000""",LHocAPPPqmXuiSoAAAAAAA==,dbs/LHocAA==/colls/LHocAPPPqmU=/docs/LHocAPPPqmXuiSoAAAAAAA==/,1745314439,27.5,2.99,1,false,,30,false,8c1f64ddb0000155-20250422093128845387,false,true,340,750,2025-04-22T09:31:28.845387Z,34.9,0,6,0,1,da8b1f31-b35d-4329-875c-d1e8c3f39f55,0.400,8c1f64ddb0000155,34
attachments/,"""0d002b47-0000-0d00-0000-680762870000""",LHocAPPPqmXviSoAAAAAAA==,dbs/LHocAA==/colls/LHocAPPPqmU=/docs/LHocAPPPqmXviSoAAAAAAA==/,1745314439,27.5,2.99,1,false,44.5,30,false,8c1f64ddb0000155-20250422093358845387,false,true,340,750,2025-04-22T09:33:58.845387Z,34.9,0,6,0,1,da8b1f31-b35d-4329-875c-d1e8c3f39f55,0.430,8c1f64ddb0000155,34
attachments/,"""0d00bb48-0000-0d00-0000-680764de0000""",LHocAPPPqmVkiioAAAAAAA==,dbs/LHocAA==/colls/LHocAPPPqmU=/docs/LHocAPPPqmVkiioAAAAAAA==/,1745315038,27.5,,,false,,30,false,8c1f64ddb0000155-20250422093628339842,false,true,340,750,2025-04-22T09:36:28.339842Z,34.9,,6,0,1,da8b1f31-b35d-4329-875c-d1e8c3f39f55,0.440,8c1f64ddb0000155,34
attachments/,"""0d00bc48-0000-0d00-0000-680764de0000""",LHocAPPPqmVliioAAAAAAA==,dbs/LHocAA==/colls/LHocAPPPqmU=/docs/LHocAPPPqmVliioAAAAAAA==/,1745315038,27.5,,,false,,30,false,8c1f64ddb0000155-20250422093858339842,false,true,340,750,2025-04-22T09:38:58.339842Z,34.9,,6,0,1,da8b1f31-b35d-4329-875c-d1e8c3f39f55,0.400,8c1f64ddb0000155,34
attachments/,"""0d00bd48-0000-0d00-0000-680764de0000""",LHocAPPPqmVmiioAAAAAAA==,dbs/LHocAA==/colls/LHocAPPPqmU=/docs/LHocAPPPqmVmiioAAAAAAA==/,1745315038,27.5,,,false,,30,false,8c1f64ddb0000155-20250422094128339842,false,true,340,750,2025-04-22T09:41:28.339842Z,34.9,,6,0,1,da8b1f31-b35d-4329-875c-d1e8c3f39f55,0.400,8c1f64ddb0000155,34
attachments/,"""0d00be48-0000-0d00-0000-680764df0000""",LHocAPPPqmVniioAAAAAAA==,dbs/LHocAA==/colls/LHocAPPPqmU=/docs/LHocAPPPqmVniioAAAAAAA==/,1745315039,27.5,,,false,44.3,31,false,8c1f64ddb0000155-20250422094358339842,false,true,340,750,2025-04-22T09:43:58.339842Z,34.9,,6,0,1,da8b1f31-b35d-4329-875c-d1e8c3f39f55,0.420,8c1f64ddb0000155,34
attachments/,"""0d00364b-0000-0d00-0000-680767350000""",LHocAPPPqmXdiioAAAAAAA==,dbs/LHocAA==/colls/LHocAPPPqmU=/docs/LHocAPPPqmXdiioAAAAAAA==/,1745315637,27.6,,,false,,31,false,8c1f64ddb0000155-20250422095126945157,false,true,280,750,2025-04-22T09:51:26.945157Z,34.8,,6,0,1,da8b1f31-b35d-4329-875c-d1e8c3f39f55,0.410,8c1f64ddb0000155,28
attachments/,"""0d00374b-0000-0d00-0000-680767350000""",LHocAPPPqmXeiioAAAAAAA==,dbs/LHocAA==/colls/LHocAPPPqmU=/docs/LHocAPPPqmXeiioAAAAAAA==/,1745315637,27.5,,,false,,31,false,8c1f64ddb0000155-20250422094626945157,false,true,280,750,2025-04-22T09:46:26.945157Z,34.8,,6,0,1,da8b1f31-b35d-4329-875c-d1e8c3f39f55,0.420,8c1f64ddb0000155,28
attachments/,"""0d00384b-0000-0d00-0000-680767350000""",LHocAPPPqmXfiioAAAAAAA==,dbs/LHocAA==/colls/LHocAPPPqmU=/docs/LHocAPPPqmXfiioAAAAAAA==/,1745315637,27.6,,,false,43.6,31,false,8c1f64ddb0000155-20250422095356945157,false,true,280,750,2025-04-22T09:53:56.945157Z,34.7,,6,0,1,da8b1f31-b35d-4329-875c-d1e8c3f39f55,0.410,8c1f64ddb0000155,28
attachments/,"""0d00394b-0000-0d00-0000-680767350000""",LHocAPPPqmXgiioAAAAAAA==,dbs/LHocAA==/colls/LHocAPPPqmU=/docs/LHocAPPPqmXgiioAAAAAAA==/,1745315637,27.6,,,false,,31,false,8c1f64ddb0000155-20250422094856945157,false,true,280,750,2025-04-22T09:48:56.945157Z,34.8,,6,0,1,da8b1f31-b35d-4329-875c-d1e8c3f39f55,0.380,8c1f64ddb0000155,28
attachments/,"""0d001c4d-0000-0d00-0000-6807698c0000""",LHocAPPPqmVSiyoAAAAAAA==,dbs/LHocAA==/colls/LHocAPPPqmU=/docs/LHocAPPPqmVSiyoAAAAAAA==/,1745316236,27.6,3.00,1,false,,32,false,8c1f64ddb0000155-20250422100126526401,false,true,280,750,2025-04-22T10:01:26.526401Z,34.6,0,6,0,1,da8b1f31-b35d-4329-875c-d1e8c3f39f55,0.360,8c1f64ddb0000155,28
attachments/,"""0d001d4d-0000-0d00-0000-6807698d0000""",LHocAPPPqmVTiyoAAAAAAA==,dbs/LHocAA==/colls/LHocAPPPqmU=/docs/LHocAPPPqmVTiyoAAAAAAA==/,1745316237,27.6,3.00,1,false,42.4,32,false,8c1f64ddb0000155-20250422100356526401,false,true,280,750,2025-04-22T10:03:56.526401Z,34.5,0,6,0,1,da8b1f31-b35d-4329-875c-d1e8c3f39f55,0.330,8c1f64ddb0000155,28
attachments/,"""0d001e4d-0000-0d00-0000-6807698d0000""",LHocAPPPqmVUiyoAAAAAAA==,dbs/LHocAA==/colls/LHocAPPPqmU=/docs/LHocAPPPqmVUiyoAAAAAAA==/,1745316237,27.6,3.00,1,false,,31,false,8c1f64ddb0000155-20250422095626526401,false,true,280,750,2025-04-22T09:56:26.526401Z,34.6,0,6,0,1,da8b1f31-b35d-4329-875c-d1e8c3f39f55,0.400,8c1f64ddb0000155,28
attachments/,"""0d001f4d-0000-0d00-0000-6807698d0000""",LHocAPPPqmVViyoAAAAAAA==,dbs/LHocAA==/colls/LHocAPPPqmU=/docs/LHocAPPPqmVViyoAAAAAAA==/,1745316237,27.6,3.00,1,false,,32,false,8c1f64ddb0000155-20250422095856526401,false,true,280,750,2025-04-22T09:58:56.526401Z,34.6,0,6,0,1,da8b1f31-b35d-4329-875c-d1e8c3f39f55,0.410,8c1f64ddb0000155,28
attachments/,"""0d00c34e-0000-0d00-0000-68076be70000""",LHocAPPPqmXRiyoAAAAAAA==,dbs/LHocAA==/colls/LHocAPPPqmU=/docs/LHocAPPPqmXRiyoAAAAAAA==/,1745316839,27.6,,,false,,32,false,8c1f64ddb0000155-20250422100628928101,false,true,280,750,2025-04-22T10:06:28.928101Z,34.4,,6,0,1,da8b1f31-b35d-4329-875c-d1e8c3f39f55,0.310,8c1f64ddb0000155,28
attachments/,"""0d00c44e-0000-0d00-0000-68076be70000""",LHocAPPPqmXSiyoAAAAAAA==,dbs/LHocAA==/colls/LHocAPPPqmU=/docs/LHocAPPPqmXSiyoAAAAAAA==/,1745316839,27.6,,,false,,32,false,8c1f64ddb0000155-20250422100858928101,false,true,280,750,2025-04-22T10:08:58.928101Z,34.1,,6,0,1,da8b1f31-b35d-4329-875c-d1e8c3f39f55,0.290,8c1f64ddb0000155,28
attachments/,"""0d00c54e-0000-0d00-0000-68076be70000""",LHocAPPPqmXTiyoAAAAAAA==,dbs/LHocAA==/colls/LHocAPPPqmU=/docs/LHocAPPPqmXTiyoAAAAAAA==/,1745316839,27.6,,,false,,33,false,8c1f64ddb0000155-20250422101128928101,false,true,280,750,2025-04-22T10:11:28.928101Z,34,,6,0,1,da8b1f31-b35d-4329-875c-d1e8c3f39f55,0.280,8c1f64ddb0000155,28
attachments/,"""0d00c64e-0000-0d00-0000-68076be70000""",LHocAPPPqmXUiyoAAAAAAA==,dbs/LHocAA==/colls/LHocAPPPqmU=/docs/LHocAPPPqmXUiyoAAAAAAA==/,1745316839,27.6,,,false,40.3,33,false,8c1f64ddb0000155-20250422101358928101,false,true,280,750,2025-04-22T10:13:58.928101Z,33.8,,6,0,1,da8b1f31-b35d-4329-875c-d1e8c3f39f55,0.270,8c1f64ddb0000155,28
attachments/,"""0d002550-0000-0d00-0000-68076e3d0000""",LHocAPPPqmVFjCoAAAAAAA==,dbs/LHocAA==/colls/LHocAPPPqmU=/docs/LHocAPPPqmVFjCoAAAAAAA==/,1745317437,27.6,,,false,,33,false,8c1f64ddb0000155-20250422101627247459,false,true,220,750,2025-04-22T10:16:27.247459Z,33.6,,6,0,1,da8b1f31-b35d-4329-875c-d1e8c3f39f55,0.260,8c1f64ddb0000155,22
attachments/,"""0d002650-0000-0d00-0000-68076e3d0000""",LHocAPPPqmVGjCoAAAAAAA==,dbs/LHocAA==/colls/LHocAPPPqmU=/docs/LHocAPPPqmVGjCoAAAAAAA==/,1745317437,27.6,,,false,,34,false,8c1f64ddb0000155-20250422101857247459,false,true,220,750,2025-04-22T10:18:57.247459Z,33.4,,6,0,1,da8b1f31-b35d-4329-875c-d1e8c3f39f55,0.250,8c1f64ddb0000155,22
attachments/,"""0d002750-0000-0d00-0000-68076e3d0000""",LHocAPPPqmVHjCoAAAAAAA==,dbs/LHocAA==/colls/LHocAPPPqmU=/docs/LHocAPPPqmVHjCoAAAAAAA==/,1745317437,27.6,,,false,38.6,34,false,8c1f64ddb0000155-20250422102357247459,false,true,220,750,2025-04-22T10:23:57.247459Z,32.9,,6,0,1,da8b1f31-b35d-4329-875c-d1e8c3f39f55,0.240,8c1f64ddb0000155,22
attachments/,"""0d002850-0000-0d00-0000-68076e3d0000""",LHocAPPPqmVIjCoAAAAAAA==,dbs/LHocAA==/colls/LHocAPPPqmU=/docs/LHocAPPPqmVIjCoAAAAAAA==/,1745317437,27.6,,,false,,34,false,8c1f64ddb0000155-20250422102127247459,false,true,220,750,2025-04-22T10:21:27.247459Z,33.1,,6,0,1,da8b1f31-b35d-4329-875c-d1e8c3f39f55,0.240,8c1f64ddb0000155,22
attachments/,"""0d009551-0000-0d00-0000-680770950000""",LHocAPPPqmW9jCoAAAAAAA==,dbs/LHocAA==/colls/LHocAPPPqmU=/docs/LHocAPPPqmW9jCoAAAAAAA==/,1745318037,27.6,3.00,1,false,,35,false,8c1f64ddb0000155-20250422102627071446,false,true,220,750,2025-04-22T10:26:27.071446Z,32.7,0,6,0,1,da8b1f31-b35d-4329-875c-d1e8c3f39f55,0.230,8c1f64ddb0000155,22
attachments/,"""0d009651-0000-0d00-0000-680770950000""",LHocAPPPqmW+jCoAAAAAAA==,dbs/LHocAA==/colls/LHocAPPPqmU=/docs/LHocAPPPqmW+jCoAAAAAAA==/,1745318037,27.5,3.00,1,false,37,36,false,8c1f64ddb0000155-20250422103357071446,false,true,220,750,2025-04-22T10:33:57.071446Z,32,0,6,0,1,da8b1f31-b35d-4329-875c-d1e8c3f39f55,0.210,8c1f64ddb0000155,22
attachments/,"""0d009751-0000-0d00-0000-680770950000""",LHocAPPPqmW-jCoAAAAAAA==,dbs/LHocAA==/colls/LHocAPPPqmU=/docs/LHocAPPPqmW-jCoAAAAAAA==/,1745318037,27.6,3.00,1,false,,35,false,8c1f64ddb0000155-20250422102857071446,false,true,220,750,2025-04-22T10:28:57.071446Z,32.5,0,6,0,1,da8b1f31-b35d-4329-875c-d1e8c3f39f55,0.220,8c1f64ddb0000155,22
attachments/,"""0d009851-0000-0d00-0000-680770950000""",LHocAPPPqmXAjCoAAAAAAA==,dbs/LHocAA==/colls/LHocAPPPqmU=/docs/LHocAPPPqmXAjCoAAAAAAA==/,1745318037,27.5,3.00,1,false,,36,false,8c1f64ddb0000155-20250422103127071446,false,true,220,750,2025-04-22T10:31:27.071446Z,32.3,0,6,0,1,da8b1f31-b35d-4329-875c-d1e8c3f39f55,0.210,8c1f64ddb0000155,22
attachments/,"""0d001153-0000-0d00-0000-680772ed0000""",LHocAPPPqmUtjSoAAAAAAA==,dbs/LHocAA==/colls/LHocAPPPqmU=/docs/LHocAPPPqmUtjSoAAAAAAA==/,1745318637,27.5,,,false,,37,false,8c1f64ddb0000155-20250422103856813606,false,true,160,750,2025-04-22T10:38:56.813606Z,31.6,,6,0,1,da8b1f31-b35d-4329-875c-d1e8c3f39f55,0.190,8c1f64ddb0000155,16
attachments/,"""0d001253-0000-0d00-0000-680772ed0000""",LHocAPPPqmUujSoAAAAAAA==,dbs/LHocAA==/colls/LHocAPPPqmU=/docs/LHocAPPPqmUujSoAAAAAAA==/,1745318637,27.5,,,false,,36,false,8c1f64ddb0000155-20250422103626813606,false,true,160,750,2025-04-22T10:36:26.813606Z,31.8,,6,0,1,da8b1f31-b35d-4329-875c-d1e8c3f39f55,0.200,8c1f64ddb0000155,16
attachments/,"""0d001453-0000-0d00-0000-680772ed0000""",LHocAPPPqmUwjSoAAAAAAA==,dbs/LHocAA==/colls/LHocAPPPqmU=/docs/LHocAPPPqmUwjSoAAAAAAA==/,1745318637,27.5,,,false,,37,false,8c1f64ddb0000155-20250422104126813606,false,true,160,750,2025-04-22T10:41:26.813606Z,31.5,,6,0,1,da8b1f31-b35d-4329-875c-d1e8c3f39f55,0.190,8c1f64ddb0000155,16
attachments/,"""0d001553-0000-0d00-0000-680772ed0000""",LHocAPPPqmUxjSoAAAAAAA==,dbs/LHocAA==/colls/LHocAPPPqmU=/docs/LHocAPPPqmUxjSoAAAAAAA==/,1745318637,27.5,,,false,35.6,38,false,8c1f64ddb0000155-20250422104356813606,false,true,160,750,2025-04-22T10:43:56.813606Z,31.2,,6,0,1,da8b1f31-b35d-4329-875c-d1e8c3f39f55,0.180,8c1f64ddb0000155,16
attachments/,"""0d00cc54-0000-0d00-0000-680775470000""",LHocAPPPqmWpjSoAAAAAAA==,dbs/LHocAA==/colls/LHocAPPPqmU=/docs/LHocAPPPqmWpjSoAAAAAAA==/,1745319239,27.4,,,false,34.4,39,false,8c1f64ddb0000155-20250422105358772886,false,true,160,750,2025-04-22T10:53:58.772886Z,30.6,,6,0,1,da8b1f31-b35d-4329-875c-d1e8c3f39f55,0.160,8c1f64ddb0000155,16
attachments/,"""0d00cd54-0000-0d00-0000-680775470000""",LHocAPPPqmWqjSoAAAAAAA==,dbs/LHocAA==/colls/LHocAPPPqmU=/docs/LHocAPPPqmWqjSoAAAAAAA==/,1745319239,27.5,,,false,,38,false,8c1f64ddb0000155-20250422104628772886,false,true,160,750,2025-04-22T10:46:28.772886Z,31.1,,6,0,1,da8b1f31-b35d-4329-875c-d1e8c3f39f55,0.180,8c1f64ddb0000155,16
attachments/,"""0d00ce54-0000-0d00-0000-680775470000""",LHocAPPPqmWrjSoAAAAAAA==,dbs/LHocAA==/colls/LHocAPPPqmU=/docs/LHocAPPPqmWrjSoAAAAAAA==/,1745319239,27.4,,,false,,39,false,8c1f64ddb0000155-20250422104858772886,false,true,160,750,2025-04-22T10:48:58.772886Z,30.9,,6,0,1,da8b1f31-b35d-4329-875c-d1e8c3f39f55,0.170,8c1f64ddb0000155,16
attachments/,"""0d00cf54-0000-0d00-0000-680775470000""",LHocAPPPqmWsjSoAAAAAAA==,dbs/LHocAA==/colls/LHocAPPPqmU=/docs/LHocAPPPqmWsjSoAAAAAAA==/,1745319239,27.4,,,false,,39,false,8c1f64ddb0000155-20250422105128772886,false,true,160,750,2025-04-22T10:51:28.772886Z,30.7,,6,0,1,da8b1f31-b35d-4329-875c-d1e8c3f39f55,0.160,8c1f64ddb0000155,16
attachments/,"""0d006c56-0000-0d00-0000-6807779d0000""",LHocAPPPqmUljioAAAAAAA==,dbs/LHocAA==/colls/LHocAPPPqmU=/docs/LHocAPPPqmUljioAAAAAAA==/,1745319837,27.4,3.00,1,false,,40,false,8c1f64ddb0000155-20250422105857015247,false,true,160,750,2025-04-22T10:58:57.015247Z,30.2,0,6,0,1,da8b1f31-b35d-4329-875c-d1e8c3f39f55,0.150,8c1f64ddb0000155,16
attachments/,"""0d006d56-0000-0d00-0000-6807779d0000""",LHocAPPPqmUmjioAAAAAAA==,dbs/LHocAA==/colls/LHocAPPPqmU=/docs/LHocAPPPqmUmjioAAAAAAA==/,1745319837,27.4,3.00,1,false,,39,false,8c1f64ddb0000155-20250422105627015247,false,true,160,750,2025-04-22T10:56:27.015247Z,30.4,0,6,0,1,da8b1f31-b35d-4329-875c-d1e8c3f39f55,0.150,8c1f64ddb0000155,16
attachments/,"""0d006e56-0000-0d00-0000-6807779d0000""",LHocAPPPqmUnjioAAAAAAA==,dbs/LHocAA==/colls/LHocAPPPqmU=/docs/LHocAPPPqmUnjioAAAAAAA==/,1745319837,27.4,3.00,1,false,,40,false,8c1f64ddb0000155-20250422110127015247,false,true,160,750,2025-04-22T11:01:27.015247Z,30.1,0,6,0,1,da8b1f31-b35d-4329-875c-d1e8c3f39f55,0.150,8c1f64ddb0000155,16
attachments/,"""0d006f56-0000-0d00-0000-6807779d0000""",LHocAPPPqmUojioAAAAAAA==,dbs/LHocAA==/colls/LHocAPPPqmU=/docs/LHocAPPPqmUojioAAAAAAA==/,1745319837,27.4,3.00,1,false,33.4,40,false,8c1f64ddb0000155-20250422110357015247,false,true,160,750,2025-04-22T11:03:57.015247Z,30,0,6,0,1,da8b1f31-b35d-4329-875c-d1e8c3f39f55,0.140,8c1f64ddb0000155,16
attachments/,"""0d00f757-0000-0d00-0000-680779f50000""",LHocAPPPqmWVjioAAAAAAA==,dbs/LHocAA==/colls/LHocAPPPqmU=/docs/LHocAPPPqmWVjioAAAAAAA==/,1745320437,27.3,,,false,,41,false,8c1f64ddb0000155-20250422110857074110,false,true,100,750,2025-04-22T11:08:57.074110Z,29.7,,6,0,1,da8b1f31-b35d-4329-875c-d1e8c3f39f55,0.140,8c1f64ddb0000155,10
attachments/,"""0d00f857-0000-0d00-0000-680779f50000""",LHocAPPPqmWWjioAAAAAAA==,dbs/LHocAA==/colls/LHocAPPPqmU=/docs/LHocAPPPqmWWjioAAAAAAA==/,1745320437,27.4,,,false,,41,false,8c1f64ddb0000155-20250422110627074110,false,true,100,750,2025-04-22T11:06:27.074110Z,29.7,,6,0,1,da8b1f31-b35d-4329-875c-d1e8c3f39f55,0.140,8c1f64ddb0000155,10
attachments/,"""0d00f957-0000-0d00-0000-680779f50000""",LHocAPPPqmWXjioAAAAAAA==,dbs/LHocAA==/colls/LHocAPPPqmU=/docs/LHocAPPPqmWXjioAAAAAAA==/,1745320437,27.3,,,false,,42,false,8c1f64ddb0000155-20250422111127074110,false,true,100,750,2025-04-22T11:11:27.074110Z,29.5,,6,0,1,da8b1f31-b35d-4329-875c-d1e8c3f39f55,0.130,8c1f64ddb0000155,10
attachments/,"""0d00fa57-0000-0d00-0000-680779f50000""",LHocAPPPqmWYjioAAAAAAA==,dbs/LHocAA==/colls/LHocAPPPqmU=/docs/LHocAPPPqmWYjioAAAAAAA==/,1745320437,27.3,,,false,32.5,42,false,8c1f64ddb0000155-20250422111357074110,false,true,100,750,2025-04-22T11:13:57.074110Z,29.4,,6,0,1,da8b1f31-b35d-4329-875c-d1e8c3f39f55,0.130,8c1f64ddb0000155,10
attachments/,"""0d008f59-0000-0d00-0000-68077c4f0000""",LHocAPPPqmUJjyoAAAAAAA==,dbs/LHocAA==/colls/LHocAPPPqmU=/docs/LHocAPPPqmUJjyoAAAAAAA==/,1745321039,27.3,,,false,,43,false,8c1f64ddb0000155-20250422111858848806,false,true,100,750,2025-04-22T11:18:58.848806Z,29.1,,6,0,1,da8b1f31-b35d-4329-875c-d1e8c3f39f55,0.120,8c1f64ddb0000155,10
attachments/,"""0d009059-0000-0d00-0000-68077c4f0000""",LHocAPPPqmUKjyoAAAAAAA==,dbs/LHocAA==/colls/LHocAPPPqmU=/docs/LHocAPPPqmUKjyoAAAAAAA==/,1745321039,27.3,,,false,,42,false,8c1f64ddb0000155-20250422111628848806,false,true,100,750,2025-04-22T11:16:28.848806Z,29.3,,6,0,1,da8b1f31-b35d-4329-875c-d1e8c3f39f55,0.120,8c1f64ddb0000155,10
attachments/,"""0d009159-0000-0d00-0000-68077c4f0000""",LHocAPPPqmULjyoAAAAAAA==,dbs/LHocAA==/colls/LHocAPPPqmU=/docs/LHocAPPPqmULjyoAAAAAAA==/,1745321039,27.3,,,false,,43,false,8c1f64ddb0000155-20250422112128848806,false,true,100,750,2025-04-22T11:21:28.848806Z,29,,6,0,1,da8b1f31-b35d-4329-875c-d1e8c3f39f55,0.120,8c1f64ddb0000155,10
attachments/,"""0d009259-0000-0d00-0000-68077c4f0000""",LHocAPPPqmUMjyoAAAAAAA==,dbs/LHocAA==/colls/LHocAPPPqmU=/docs/LHocAPPPqmUMjyoAAAAAAA==/,1745321039,27.2,,,false,31.7,43,false,8c1f64ddb0000155-20250422112358848806,false,true,100,750,2025-04-22T11:23:58.848806Z,28.9,,6,0,1,da8b1f31-b35d-4329-875c-d1e8c3f39f55,0.120,8c1f64ddb0000155,10
attachments/,"""0d001c5b-0000-0d00-0000-68077ea50000""",LHocAPPPqmV6jyoAAAAAAA==,dbs/LHocAA==/colls/LHocAPPPqmU=/docs/LHocAPPPqmV6jyoAAAAAAA==/,1745321637,27.2,3.00,1,false,,44,false,8c1f64ddb0000155-20250422112627411698,false,true,100,750,2025-04-22T11:26:27.411698Z,28.7,0,6,0,1,da8b1f31-b35d-4329-875c-d1e8c3f39f55,0.110,8c1f64ddb0000155,10
attachments/,"""0d001d5b-0000-0d00-0000-68077ea50000""",LHocAPPPqmV7jyoAAAAAAA==,dbs/LHocAA==/colls/LHocAPPPqmU=/docs/LHocAPPPqmV7jyoAAAAAAA==/,1745321637,27.2,3.00,1,false,,44,false,8c1f64ddb0000155-20250422113127411698,false,true,100,750,2025-04-22T11:31:27.411698Z,28.6,0,6,0,1,da8b1f31-b35d-4329-875c-d1e8c3f39f55,0.110,8c1f64ddb0000155,10
attachments/,"""0d001e5b-0000-0d00-0000-68077ea60000""",LHocAPPPqmV8jyoAAAAAAA==,dbs/LHocAA==/colls/LHocAPPPqmU=/docs/LHocAPPPqmV8jyoAAAAAAA==/,1745321638,27.2,3.00,1,false,,44,false,8c1f64ddb0000155-20250422112857411698,false,true,100,750,2025-04-22T11:28:57.411698Z,28.6,0,6,0,1,da8b1f31-b35d-4329-875c-d1e8c3f39f55,0.110,8c1f64ddb0000155,10
attachments/,"""0d00205b-0000-0d00-0000-68077ea60000""",LHocAPPPqmV+jyoAAAAAAA==,dbs/LHocAA==/colls/LHocAPPPqmU=/docs/LHocAPPPqmV+jyoAAAAAAA==/,1745321638,27.2,3.00,1,false,31.1,44,false,8c1f64ddb0000155-20250422113357411698,false,true,100,750,2025-04-22T11:33:57.411698Z,28.5,0,6,0,1,da8b1f31-b35d-4329-875c-d1e8c3f39f55,0.110,8c1f64ddb0000155,10
attachments/,"""0d00805c-0000-0d00-0000-680780fd0000""",LHocAPPPqmX1jyoAAAAAAA==,dbs/LHocAA==/colls/LHocAPPPqmU=/docs/LHocAPPPqmX1jyoAAAAAAA==/,1745322237,27.2,,,false,,45,false,8c1f64ddb0000155-20250422113626991077,false,true,100,750,2025-04-22T11:36:26.991077Z,28.4,,6,0,1,da8b1f31-b35d-4329-875c-d1e8c3f39f55,0.100,8c1f64ddb0000155,10
attachments/,"""0d00815c-0000-0d00-0000-680780fd0000""",LHocAPPPqmX2jyoAAAAAAA==,dbs/LHocAA==/colls/LHocAPPPqmU=/docs/LHocAPPPqmX2jyoAAAAAAA==/,1745322237,27.1,,,false,,45,false,8c1f64ddb0000155-20250422113856991077,false,true,100,750,2025-04-22T11:38:56.991077Z,28.2,,6,0,1,da8b1f31-b35d-4329-875c-d1e8c3f39f55,0.100,8c1f64ddb0000155,10
attachments/,"""0d00825c-0000-0d00-0000-680780fd0000""",LHocAPPPqmX3jyoAAAAAAA==,dbs/LHocAA==/colls/LHocAPPPqmU=/docs/LHocAPPPqmX3jyoAAAAAAA==/,1745322237,27.1,,,false,,45,false,8c1f64ddb0000155-20250422114126991077,false,true,100,750,2025-04-22T11:41:26.991077Z,28.2,,6,0,1,da8b1f31-b35d-4329-875c-d1e8c3f39f55,0.100,8c1f64ddb0000155,10
attachments/,"""0d00835c-0000-0d00-0000-680780fd0000""",LHocAPPPqmX4jyoAAAAAAA==,dbs/LHocAA==/colls/LHocAPPPqmU=/docs/LHocAPPPqmX4jyoAAAAAAA==/,1745322237,27.1,,,false,30.4,46,false,8c1f64ddb0000155-20250422114356991077,false,true,100,750,2025-04-22T11:43:56.991077Z,28,,6,0,1,da8b1f31-b35d-4329-875c-d1e8c3f39f55,0.0900,8c1f64ddb0000155,10
attachments/,"""0d00fb5d-0000-0d00-0000-680783560000""",LHocAPPPqmVtkCoAAAAAAA==,dbs/LHocAA==/colls/LHocAPPPqmU=/docs/LHocAPPPqmVtkCoAAAAAAA==/,1745322838,27,,,false,,46,false,8c1f64ddb0000155-20250422114858440768,false,true,100,750,2025-04-22T11:48:58.440768Z,27.9,,6,0,1,da8b1f31-b35d-4329-875c-d1e8c3f39f55,0.0900,8c1f64ddb0000155,10
attachments/,"""0d00fc5d-0000-0d00-0000-680783560000""",LHocAPPPqmVukCoAAAAAAA==,dbs/LHocAA==/colls/LHocAPPPqmU=/docs/LHocAPPPqmVukCoAAAAAAA==/,1745322838,27.1,,,false,,46,false,8c1f64ddb0000155-20250422114628440768,false,true,100,750,2025-04-22T11:46:28.440768Z,27.9,,6,0,1,da8b1f31-b35d-4329-875c-d1e8c3f39f55,0.0900,8c1f64ddb0000155,10
attachments/,"""0d00fd5d-0000-0d00-0000-680783560000""",LHocAPPPqmVvkCoAAAAAAA==,dbs/LHocAA==/colls/LHocAPPPqmU=/docs/LHocAPPPqmVvkCoAAAAAAA==/,1745322838,27,,,false,,46,false,8c1f64ddb0000155-20250422115128440768,false,true,100,750,2025-04-22T11:51:28.440768Z,27.8,,6,0,1,da8b1f31-b35d-4329-875c-d1e8c3f39f55,0.0900,8c1f64ddb0000155,10
attachments/,"""0d00fe5d-0000-0d00-0000-680783560000""",LHocAPPPqmVwkCoAAAAAAA==,dbs/LHocAA==/colls/LHocAPPPqmU=/docs/LHocAPPPqmVwkCoAAAAAAA==/,1745322838,27,,,false,29.9,47,false,8c1f64ddb0000155-20250422115358440768,false,true,100,750,2025-04-22T11:53:58.440768Z,27.7,,6,0,1,da8b1f31-b35d-4329-875c-d1e8c3f39f55,0.0900,8c1f64ddb0000155,10
attachments/,"""0d008c5f-0000-0d00-0000-680785ad0000""",LHocAPPPqmXhkCoAAAAAAA==,dbs/LHocAA==/colls/LHocAPPPqmU=/docs/LHocAPPPqmXhkCoAAAAAAA==/,1745323437,26.9,3.00,1,false,29.4,48,false,8c1f64ddb0000155-20250422120357027510,false,true,40,750,2025-04-22T12:03:57.027510Z,27.4,0,6,0,1,da8b1f31-b35d-4329-875c-d1e8c3f39f55,0.0800,8c1f64ddb0000155,4
attachments/,"""0d008d5f-0000-0d00-0000-680785ad0000""",LHocAPPPqmXikCoAAAAAAA==,dbs/LHocAA==/colls/LHocAPPPqmU=/docs/LHocAPPPqmXikCoAAAAAAA==/,1745323437,27,3.00,1,false,,47,false,8c1f64ddb0000155-20250422115627027510,false,true,40,750,2025-04-22T11:56:27.027510Z,27.6,0,6,0,1,da8b1f31-b35d-4329-875c-d1e8c3f39f55,0.0900,8c1f64ddb0000155,4
attachments/,"""0d008e5f-0000-0d00-0000-680785ad0000""",LHocAPPPqmXjkCoAAAAAAA==,dbs/LHocAA==/colls/LHocAPPPqmU=/docs/LHocAPPPqmXjkCoAAAAAAA==/,1745323437,26.9,3.00,1,false,,47,false,8c1f64ddb0000155-20250422115857027510,false,true,40,750,2025-04-22T11:58:57.027510Z,27.5,0,6,0,1,da8b1f31-b35d-4329-875c-d1e8c3f39f55,0.0800,8c1f64ddb0000155,4
attachments/,"""0d008f5f-0000-0d00-0000-680785ad0000""",LHocAPPPqmXkkCoAAAAAAA==,dbs/LHocAA==/colls/LHocAPPPqmU=/docs/LHocAPPPqmXkkCoAAAAAAA==/,1745323437,26.9,3.00,1,false,,48,false,8c1f64ddb0000155-20250422120127027510,false,true,40,750,2025-04-22T12:01:27.027510Z,27.5,0,6,0,1,da8b1f31-b35d-4329-875c-d1e8c3f39f55,0.0800,8c1f64ddb0000155,4
attachments/,"""0d00fc60-0000-0d00-0000-680788070000""",LHocAPPPqmVekSoAAAAAAA==,dbs/LHocAA==/colls/LHocAPPPqmU=/docs/LHocAPPPqmVekSoAAAAAAA==/,1745324039,26.9,,,false,,48,false,8c1f64ddb0000155-20250422120858781866,false,true,0,750,2025-04-22T12:08:58.781866Z,27.2,,6,0,1,da8b1f31-b35d-4329-875c-d1e8c3f39f55,0.0800,8c1f64ddb0000155,0
attachments/,"""0d00fd60-0000-0d00-0000-680788070000""",LHocAPPPqmVfkSoAAAAAAA==,dbs/LHocAA==/colls/LHocAPPPqmU=/docs/LHocAPPPqmVfkSoAAAAAAA==/,1745324039,26.9,,,false,,48,false,8c1f64ddb0000155-20250422120628781866,false,true,0,750,2025-04-22T12:06:28.781866Z,27.3,,6,0,1,da8b1f31-b35d-4329-875c-d1e8c3f39f55,0.0800,8c1f64ddb0000155,0
attachments/,"""0d00fe60-0000-0d00-0000-680788070000""",LHocAPPPqmVgkSoAAAAAAA==,dbs/LHocAA==/colls/LHocAPPPqmU=/docs/LHocAPPPqmVgkSoAAAAAAA==/,1745324039,26.8,,,false,,48,false,8c1f64ddb0000155-20250422121128781866,false,true,0,750,2025-04-22T12:11:28.781866Z,27.2,,6,0,1,da8b1f31-b35d-4329-875c-d1e8c3f39f55,0.0800,8c1f64ddb0000155,0
attachments/,"""0d00ff60-0000-0d00-0000-680788070000""",LHocAPPPqmVhkSoAAAAAAA==,dbs/LHocAA==/colls/LHocAPPPqmU=/docs/LHocAPPPqmVhkSoAAAAAAA==/,1745324039,26.8,,,false,29,49,false,8c1f64ddb0000155-20250422121358781866,false,true,0,750,2025-04-22T12:13:58.781866Z,27.1,,6,0,1,da8b1f31-b35d-4329-875c-d1e8c3f39f55,0.0800,8c1f64ddb0000155,0
attachments/,"""0d005662-0000-0d00-0000-68078a5d0000""",LHocAPPPqmXSkSoAAAAAAA==,dbs/LHocAA==/colls/LHocAPPPqmU=/docs/LHocAPPPqmXSkSoAAAAAAA==/,1745324637,26.8,,,false,,49,false,8c1f64ddb0000155-20250422121626559417,false,true,0,750,2025-04-22T12:16:26.559417Z,27,,6,0,1,da8b1f31-b35d-4329-875c-d1e8c3f39f55,0.0700,8c1f64ddb0000155,0
attachments/,"""0d005762-0000-0d00-0000-68078a5d0000""",LHocAPPPqmXTkSoAAAAAAA==,dbs/LHocAA==/colls/LHocAPPPqmU=/docs/LHocAPPPqmXTkSoAAAAAAA==/,1745324637,26.8,,,false,,49,false,8c1f64ddb0000155-20250422121856559417,false,true,0,750,2025-04-22T12:18:56.559417Z,26.9,,6,0,1,da8b1f31-b35d-4329-875c-d1e8c3f39f55,0.0700,8c1f64ddb0000155,0
attachments/,"""0d005862-0000-0d00-0000-68078a5d0000""",LHocAPPPqmXUkSoAAAAAAA==,dbs/LHocAA==/colls/LHocAPPPqmU=/docs/LHocAPPPqmXUkSoAAAAAAA==/,1745324637,26.7,,,false,,49,false,8c1f64ddb0000155-20250422122126559417,false,true,0,750,2025-04-22T12:21:26.559417Z,26.9,,6,0,1,da8b1f31-b35d-4329-875c-d1e8c3f39f55,0.0700,8c1f64ddb0000155,0
attachments/,"""0d005a62-0000-0d00-0000-68078a5d0000""",LHocAPPPqmXWkSoAAAAAAA==,dbs/LHocAA==/colls/LHocAPPPqmU=/docs/LHocAPPPqmXWkSoAAAAAAA==/,1745324637,26.7,,,false,28.6,50,false,8c1f64ddb0000155-20250422122356559417,false,true,0,750,2025-04-22T12:23:56.559417Z,26.8,,6,0,1,da8b1f31-b35d-4329-875c-d1e8c3f39f55,0.0700,8c1f64ddb0000155,0
attachments/,"""0d002064-0000-0d00-0000-68078cb70000""",LHocAPPPqmVOkioAAAAAAA==,dbs/LHocAA==/colls/LHocAPPPqmU=/docs/LHocAPPPqmVOkioAAAAAAA==/,1745325239,26.6,2.99,1,false,,50,false,8c1f64ddb0000155-20250422122858791321,false,true,0,750,2025-04-22T12:28:58.791321Z,26.7,0,6,0,1,da8b1f31-b35d-4329-875c-d1e8c3f39f55,0.0700,8c1f64ddb0000155,0
attachments/,"""0d002164-0000-0d00-0000-68078cb70000""",LHocAPPPqmVPkioAAAAAAA==,dbs/LHocAA==/colls/LHocAPPPqmU=/docs/LHocAPPPqmVPkioAAAAAAA==/,1745325239,26.7,2.99,1,false,,50,false,8c1f64ddb0000155-20250422122628791321,false,true,0,750,2025-04-22T12:26:28.791321Z,26.7,0,6,0,1,da8b1f31-b35d-4329-875c-d1e8c3f39f55,0.0700,8c1f64ddb0000155,0
attachments/,"""0d002264-0000-0d00-0000-68078cb70000""",LHocAPPPqmVQkioAAAAAAA==,dbs/LHocAA==/colls/LHocAPPPqmU=/docs/LHocAPPPqmVQkioAAAAAAA==/,1745325239,26.6,2.99,1,false,,51,false,8c1f64ddb0000155-20250422123128791321,false,true,0,750,2025-04-22T12:31:28.791321Z,26.6,0,6,0,1,da8b1f31-b35d-4329-875c-d1e8c3f39f55,0.0700,8c1f64ddb0000155,0
attachments/,"""0d002364-0000-0d00-0000-68078cb80000""",LHocAPPPqmVRkioAAAAAAA==,dbs/LHocAA==/colls/LHocAPPPqmU=/docs/LHocAPPPqmVRkioAAAAAAA==/,1745325240,26.6,2.99,1,false,28.2,51,false,8c1f64ddb0000155-20250422123358791321,false,true,0,750,2025-04-22T12:33:58.791321Z,26.5,0,6,0,1,da8b1f31-b35d-4329-875c-d1e8c3f39f55,0.0600,8c1f64ddb0000155,0
attachments/,"""0d00bf65-0000-0d00-0000-68078f0f0000""",LHocAPPPqmXGkioAAAAAAA==,dbs/LHocAA==/colls/LHocAPPPqmU=/docs/LHocAPPPqmXGkioAAAAAAA==/,1745325839,26.5,,,false,,51,false,8c1f64ddb0000155-20250422123859068612,false,true,0,750,2025-04-22T12:38:59.068612Z,26.4,,6,0,1,da8b1f31-b35d-4329-875c-d1e8c3f39f55,0.0600,8c1f64ddb0000155,0
attachments/,"""0d00c165-0000-0d00-0000-68078f0f0000""",LHocAPPPqmXHkioAAAAAAA==,dbs/LHocAA==/colls/LHocAPPPqmU=/docs/LHocAPPPqmXHkioAAAAAAA==/,1745325839,26.6,,,false,,51,false,8c1f64ddb0000155-20250422123629068612,false,true,0,750,2025-04-22T12:36:29.068612Z,26.5,,6,0,1,da8b1f31-b35d-4329-875c-d1e8c3f39f55,0.0600,8c1f64ddb0000155,0
attachments/,"""0d00c265-0000-0d00-0000-68078f0f0000""",LHocAPPPqmXIkioAAAAAAA==,dbs/LHocAA==/colls/LHocAPPPqmU=/docs/LHocAPPPqmXIkioAAAAAAA==/,1745325839,26.5,,,false,,51,false,8c1f64ddb0000155-20250422124129068612,false,true,0,750,2025-04-22T12:41:29.068612Z,26.3,,6,0,1,da8b1f31-b35d-4329-875c-d1e8c3f39f55,0.0600,8c1f64ddb0000155,0
attachments/,"""0d00c365-0000-0d00-0000-68078f0f0000""",LHocAPPPqmXJkioAAAAAAA==,dbs/LHocAA==/colls/LHocAPPPqmU=/docs/LHocAPPPqmXJkioAAAAAAA==/,1745325839,26.5,,,false,27.9,52,false,8c1f64ddb0000155-20250422124359068612,false,true,0,750,2025-04-22T12:43:59.068612Z,26.3,,6,0,1,da8b1f31-b35d-4329-875c-d1e8c3f39f55,0.0600,8c1f64ddb0000155,0
attachments/,"""0d00bd68-0000-0d00-0000-680793bd0000""",LHocAPPPqmWukyoAAAAAAA==,dbs/LHocAA==/colls/LHocAPPPqmU=/docs/LHocAPPPqmWukyoAAAAAAA==/,1745327037,26.3,2.99,1,false,,53,false,8c1f64ddb0000155-20250422125626912452,false,true,0,750,2025-04-22T12:56:26.912452Z,26,0,6,0,1,da8b1f31-b35d-4329-875c-d1e8c3f39f55,0.0600,8c1f64ddb0000155,0
attachments/,"""0d00be68-0000-0d00-0000-680793bd0000""",LHocAPPPqmWvkyoAAAAAAA==,dbs/LHocAA==/colls/LHocAPPPqmU=/docs/LHocAPPPqmWvkyoAAAAAAA==/,1745327037,26.3,2.99,1,false,,53,false,8c1f64ddb0000155-20250422125856912452,false,true,0,750,2025-04-22T12:58:56.912452Z,26,0,6,0,1,da8b1f31-b35d-4329-875c-d1e8c3f39f55,0.0600,8c1f64ddb0000155,0
attachments/,"""0d00bf68-0000-0d00-0000-680793bd0000""",LHocAPPPqmWwkyoAAAAAAA==,dbs/LHocAA==/colls/LHocAPPPqmU=/docs/LHocAPPPqmWwkyoAAAAAAA==/,1745327037,26.3,2.99,1,false,,53,false,8c1f64ddb0000155-20250422130126912452,false,true,0,750,2025-04-22T13:01:26.912452Z,25.9,0,6,0,1,da8b1f31-b35d-4329-875c-d1e8c3f39f55,0.0600,8c1f64ddb0000155,0
attachments/,"""0d00c068-0000-0d00-0000-680793bd0000""",LHocAPPPqmWxkyoAAAAAAA==,dbs/LHocAA==/colls/LHocAPPPqmU=/docs/LHocAPPPqmWxkyoAAAAAAA==/,1745327037,26.2,2.99,1,false,27.3,53,false,8c1f64ddb0000155-20250422130356912452,false,true,0,750,2025-04-22T13:03:56.912452Z,25.9,0,6,0,1,da8b1f31-b35d-4329-875c-d1e8c3f39f55,0.0600,8c1f64ddb0000155,0
attachments/,"""0d00346a-0000-0d00-0000-680796150000""",LHocAPPPqmUqlCoAAAAAAA==,dbs/LHocAA==/colls/LHocAPPPqmU=/docs/LHocAPPPqmUqlCoAAAAAAA==/,1745327637,26.2,,,false,,53,false,8c1f64ddb0000155-20250422130626800369,false,true,0,750,2025-04-22T13:06:26.800369Z,25.8,,6,0,1,da8b1f31-b35d-4329-875c-d1e8c3f39f55,0.0500,8c1f64ddb0000155,0
attachments/,"""0d00356a-0000-0d00-0000-680796150000""",LHocAPPPqmUrlCoAAAAAAA==,dbs/LHocAA==/colls/LHocAPPPqmU=/docs/LHocAPPPqmUrlCoAAAAAAA==/,1745327637,26.1,,,false,27.1,54,false,8c1f64ddb0000155-20250422131356800369,false,true,0,750,2025-04-22T13:13:56.800369Z,25.7,,6,0,1,da8b1f31-b35d-4329-875c-d1e8c3f39f55,0.0500,8c1f64ddb0000155,0
attachments/,"""0d00366a-0000-0d00-0000-680796150000""",LHocAPPPqmUslCoAAAAAAA==,dbs/LHocAA==/colls/LHocAPPPqmU=/docs/LHocAPPPqmUslCoAAAAAAA==/,1745327637,26.2,,,false,,53,false,8c1f64ddb0000155-20250422130856800369,false,true,0,750,2025-04-22T13:08:56.800369Z,25.8,,6,0,1,da8b1f31-b35d-4329-875c-d1e8c3f39f55,0.0500,8c1f64ddb0000155,0
attachments/,"""0d00376a-0000-0d00-0000-680796150000""",LHocAPPPqmUtlCoAAAAAAA==,dbs/LHocAA==/colls/LHocAPPPqmU=/docs/LHocAPPPqmUtlCoAAAAAAA==/,1745327637,26.2,,,false,,54,false,8c1f64ddb0000155-20250422131126800369,false,true,0,750,2025-04-22T13:11:26.800369Z,25.7,,6,0,1,da8b1f31-b35d-4329-875c-d1e8c3f39f55,0.0500,8c1f64ddb0000155,0
attachments/,"""0d00cd6b-0000-0d00-0000-6807986e0000""",LHocAPPPqmWilCoAAAAAAA==,dbs/LHocAA==/colls/LHocAPPPqmU=/docs/LHocAPPPqmWilCoAAAAAAA==/,1745328238,26.1,,,false,,54,false,8c1f64ddb0000155-20250422131627820590,false,true,0,750,2025-04-22T13:16:27.820590Z,25.7,,6,0,1,da8b1f31-b35d-4329-875c-d1e8c3f39f55,0.0500,8c1f64ddb0000155,0
attachments/,"""0d00ce6b-0000-0d00-0000-6807986e0000""",LHocAPPPqmWjlCoAAAAAAA==,dbs/LHocAA==/colls/LHocAPPPqmU=/docs/LHocAPPPqmWjlCoAAAAAAA==/,1745328238,26.1,,,false,,54,false,8c1f64ddb0000155-20250422131857820590,false,true,0,750,2025-04-22T13:18:57.820590Z,25.6,,6,0,1,da8b1f31-b35d-4329-875c-d1e8c3f39f55,0.0500,8c1f64ddb0000155,0
attachments/,"""0d00cf6b-0000-0d00-0000-6807986e0000""",LHocAPPPqmWklCoAAAAAAA==,dbs/LHocAA==/colls/LHocAPPPqmU=/docs/LHocAPPPqmWklCoAAAAAAA==/,1745328238,26,,,false,,54,false,8c1f64ddb0000155-20250422132127820590,false,true,0,750,2025-04-22T13:21:27.820590Z,25.6,,6,0,1,da8b1f31-b35d-4329-875c-d1e8c3f39f55,0.0500,8c1f64ddb0000155,0
attachments/,"""0d00d06b-0000-0d00-0000-6807986e0000""",LHocAPPPqmWllCoAAAAAAA==,dbs/LHocAA==/colls/LHocAPPPqmU=/docs/LHocAPPPqmWllCoAAAAAAA==/,1745328238,26,,,false,26.8,54,false,8c1f64ddb0000155-20250422132357820590,false,true,0,750,2025-04-22T13:23:57.820590Z,25.5,,6,0,1,da8b1f31-b35d-4329-875c-d1e8c3f39f55,0.0500,8c1f64ddb0000155,0
attachments/,"""0d000d6e-0000-0d00-0000-68079ac60000""",LHocAPPPqmUalSoAAAAAAA==,dbs/LHocAA==/colls/LHocAPPPqmU=/docs/LHocAPPPqmUalSoAAAAAAA==/,1745328838,26,2.99,1,false,,54,false,8c1f64ddb0000155-20250422132628375005,false,true,44,750,2025-04-22T13:26:28.375005Z,25.5,0,6,0,1,da8b1f31-b35d-4329-875c-d1e8c3f39f55,0.0500,8c1f64ddb0000155,4
attachments/,"""0d000e6e-0000-0d00-0000-68079ac60000""",LHocAPPPqmUblSoAAAAAAA==,dbs/LHocAA==/colls/LHocAPPPqmU=/docs/LHocAPPPqmUblSoAAAAAAA==/,1745328838,26,2.99,1,false,,55,false,8c1f64ddb0000155-20250422132858375005,false,true,44,750,2025-04-22T13:28:58.375005Z,25.4,0,6,0,1,da8b1f31-b35d-4329-875c-d1e8c3f39f55,0.0500,8c1f64ddb0000155,4
attachments/,"""0d000f6e-0000-0d00-0000-68079ac60000""",LHocAPPPqmUclSoAAAAAAA==,dbs/LHocAA==/colls/LHocAPPPqmU=/docs/LHocAPPPqmUclSoAAAAAAA==/,1745328838,25.9,2.99,1,false,,55,false,8c1f64ddb0000155-20250422133128375005,false,true,44,750,2025-04-22T13:31:28.375005Z,25.4,0,6,0,1,da8b1f31-b35d-4329-875c-d1e8c3f39f55,0.0500,8c1f64ddb0000155,4
attachments/,"""0d00106e-0000-0d00-0000-68079ac70000""",LHocAPPPqmUdlSoAAAAAAA==,dbs/LHocAA==/colls/LHocAPPPqmU=/docs/LHocAPPPqmUdlSoAAAAAAA==/,1745328839,25.9,2.99,1,false,26.6,55,false,8c1f64ddb0000155-20250422133358375005,false,true,44,750,2025-04-22T13:33:58.375005Z,25.4,0,6,0,1,da8b1f31-b35d-4329-875c-d1e8c3f39f55,0.0500,8c1f64ddb0000155,4
attachments/,"""0d00a26f-0000-0d00-0000-68079d1d0000""",LHocAPPPqmWSlSoAAAAAAA==,dbs/LHocAA==/colls/LHocAPPPqmU=/docs/LHocAPPPqmWSlSoAAAAAAA==/,1745329437,25.8,,,false,,55,false,8c1f64ddb0000155-20250422133857135900,false,true,104,750,2025-04-22T13:38:57.135900Z,25.3,,6,0,1,da8b1f31-b35d-4329-875c-d1e8c3f39f55,0.0400,8c1f64ddb0000155,10
attachments/,"""0d00a36f-0000-0d00-0000-68079d1d0000""",LHocAPPPqmWTlSoAAAAAAA==,dbs/LHocAA==/colls/LHocAPPPqmU=/docs/LHocAPPPqmWTlSoAAAAAAA==/,1745329437,25.9,,,false,,55,false,8c1f64ddb0000155-20250422133627135900,false,true,104,750,2025-04-22T13:36:27.135900Z,25.3,,6,0,1,da8b1f31-b35d-4329-875c-d1e8c3f39f55,0.0500,8c1f64ddb0000155,10
attachments/,"""0d00a46f-0000-0d00-0000-68079d1d0000""",LHocAPPPqmWUlSoAAAAAAA==,dbs/LHocAA==/colls/LHocAPPPqmU=/docs/LHocAPPPqmWUlSoAAAAAAA==/,1745329437,25.8,,,false,,55,false,8c1f64ddb0000155-20250422134127135900,false,true,104,750,2025-04-22T13:41:27.135900Z,25.3,,6,0,1,da8b1f31-b35d-4329-875c-d1e8c3f39f55,0.0400,8c1f64ddb0000155,10
attachments/,"""0d00a56f-0000-0d00-0000-68079d1e0000""",LHocAPPPqmWVlSoAAAAAAA==,dbs/LHocAA==/colls/LHocAPPPqmU=/docs/LHocAPPPqmWVlSoAAAAAAA==/,1745329438,25.8,,,false,26.4,55,false,8c1f64ddb0000155-20250422134357135900,false,true,104,750,2025-04-22T13:43:57.135900Z,25.3,,6,0,1,da8b1f31-b35d-4329-875c-d1e8c3f39f55,0.0400,8c1f64ddb0000155,10
attachments/,"""0d002371-0000-0d00-0000-68079f770000""",LHocAPPPqmUMlioAAAAAAA==,dbs/LHocAA==/colls/LHocAPPPqmU=/docs/LHocAPPPqmUMlioAAAAAAA==/,1745330039,25.8,,,false,,56,false,8c1f64ddb0000155-20250422134628648064,false,true,104,750,2025-04-22T13:46:28.648064Z,25.2,,6,0,1,da8b1f31-b35d-4329-875c-d1e8c3f39f55,0.0400,8c1f64ddb0000155,10
attachments/,"""0d002471-0000-0d00-0000-68079f770000""",LHocAPPPqmUNlioAAAAAAA==,dbs/LHocAA==/colls/LHocAPPPqmU=/docs/LHocAPPPqmUNlioAAAAAAA==/,1745330039,25.7,,,false,,56,false,8c1f64ddb0000155-20250422134858648064,false,true,104,750,2025-04-22T13:48:58.648064Z,25.2,,6,0,1,da8b1f31-b35d-4329-875c-d1e8c3f39f55,0.0400,8c1f64ddb0000155,10